pathway,ontology,frozen,locus,symbol,description,probe,added_rev3,reason
Quorum sensing and biofilm,curated,2026-09-08,PA3361,lecB,hypothetical protein ,PA3361_at,,
Quorum sensing and biofilm,curated,2026-09-08,PA3540,algD,GDP-mannose 6-dehydrogenase AlgD ,PA3540_algD_at,,
Quorum sensing and biofilm,curated,2026-09-08,PA3541,alg8,alginate biosynthesis protein Alg8 ,PA3541_at,,
Quorum sensing and biofilm,curated,2026-09-08,PA3542,alg44,alginate biosynthesis protein Alg44 ,PA3542_at,,
Quorum sensing and biofilm,curated,2026-09-08,PA3543,algK,alginate biosynthetic protein AlgK precursor ,PA3543_algK_at,,
Quorum sensing and biofilm,curated,2026-09-08,PA3544,algE,outer membrane protein AlgE ,PA3544_algE_at,,
Quorum sensing and biofilm,curated,2026-09-08,PA3545,algG,alginate-c5-mannuronan-epimerase AlgG ,PA3545_algG_at,,
Quorum sensing and biofilm,curated,2026-09-08,PA3546,algX,alginate biosynthesis protein AlgX ,PA3546_algX_at,,
Quorum sensing and biofilm,curated,2026-09-08,PA3547,algL,poly(beta-d-mannuronate) lyase precursor AlgL ,PA3547_algL_at,,
Quorum sensing and biofilm,curated,2026-09-08,PA3548,algI,alginate o-acetyltransferase AlgI ,PA3548_algI_at,,
Anaerobic respiration,curated,2026-09-08,PA5171,arcA,arginine deiminase ,PA5171_arcA_at,,
Quorum sensing and biofilm,curated,2026-09-08,PA3550,algF,alginate o-acetyltransferase AlgF ,PA3550_algF_at,,
Quorum sensing and biofilm,curated,2026-09-08,PA3551,algA,phosphomannose isomerase ,PA3551_algA_at,,
Quorum sensing and biofilm,curated,2026-09-08,PA5322,algC,phosphomannomutase AlgC ,PA5322_algC_at,,
Quorum sensing and biofilm,curated,2026-09-08,PA5261,algR,alginate biosynthesis regulatory protein AlgR ,PA5261_algR_at,,
Quorum sensing and biofilm,curated,2026-09-08,PA5262,algZ,alginate biosynthesis protein AlgZ,PA5262_algZ_at,,
Quorum sensing and biofilm,curated,2026-09-08,PA5253,algP,alginate regulatory protein AlgP ,PA5253_algP_at,,
Quorum sensing and biofilm,curated,2026-09-08,PA5255,algQ,Alginate regulatory protein AlgQ ,PA5255_algQ_at,,
Quorum sensing and biofilm,curated,2026-09-08,PA4446,algW,AlgW protein ,PA4446_algW_at,,
Quorum sensing and biofilm,curated,2026-09-08,PA0764,mucB,negative regulator for alginate biosynthesis MucB ,PA0764_mucB_at,,
Quorum sensing and biofilm,curated,2026-09-08,PA0765,mucC,positive regulator for alginate biosynthesis MucC ,PA0765_mucC_at,,
Quorum sensing and biofilm,curated,2026-09-08,PA0766,mucD,serine protease MucD precursor ,PA0766_mucD_at,,
Quorum sensing and biofilm,curated,2026-09-08,PA3549,algJ,alginate o-acetyltransferase AlgJ ,PA3549_algJ_at,,
Quorum sensing and biofilm,curated,2026-09-08,PA1432,lasI,autoinducer synthesis protein LasI ,PA1432_lasI_at,,
Quorum sensing and biofilm,curated,2026-09-08,PA1430,lasR,transcriptional regulator LasR ,PA1430_lasR_at,,
Quorum sensing and biofilm,curated,2026-09-08,PA3476,rhlI,autoinducer synthesis protein RhlL ,PA3476_rhlL_at,,
Quorum sensing and biofilm,curated,2026-09-08,PA3477,rhlR,transcriptional regulator RhlR ,PA3477_rhlR_at,,
Quorum sensing and biofilm,curated,2026-09-08,PA0996,pqsA,probable coenzyme A ligase ,PA0996_at,,
Quorum sensing and biofilm,curated,2026-09-08,PA0997,pqsB,hypothetical protein ,PA0997_at,,
Quorum sensing and biofilm,curated,2026-09-08,PA0998,pqsC,hypothetical protein ,PA0998_at,,
Quorum sensing and biofilm,curated,2026-09-08,PA0999,pqsD,3-oxoacyl-[acyl-carrier-protein] synthase III ,PA0999_fabH1_at,,
Quorum sensing and biofilm,curated,2026-09-08,PA1000,pqsE,hypothetical protein ,PA1000_at,,
Quorum sensing and biofilm,curated,2026-09-08,PA2587,pqsH,probable FAD-dependent monooxygenase ,PA2587_at,,
Quorum sensing and biofilm,curated,2026-09-08,PA2570,pa1L,PA-I galactophilic lectin ,PA2570_pa1L_at,,
Quorum sensing and biofilm,curated,2026-09-08,PA1431,rsaL,regulatory protein RsaL ,PA1431_rsaL_at,,
Quorum sensing and biofilm,curated,2026-09-08,PA1898,qscR,probable transcriptional regulator ,PA1898_at,,
Quorum sensing and biofilm,curated,2026-09-08,PA4210,phzA1 /// phzA2,probable phenazine biosynthesis protein ,PA4210_s_at,,
Quorum sensing and biofilm,curated,2026-09-08,PA4211,phzB1 /// phzB2,probable phenazine biosynthesis protein ,PA4211_g_at,,
Quorum sensing and biofilm,curated,2026-09-08,PA1901,phzC1 /// phzC2,phenazine biosynthesis protein PhzC ,PA1901_s_at,,
Quorum sensing and biofilm,curated,2026-09-08,PA1902,phzD1 /// phzD2,phenazine biosynthesis protein PhzD ,PA1902_s_at,,
Quorum sensing and biofilm,curated,2026-09-08,PA1903,phzE1 /// phzE2,phenazine biosynthesis protein PhzE ,PA1903_s_at,,
Quorum sensing and biofilm,curated,2026-09-08,PA1904,phzF1 /// phzF2,probable phenazine biosynthesis protein ,PA1904_s_at,,
Quorum sensing and biofilm,curated,2026-09-08,PA1905,phzG2,probable pyridoxamine 5'-phosphate oxidase ,PA1905_s_at,,
Quorum sensing and biofilm,curated,2026-09-08,PA4209,phzM,probable O-methyltransferase ,PA4209_at,,
Quorum sensing and biofilm,curated,2026-09-08,PA0051,phzH,probable glutamine amidotransferase ,PA0051_at,,
Quorum sensing and biofilm,curated,2026-09-08,PA1003,mvfR,probable transcriptional regulator ,PA1003_at,,
Iron uptake and storage,curated,2026-09-08,PA0151,---,probable TonB-dependent receptor ,PA0151_at,,
Iron uptake and storage,curated,2026-09-08,PA0192,---,probable TonB-dependent receptor ,PA0192_at,,
Iron uptake and storage,curated,2026-09-08,PA1271,---,probable tonB-dependent receptor ,PA1271_at,,
Iron uptake and storage,curated,2026-09-08,PA1322,---,probable TonB-dependent receptor ,PA1322_at,,
Iron uptake and storage,curated,2026-09-08,PA1910,---,probable tonB-dependent receptor protein ,PA1910_at,,
Iron uptake and storage,curated,2026-09-08,PA1922,---,probable TonB-dependent receptor ,PA1922_at,,
Iron uptake and storage,curated,2026-09-08,PA4230,pchB,salicylate biosynthesis protein PchB ,PA4230_pchB_at,,
Iron uptake and storage,curated,2026-09-08,PA4231,pchA,salicylate biosynthesis isochorismate synthase ,PA4231_pchA_at,,
Iron uptake and storage,curated,2026-09-10,PA2392,pvdP,hypothetical protein ,PA2392_at,yes,"pvdP, pyoverdine biosynthesis"
Iron uptake and storage,curated,2026-09-10,PA2394,pvdN,probable aminotransferase ,PA2394_at,yes,"pvdN, pyoverdine biosynthesis"
Iron uptake and storage,curated,2026-09-08,PA4228,pchD,pyochelin biosynthesis protein PchD ,PA4228_pchD_at,,
Iron uptake and storage,curated,2026-09-10,PA2400,pvdJ,probable non-ribosomal peptide synthetase ,PA2400_at,yes,"pvdJ, pyoverdine biosynthesis"
Iron uptake and storage,curated,2026-09-10,PA2413,pvdH,probable class III aminotransferase ,PA2413_at,yes,"pvdH, pyoverdine biosynthesis"
Iron uptake and storage,curated,2026-09-10,PA2424,pvdL,probable non-ribosomal peptide synthetase ,PA2424_at,yes,"pvdL, pyoverdine biosynthesis"
Iron uptake and storage,curated,2026-09-10,PA2425,pvdG,probable thioesterase ,PA2425_at,yes,"pvdG, pyoverdine biosynthesis"
Iron uptake and storage,curated,2026-09-10,PA3901,fecA,Fe(III) dicitrate transport protein FecA ,PA3901_fecA_at,yes,"fecA, ferric dicitrate transport"
Iron uptake and storage,curated,2026-09-10,PA4688,hitB,iron (III)-transport system permease HitB ,PA4688_hitB_at,yes,"hitB, iron(III) transport permease"
Iron uptake and storage,curated,2026-09-10,PA0198,exbB1,transport protein ExbB ,PA0198_exbB1_at,yes,"exbB1, energizes TonB-dependent transport"
Iron uptake and storage,curated,2026-09-10,PA0199,exbD1,transport protein ExbD ,PA0199_exbD1_at,yes,"exbD1, energizes TonB-dependent transport"
Iron uptake and storage,curated,2026-09-10,PA0693,exbB2,transport protein ExbB2 ,PA0693_exbB2_at,yes,"exbB2, energizes TonB-dependent transport"
Iron uptake and storage,curated,2026-09-10,PA0694,exbD2,transport protein ExbD ,PA0694_exbD2_at,yes,"exbD2, energizes TonB-dependent transport"
Oxidative stress response,curated,2026-09-10,PA2850,ohr,organic hydroperoxide resistance protein ,PA2850_ohr_at,yes,"ohr, organic hydroperoxide resistance"
Iron uptake and storage,curated,2026-09-10,PA2395,pvdO,hypothetical protein ,PA2395_at,yes,"pvdO, pyoverdine biosynthesis"
Iron uptake and storage,curated,2026-09-08,PA4226,pchE,dihydroaeruginoic acid synthetase ,PA4226_pchE_at,,
Iron uptake and storage,curated,2026-09-08,PA4225,pchF,pyochelin synthetase ,PA4225_pchF_at,,
Iron uptake and storage,curated,2026-09-08,PA4224,pchG,hypothetical protein ,PA4224_at,,
Iron uptake and storage,curated,2026-09-08,PA4227,pchR,transcriptional regulator PchR ,PA4227_pchR_at,,
Iron uptake and storage,curated,2026-09-08,PA2398,fpvA,ferripyoverdine receptor ,PA2398_fpvA_at,,
Iron uptake and storage,curated,2026-09-08,PA4221,fptA,Fe(III)-pyochelin receptor precursor ,PA4221_fptA_at,,
Iron uptake and storage,curated,2026-09-08,PA2426,pvdS,sigma factor PvdS ,PA2426_pvdS_at,,
Iron uptake and storage,curated,2026-09-08,PA4159,fepB,ferrienterobactin-binding periplasmic protein precursor FepB ,PA4159_fepB_at,,
Iron uptake and storage,curated,2026-09-08,PA4158,fepC,ferric enterobactin transport protein FepC ,PA4158_fepC_at,,
Iron uptake and storage,curated,2026-09-08,PA4160,fepD,ferric enterobactin transport protein FepD ,PA4160_fepD_at,,
Iron uptake and storage,curated,2026-09-08,PA4161,fepG,ferric enterobactin transport protein FepG ,PA4161_fepG_at,,
Iron uptake and storage,curated,2026-09-08,PA5531,tonB,TonB protein ,PA5531_tonB_at,,
Iron uptake and storage,curated,2026-09-08,PA0931,---,siderophore receptor protein ,PA0931_at,,
Iron uptake and storage,curated,2026-09-08,PA1365,---,probable siderophore receptor ,PA1365_at,,
Iron uptake and storage,curated,2026-09-08,PA3407,hasAp,heme acquisition protein HasAp ,PA3407_hasAp_at,,
Iron uptake and storage,curated,2026-09-08,PA3408,hasR,heme acquisition protein HasR ,PA3408_hasR_at,,
Iron uptake and storage,curated,2026-09-08,PA4710,phuR,probable outer membrane hemin receptor ,PA4710_at,,
Iron uptake and storage,curated,2026-09-08,PA0672,hemO,hypothetical protein ,PA0672_at,,
Iron uptake and storage,curated,2026-09-08,PA1302,---,probable heme utilization protein precursor ,PA1302_at,,
Iron uptake and storage,curated,2026-09-08,PA4358,---,probable ferrous iron transport protein ,PA4358_at,,
Iron uptake and storage,curated,2026-09-08,PA4687,hitA,ferric iron-binding periplasmic protein HitA ,PA4687_hitA_at,,
Iron uptake and storage,curated,2026-09-08,PA5216,---,probable permease of ABC iron transporter ,PA5216_at,,
Iron uptake and storage,curated,2026-09-08,PA5217,---,probable binding protein component of ABC iron transporter ,PA5217_at,,
Iron uptake and storage,curated,2026-09-08,PA0470,---,probable hydroxamate-type ferrisiderophore receptor ,PA0470_at,,
Quorum sensing and biofilm,curated,2026-09-10,PA2239,pslI,probable transferase ,PA2239_at,yes,"psl operon, biofilm exopolysaccharide"
Quorum sensing and biofilm,curated,2026-09-10,PA2238,pslH,hypothetical protein ,PA2238_at,yes,"psl operon, biofilm exopolysaccharide"
Quorum sensing and biofilm,curated,2026-09-10,PA2237,pslG,probable glycosyl hydrolase ,PA2237_at,yes,"psl operon, biofilm exopolysaccharide"
Quorum sensing and biofilm,curated,2026-09-10,PA2236,pslF,hypothetical protein ,PA2236_at,yes,"psl operon, biofilm exopolysaccharide"
Quorum sensing and biofilm,curated,2026-09-10,PA2235,pslE,hypothetical protein ,PA2235_at,yes,"psl operon, biofilm exopolysaccharide"
Quorum sensing and biofilm,curated,2026-09-10,PA2234,pslD,probable exopolysaccharide transporter ,PA2234_at,yes,"psl operon, biofilm exopolysaccharide"
Quorum sensing and biofilm,curated,2026-09-10,PA2233,pslC,probable glycosyl transferase ,PA2233_at,yes,"psl operon, biofilm exopolysaccharide"
Iron uptake and storage,curated,2026-09-08,PA4229,pchC,pyochelin biosynthetic protein PchC ,PA4229_pchC_at,,
Quorum sensing and biofilm,curated,2026-09-10,PA2231,pslA,probable glycosyl transferase ,PA2231_at,yes,"psl operon, biofilm exopolysaccharide"
Anaerobic respiration,curated,2026-09-10,PA3877,narK1,nitrite extrusion protein 1 ,PA3877_narK1_at,yes,"narK1, nitrite extrusion"
Quorum sensing and biofilm,curated,2026-09-10,PA2232,pslB,probable phosphomannose isomerase,PA2232_at,yes,"psl operon, biofilm exopolysaccharide"
Anaerobic respiration,curated,2026-09-10,PA3393,nosD,NosD protein ,PA3393_nosD_at,yes,"nosD, nitrous oxide reductase accessory"
Anaerobic respiration,curated,2026-09-10,PA3391,nosR,regulatory protein NosR ,PA3391_nosR_at,yes,"nosR, nitrous oxide reductase accessory"
Anaerobic respiration,curated,2026-09-10,PA1172,napC,cytochrome c-type protein NapC ,PA1172_napC_at,yes,"napC, periplasmic nitrate reductase subunit"
Anaerobic respiration,curated,2026-09-10,PA1173,napB,cytochrome c-type protein NapB precursor ,PA1173_napB_at,yes,"napB, periplasmic nitrate reductase subunit"
Iron uptake and storage,curated,2026-09-08,PA2396,pvdF,hypothetical protein ,PA2396_at,,
Iron uptake and storage,curated,2026-09-08,PA2397,pvdE,pyoverdine biosynthesis protein PvdE ,PA2397_pvdE_at,,
Iron uptake and storage,curated,2026-09-08,PA2399,pvdD,pyoverdine synthetase D ,PA2399_pvdD_at,,
Iron uptake and storage,curated,2026-09-08,PA2386,pvdA,L-ornithine N5-oxygenase ,PA2386_pvdA_at,,
Quorum sensing and biofilm,curated,2026-09-10,PA4217,phzS,probable FAD-dependent monooxygenase ,PA4217_at,yes,"phzS, phenazine modification"
Iron uptake and storage,curated,2026-09-08,PA2688,pfeA,ferric enterobactin receptor precursor PfeA ,PA2688_pfeA_at,,
Oxidative stress response,curated,2026-09-10,PA5018,msrA,peptide methionine sulfoxide reductase ,PA5018_msrA_at,yes,"msrA, peptide methionine sulfoxide reductase"
Anaerobic respiration,curated,2026-09-10,PA3876,narK2,nitrite extrusion protein 2 ,PA3876_narK2_at,yes,"narK2, nitrite extrusion"
Iron uptake and storage,curated,2026-09-08,PA4514,---,probable outer membrane receptor for iron transport ,PA4514_at,,
Iron uptake and storage,curated,2026-09-08,PA4168,---,probable TonB-dependent receptor ,PA4168_at,,
Iron uptake and storage,curated,2026-09-08,PA4156,---,probable TonB-dependent receptor ,PA4156_at,,
Iron uptake and storage,curated,2026-09-08,PA3268,---,probable TonB-dependent  receptor ,PA3268_at,,
Iron uptake and storage,curated,2026-09-08,PA2911,---,probable TonB-dependent receptor ,PA2911_at,,
Iron uptake and storage,curated,2026-09-08,PA2466,---,probable TonB-dependent receptor ,PA2466_at,,
Iron uptake and storage,curated,2026-09-08,PA2385,pvdQ,probable acylase ,PA2385_at,,
Quorum sensing and biofilm,curated,2026-09-10,PA5483,algB,two-component response regulator AlgB ,PA5483_algB_at,yes,"algB, alginate response regulator"
Quorum sensing and biofilm,curated,2026-09-10,PA0763,mucA,anti-sigma factor MucA ,PA0763_mucA_at,yes,"mucA, anti-sigma factor"
Quorum sensing and biofilm,curated,2026-09-10,PA0762,algU,sigma factor AlgU ,PA0762_algU_at,yes,"algU, alginate sigma factor"
Quorum sensing and biofilm,curated,2026-09-10,PA2240,pslJ,hypothetical protein ,PA2240_at,yes,"psl operon, biofilm exopolysaccharide"
Quorum sensing and biofilm,curated,2026-09-10,PA3063,pelB,hypothetical protein ,PA3063_at,yes,"pel operon, biofilm exopolysaccharide"
Quorum sensing and biofilm,curated,2026-09-10,PA3062,pelC,hypothetical protein ,PA3062_at,yes,"pel operon, biofilm exopolysaccharide"
Quorum sensing and biofilm,curated,2026-09-10,PA3061,pelD,hypothetical protein ,PA3061_at,yes,"pel operon, biofilm exopolysaccharide"
Quorum sensing and biofilm,curated,2026-09-10,PA3060,pelE,hypothetical protein ,PA3060_at,yes,"pel operon, biofilm exopolysaccharide"
Quorum sensing and biofilm,curated,2026-09-10,PA3059,pelF,hypothetical protein ,PA3059_at,yes,"pel operon, biofilm exopolysaccharide"
Quorum sensing and biofilm,curated,2026-09-10,PA3058,pelG,hypothetical protein ,PA3058_at,yes,"pel operon, biofilm exopolysaccharide"
Quorum sensing and biofilm,curated,2026-09-10,PA2245,pslO,hypothetical protein ,PA2245_at,yes,"psl operon, biofilm exopolysaccharide"
Quorum sensing and biofilm,curated,2026-09-10,PA2244,pslN,hypothetical protein ,PA2244_at,yes,"psl operon, biofilm exopolysaccharide"
Quorum sensing and biofilm,curated,2026-09-10,PA2243,pslM,hypothetical protein ,PA2243_at,yes,"psl operon, biofilm exopolysaccharide"
Quorum sensing and biofilm,curated,2026-09-10,PA2242,pslL,hypothetical protein ,PA2242_at,yes,"psl operon, biofilm exopolysaccharide"
Quorum sensing and biofilm,curated,2026-09-10,PA2241,pslK,hypothetical protein ,PA2241_at,yes,"psl operon, biofilm exopolysaccharide"
Quorum sensing and biofilm,curated,2026-09-10,PA3064,pelA,hypothetical protein ,PA3064_at,yes,"pel operon, biofilm exopolysaccharide"
Oxidative stress response,curated,2026-09-08,PA0848,---,probable alkyl hydroperoxide reductase ,PA0848_at,,
Oxidative stress response,curated,2026-09-08,PA2532,tpx,thiol peroxidase ,PA2532_tpx_at,,
Oxidative stress response,curated,2026-09-08,PA1008,bcp,bacterioferritin comigratory protein ,PA1008_bcp_at,,
Oxidative stress response,curated,2026-09-08,PA5240,trxA,thioredoxin ,PA5240_trxA_at,,
Oxidative stress response,curated,2026-09-08,PA2616,trxB1,thioredoxin reductase 1 ,PA2616_trxB1_at,,
Oxidative stress response,curated,2026-09-08,PA0849,trxB2,thioredoxin reductase 2 ,PA0849_trxB2_at,,
Oxidative stress response,curated,2026-09-08,PA4061,---,probable thioredoxin ,PA4061_at,,
Oxidative stress response,curated,2026-09-08,PA2694,---,probable thioredoxin ,PA2694_at,,
Oxidative stress response,curated,2026-09-08,PA0953,---,probable thioredoxin ,PA0953_at,,
Oxidative stress response,curated,2026-09-08,PA2025,gor,glutathione reductase ,PA2025_gor_at,,
Oxidative stress response,curated,2026-09-08,PA0407,gshB,glutathione synthetase ,PA0407_gshB_at,,
Oxidative stress response,curated,2026-09-08,PA1287,---,probable glutathione peroxidase ,PA1287_at,,
Oxidative stress response,curated,2026-09-08,PA2826,---,probable glutathione peroxidase ,PA2826_at,,
Oxidative stress response,curated,2026-09-08,PA0838,---,probable glutathione peroxidase ,PA0838_at,,
Oxidative stress response,curated,2026-09-08,PA0140,ahpF,alkyl hydroperoxide reductase subunit F ,PA0140_ahpF_at,,
Oxidative stress response,curated,2026-09-08,PA3529,---,probable peroxidase ,PA3529_at,,
Oxidative stress response,curated,2026-09-08,PA5344,---,probable transcriptional regulator ,PA5344_at,,
Anaerobic respiration,curated,2026-09-08,PA3875,narG,respiratory nitrate reductase alpha chain ,PA3875_narG_at,,
Anaerobic respiration,curated,2026-09-08,PA3874,narH,respiratory nitrate reductase beta chain ,PA3874_narH_at,,
Anaerobic respiration,curated,2026-09-08,PA3872,narI,respiratory nitrate reductase gamma chain ,PA3872_narI_at,,
Anaerobic respiration,curated,2026-09-08,PA3873,narJ,respiratory nitrate reductase delta chain ,PA3873_narJ_at,,
Anaerobic respiration,curated,2026-09-08,PA1174,napA,periplasmic nitrate reductase protein NapA ,PA1174_napA_at,,
Anaerobic respiration,curated,2026-09-08,PA1175,napD,NapD protein of periplasmic nitrate reductase ,PA1175_napD_at,,
Anaerobic respiration,curated,2026-09-08,PA1177,napE,periplasmic nitrate reductase protein NapE ,PA1177_napE_at,,
Anaerobic respiration,curated,2026-09-08,PA0519,nirS,nitrite reductase precursor ,PA0519_nirS_at,,
Anaerobic respiration,curated,2026-09-08,PA0524,norB,nitric-oxide reductase subunit B ,PA0524_norB_at,,
Anaerobic respiration,curated,2026-09-08,PA0523,norC,nitric-oxide reductase subunit C ,PA0523_norC_at,,
Anaerobic respiration,curated,2026-09-08,PA3392,nosZ,nitrous-oxide reductase precursor ,PA3392_nosZ_at,,
Anaerobic respiration,curated,2026-09-08,PA1544,anr,transcriptional regulator Anr ,PA1544_anr_at,,
Anaerobic respiration,curated,2026-09-08,PA0527,dnr,transcriptional regulator Dnr ,PA0527_dnr_at,,
Oxidative stress response,curated,2026-09-08,PA4587,ccpR,cytochrome c551 peroxidase precursor ,PA4587_ccpR_at,,
Oxidative stress response,curated,2026-09-08,PA4468,sodM,superoxide dismutase ,PA4468_sodM_at,,
Oxidative stress response,curated,2026-09-08,PA4366,sodB,superoxide dismutase ,PA4366_sodB_at,,
Oxidative stress response,curated,2026-09-08,PA4236,katA,catalase ,PA4236_katA_at,,
Oxidative stress response,curated,2026-09-08,PA4613,katB,catalase ,PA4613_katB_at,,
Oxidative stress response,curated,2026-09-08,PA2147,katE,catalase HPII ,PA2147_katE_at,,
Oxidative stress response,curated,2026-09-08,PA2185,katN,hypothetical protein ,PA2185_at,,
Anaerobic respiration,curated,2026-09-08,PA0291,oprE,outer membrane porin OprE precursor ,PA0291_oprE_at,,
Iron uptake and storage,curated,2026-09-08,PA3531,bfrB,bacterioferritin ,PA3531_bfrB_at,,
Iron uptake and storage,curated,2026-09-08,PA4235,bfrA,bacterioferritin ,PA4235_bfrA_at,,
Iron uptake and storage,curated,2026-09-08,PA4764,fur,ferric uptake regulation protein ,PA4764_fur_at,,
Iron uptake and storage,curated,2026-09-08,PA5505,---,probable TonB-dependent receptor ,PA5505_at,,
Iron uptake and storage,curated,2026-09-08,PA4880,---,probable bacterioferritin ,PA4880_at,,
Oxidative stress response,curated,2026-09-08,PA0139,ahpC,alkyl hydroperoxide reductase subunit C ,PA0139_ahpC_at,,
Iron uptake and storage,curated,2026-09-08,PA2335,---,probable TonB-dependent receptor ,PA2335_at,,
Iron uptake and storage,curated,2026-09-08,PA4675,---,probable TonB-dependent receptor ,PA4675_at,,
Motility,PseudoCAP,2026-09-08,PA2407,---,probable adhesion protein ,PA2407_at,,
Central carbon and amino acid metabolism,PseudoCAP,2026-09-08,PA0649,trpG,anthranilate synthase component II ,PA0649_trpG_at,,
Central carbon and amino acid metabolism,PseudoCAP,2026-09-08,PA4930,alr,biosynthetic alanine racemase ,PA4930_alr_at,,
Central carbon and amino acid metabolism,PseudoCAP,2026-09-08,PA4602,glyA3,serine hydroxymethyltransferase ,PA4602_glyA3_at,,
Central carbon and amino acid metabolism,PseudoCAP,2026-09-08,PA4151,acoB,acetoin catabolism protein AcoB ,PA4151_acoB_at,,
Central carbon and amino acid metabolism,PseudoCAP,2026-09-08,PA0932,cysM,cysteine synthase B ,PA0932_cysM_at,,
Central carbon and amino acid metabolism,PseudoCAP,2026-09-08,PA2716,---,probable FMN oxidoreductase ,PA2716_at,,
Central carbon and amino acid metabolism,PseudoCAP,2026-09-08,PA0927,ldhA,D-lactate dehydrogenase (fermentative) ,PA0927_ldhA_at,,
Central carbon and amino acid metabolism,PseudoCAP,2026-09-08,PA0662,argC,N-acetyl-gamma-glutamyl-phosphate reductase ,PA0662_argC_at,,
Motility,PseudoCAP,2026-09-08,PA0173,---,probable methylesterase ,PA0173_at,,
Motility,PseudoCAP,2026-09-08,PA2128,cupA1,probable fimbrial protein (precursor) ,PA2128_at,,
Motility,PseudoCAP,2026-09-08,PA1087,flgL,flagellar hook-associated protein type 3 FlgL ,PA1087_flgL_at,,
Motility,PseudoCAP,2026-09-08,PA0175,---,probable chemotaxis protein methyltransferase ,PA0175_at,,
Motility,PseudoCAP,2026-09-08,PA0176,---,probable chemotaxis transducer ,PA0176_at,,
Motility,PseudoCAP,2026-09-08,PA1086,flgK,flagellar hook-associated protein 1 FlgK ,PA1086_flgK_at,,
Motility,PseudoCAP,2026-09-08,PA3702,wspR,probable two-component response regulator ,PA3702_at,,
Motility,PseudoCAP,2026-09-08,PA4525,pilA,type 4 fimbrial precursor PilA ,PA4525_pilA_at,,
Motility,PseudoCAP,2026-09-08,PA1104,fliI,flagellum-specific ATP synthase FliI ,PA1104_fliI_at,,
Motility,PseudoCAP,2026-09-08,PA0415,chpC,probable chemotaxis protein ,PA0415_at,,
Motility,PseudoCAP,2026-09-08,PA2920,---,probable chemotaxis transducer ,PA2920_at,,
Motility,PseudoCAP,2026-09-08,PA4520,---,probable chemotaxis transducer ,PA4520_at,,
Motility,PseudoCAP,2026-09-08,PA1459,---,probable methyltransferase ,PA1459_at,,
Motility,PseudoCAP,2026-09-08,PA1092,fliC,flagellin type B ,PA1092_fliC_at,,
Motility,PseudoCAP,2026-09-08,PA1102,fliG,flagellar motor switch protein FliG ,PA1102_fliG_at,,
Central carbon and amino acid metabolism,PseudoCAP,2026-09-08,PA0227,---,"probable CoA transferase, subunit B ",PA0227_at,,
Central carbon and amino acid metabolism,PseudoCAP,2026-09-08,PA1932,---,probable hydroxylase molybdopterin-containing subunit ,PA1932_at,,
Central carbon and amino acid metabolism,PseudoCAP,2026-09-08,PA1812,mltD,membrane-bound lytic murein transglycosylase D precursor ,PA1812_mltD_at,,
Central carbon and amino acid metabolism,PseudoCAP,2026-09-08,PA1983,exaB,cytochrome c550 ,PA1983_exaB_at,,
Central carbon and amino acid metabolism,PseudoCAP,2026-09-08,PA1687,speE,spermidine synthase ,PA1687_speE_at,,
Central carbon and amino acid metabolism,PseudoCAP,2026-09-08,PA2253,ansA,L-asparaginase I ,PA2253_ansA_at,,
Central carbon and amino acid metabolism,PseudoCAP,2026-09-08,PA3107,metZ,o-succinylhomoserine sulfhydrylase ,PA3107_metZ_at,,
Central carbon and amino acid metabolism,PseudoCAP,2026-09-08,PA2509,catB,muconate cycloisomerase I ,PA2509_catB_at,,
Central carbon and amino acid metabolism,PseudoCAP,2026-09-08,PA5332,crc,catabolite repression control protein ,PA5332_crc_at,,
Central carbon and amino acid metabolism,PseudoCAP,2026-09-08,PA0589,---,conserved hypothetical protein ,PA0589_at,,
Central carbon and amino acid metabolism,PseudoCAP,2026-09-08,PA3491,---,probable ferredoxin ,PA3491_at,,
Central carbon and amino acid metabolism,PseudoCAP,2026-09-08,PA0152,pcaQ,transcriptional regulator PcaQ ,PA0152_pcaQ_at,,
Central carbon and amino acid metabolism,PseudoCAP,2026-09-08,PA4439,trpS,tryptophanyl-tRNA synthetase ,PA4439_trpS_at,,
Central carbon and amino acid metabolism,PseudoCAP,2026-09-08,PA3814,iscS,L-cysteine desulfurase (pyridoxal phosphate-dependent) ,PA3814_iscS_at,,
Central carbon and amino acid metabolism,PseudoCAP,2026-09-08,PA0226,---,"probable CoA transferase, subunit A ",PA0226_at,,
Central carbon and amino acid metabolism,PseudoCAP,2026-09-08,PA3013,foaB,fatty-acid oxidation complex beta-subunit ,PA3013_foaB_at,,
Motility,PseudoCAP,2026-09-08,PA2654,---,probable chemotaxis transducer ,PA2654_at,,
Central carbon and amino acid metabolism,PseudoCAP,2026-09-08,PA2516,xylZ,"toluate 1,2-dioxygenase electron transfer component ",PA2516_xylZ_at,,
Central carbon and amino acid metabolism,PseudoCAP,2026-09-08,PA3152,hisH2,glutamine amidotransferase ,PA3152_hisH2_at,,
Central carbon and amino acid metabolism,PseudoCAP,2026-09-08,PA3700,lysS,lysyl-tRNA synthetase ,PA3700_lysS_at,,
Central carbon and amino acid metabolism,PseudoCAP,2026-09-08,PA5304,dadA,"D-amino acid dehydrogenase, small subunit ",PA5304_dadA_at,,
Central carbon and amino acid metabolism,PseudoCAP,2026-09-08,PA0228,pcaF,beta-ketoadipyl CoA thiolase PcaF ,PA0228_pcaF_at,,
Central carbon and amino acid metabolism,PseudoCAP,2026-09-08,PA2052,cynS,cyanate lyase ,PA2052_cynS_at,,
Central carbon and amino acid metabolism,PseudoCAP,2026-09-08,PA3589,---,probable acyl-CoA thiolase ,PA3589_at,,
Central carbon and amino acid metabolism,PseudoCAP,2026-09-08,PA5063,ubiE,ubiquinone biosynthesis methyltransferase UbiE ,PA5063_ubiE_at,,
Central carbon and amino acid metabolism,PseudoCAP,2026-09-08,PA2612,serS,seryl-tRNA synthetase ,PA2612_serS_at,,
Central carbon and amino acid metabolism,PseudoCAP,2026-09-08,PA5440,---,probable peptidase ,PA5440_at,,
Motility,PseudoCAP,2026-09-08,PA5040,pilQ,type 4 fimbrial biogenesis protein PilQ ,PA5040_pilQ_at,,
Motility,PseudoCAP,2026-09-08,PA1094,fliD,flagellar capping protein FliD ,PA1094_fliD_at,,
Motility,PseudoCAP,2026-09-08,PA1085,flgJ,flagellar protein FlgJ ,PA1085_flgJ_at,,
Motility,PseudoCAP,2026-09-08,PA1453,flhF,flagellar biosynthesis protein FlhF ,PA1453_flhF_at,,
Motility,PseudoCAP,2026-09-08,PA5072,---,probable chemotaxis transducer ,PA5072_at,,
Motility,PseudoCAP,2026-09-08,PA4556,pilE,type 4 fimbrial biogenesis protein PilE ,PA4556_pilE_at,,
Motility,PseudoCAP,2026-09-08,PA3703,wspF,probable methylesterase ,PA3703_at,,
Motility,PseudoCAP,2026-09-08,PA1101,fliF,flagellar M-ring protein ,PA1101_fliF_at,,
Central carbon and amino acid metabolism,PseudoCAP,2026-09-08,PA4150,---,probable dehydrogenase E1 component ,PA4150_at,,
Motility,PseudoCAP,2026-09-08,PA4084,cupB3,probable fimbrial biogenesis usher protein ,PA4084_at,,
Motility,PseudoCAP,2026-09-08,PA4555,pilY2,type 4 fimbrial biogenesis protein PilY2 ,PA4555_pilY2_at,,
Motility,PseudoCAP,2026-09-08,PA3805,pilF,type 4 fimbrial biogenesis protein PilF ,PA3805_pilF_at,,
Central carbon and amino acid metabolism,PseudoCAP,2026-09-08,PA3167,serC,3-phosphoserine aminotransferase ,PA3167_serC_at,,
Motility,PseudoCAP,2026-09-08,PA4082,cupB5,probable adhesin ,PA4082_at,,
Motility,PseudoCAP,2026-09-08,PA2129,cupA2,probable pili assembly chaperone ,PA2129_at,,
Motility,PseudoCAP,2026-09-08,PA3706,wspC,probable protein methyltransferase ,PA3706_at,,
Motility,PseudoCAP,2026-09-08,PA1461,motD,probable chemotaxis protein ,PA1461_at,,
Motility,PseudoCAP,2026-09-08,PA3704,wspE,probable chemotaxis sensor,PA3704_at,,
Motility,PseudoCAP,2026-09-08,PA4953,motB,chemotaxis protein MotB ,PA4953_motB_at,,
Motility,PseudoCAP,2026-09-08,PA4310,pctB,chemotactic transducer PctB ,PA4310_pctB_at,,
Motility,PseudoCAP,2026-09-08,PA1083,flgH,flagellar L-ring protein precursor FlgH ,PA1083_flgH_at,,
Motility,PseudoCAP,2026-09-08,PA3705,wspD,hypothetical protein ,PA3705_at,,
Motility,PseudoCAP,2026-09-08,PA0414,chpB,probable methylesterase ,PA0414_at,,
Motility,PseudoCAP,2026-09-08,PA1100,fliE,flagellar hook-basal body complex protein FliE ,PA1100_fliE_at,,
Motility,PseudoCAP,2026-09-08,PA1251,---,probable chemotaxis transducer ,PA1251_at,,
Motility,PseudoCAP,2026-09-08,PA2652,---,probable chemotaxis transducer ,PA2652_at,,
Motility,PseudoCAP,2026-09-08,PA4633,---,probable chemotaxis transducer ,PA4633_at,,
Motility,PseudoCAP,2026-09-08,PA1464,---,probable purine-binding chemotaxis protein ,PA1464_at,,
Motility,PseudoCAP,2026-09-08,PA1084,flgI,flagellar P-ring protein precursor FlgI ,PA1084_flgI_at,,
Motility,PseudoCAP,2026-09-08,PA2561,---,probable chemotaxis transducer ,PA2561_at,,
Motility,PseudoCAP,2026-09-08,PA1105,fliJ,flagellar protein FliJ ,PA1105_fliJ_at,,
Motility,PseudoCAP,2026-09-08,PA1103,---,probable flagellar assembly protein ,PA1103_at,,
Motility,PseudoCAP,2026-09-08,PA4086,cupB1,probable pilin ,PA4086_at,,
Motility,PseudoCAP,2026-09-08,PA0178,---,probable two-component sensor ,PA0178_at,,
Motility,PseudoCAP,2026-09-08,PA0413,chpA,still frameshift probable component of chemotactic signal transduction system ,PA0413_at,,
Motility,PseudoCAP,2026-09-08,PA1646,---,probable chemotaxis transducer ,PA1646_at,,
Motility,PseudoCAP,2026-09-08,PA0179,---,probable two-component response regulator ,PA0179_at,,
Motility,PseudoCAP,2026-09-08,PA4549,fimT,type 4 fimbrial biogenesis protein FimT ,PA4549_fimT_at,,
Motility,PseudoCAP,2026-09-08,PA1460,motC,probable chemotaxis transmembrane proton channel ,PA1460_at,,
Motility,PseudoCAP,2026-09-08,PA0417,chpE,probable chemotaxis protein ,PA0417_at,,
Motility,PseudoCAP,2026-09-08,PA4527,pilC,still frameshift type 4 fimbrial biogenesis protein PilC ,PA4527_pilC_at,,
Motility,PseudoCAP,2026-09-08,PA1561,aer,aerotaxis receptor Aer ,PA1561_aer_at,,
Motility,PseudoCAP,2026-09-08,PA1099,fleR,two-component response regulator ,PA1099_fleR_at,,
Motility,PseudoCAP,2026-09-08,PA4651,---,probable pili assembly chaperone ,PA4651_at,,
Motility,PseudoCAP,2026-09-08,PA1423,---,probable chemotaxis transducer ,PA1423_at,,
Motility,PseudoCAP,2026-09-08,PA1454,fleN,flagellar synthesis regulator FleN ,PA1454_at,,
Motility,PseudoCAP,2026-09-08,PA0180,---,probable chemotaxis transducer ,PA0180_at,,
Motility,PseudoCAP,2026-09-08,PA2960,pilZ,type 4 fimbrial biogenesis protein PilZ ,PA2960_pilZ_at,,
Motility,PseudoCAP,2026-09-08,PA3707,wspB,hypothetical protein ,PA3707_at,,
Motility,PseudoCAP,2026-09-08,PA2788,---,probable chemotaxis transducer ,PA2788_at,,
Motility,PseudoCAP,2026-09-08,PA0416,chpD,probable transcriptional regulator ,PA0416_at,,
Motility,PseudoCAP,2026-09-08,PA0177,---,probable purine-binding chemotaxis protein ,PA0177_at,,
Central carbon and amino acid metabolism,PseudoCAP,2026-09-08,PA0230,pcaB,"3-carboxy-cis,cis-muconate cycloisomerase ",PA0230_pcaB_at,,
Central carbon and amino acid metabolism,PseudoCAP,2026-09-08,PA3816,cysE,O-acetylserine synthase ,PA3816_cysE_at,,
Central carbon and amino acid metabolism,PseudoCAP,2026-09-08,PA2924,hisQ,histidine transport system permease HisQ ,PA2924_hisQ_at,,
Central carbon and amino acid metabolism,PseudoCAP,2026-09-08,PA3024,---,probable carbohydrate kinase ,PA3024_at,,
Central carbon and amino acid metabolism,PseudoCAP,2026-09-08,PA2508,catC,muconolactone delta-isomerase ,PA2508_catC_at,,
Central carbon and amino acid metabolism,PseudoCAP,2026-09-08,PA2445,gcvP2,glycine cleavage system protein P2 ,PA2445_gcvP2_at,,
Central carbon and amino acid metabolism,PseudoCAP,2026-09-08,PA3809,fdx2,ferredoxin [2Fe-2S] ,PA3809_fdx2_at,,
Central carbon and amino acid metabolism,PseudoCAP,2026-09-08,PA3175,---,probable arginase family protein ,PA3175_at,,
Central carbon and amino acid metabolism,PseudoCAP,2026-09-08,PA2932,morB,morphinone reductase ,PA2932_morB_at,,
Central carbon and amino acid metabolism,PseudoCAP,2026-09-08,PA3878,narX,two-component sensor NarX ,PA3878_narX_at,,
Central carbon and amino acid metabolism,PseudoCAP,2026-09-08,PA4829,lpd3,dihydrolipoamide dehydrogenase 3 ,PA4829_lpd3_at,,
Central carbon and amino acid metabolism,PseudoCAP,2026-09-08,PA5358,ubiA,4-hydroxybenzoate-octaprenyl transferase ,PA5358_ubiA_at,,
Motility,PseudoCAP,2026-09-08,PA4290,---,probable chemotaxis transducer ,PA4290_at,,
Central carbon and amino acid metabolism,PseudoCAP,2026-09-08,PA4091,hpaA,4-hydroxyphenylacetate 3-monooxygenase large chain ,PA4091_hpaA_at,,
Central carbon and amino acid metabolism,PseudoCAP,2026-09-08,PA4127,hpcG,"2-oxo-hept-3-ene-1,7-dioate hydratase ",PA4127_hpcG_at,,
Central carbon and amino acid metabolism,PseudoCAP,2026-09-08,PA4758,carA,carbamoyl-phosphate synthase small chain ,PA4758_carA_at,,
Central carbon and amino acid metabolism,PseudoCAP,2026-09-08,PA2344,mtlZ,fructokinase ,PA2344_mtlZ_at,,
Central carbon and amino acid metabolism,PseudoCAP,2026-09-08,PA4152,---,probable hydrolase ,PA4152_at,,
Central carbon and amino acid metabolism,PseudoCAP,2026-09-08,PA0607,rpe,ribulose-phosphate 3-epimerase ,PA0607_rpe_at,,
Central carbon and amino acid metabolism,PseudoCAP,2026-09-08,PA0155,pcaR,transcriptional regulator PcaR ,PA0155_pcaR_at,,
Central carbon and amino acid metabolism,PseudoCAP,2026-09-08,PA1726,bglX,periplasmic beta-glucosidase ,PA1726_bglX_at,,
Central carbon and amino acid metabolism,PseudoCAP,2026-09-08,PA0447,gcdH,glutaryl-CoA dehydrogenase ,PA0447_gcdH_at,,
Central carbon and amino acid metabolism,PseudoCAP,2026-09-08,PA2356,msuD,methanesulfonate sulfonatase MsuD ,PA2356_msuD_at,,
Central carbon and amino acid metabolism,PseudoCAP,2026-09-08,PA3490,---,probable ferredoxin ,PA3490_at,,
Central carbon and amino acid metabolism,PseudoCAP,2026-09-08,PA0555,fda,"fructose-1,6-bisphosphate aldolase ",PA0555_fda_at,,
Central carbon and amino acid metabolism,PseudoCAP,2026-09-08,PA4957,psd,phosphatidylserine decarboxylase ,PA4957_psd_at,,
Central carbon and amino acid metabolism,PseudoCAP,2026-09-08,PA0865,hpd,4-hydroxyphenylpyruvate dioxygenase ,PA0865_hpd_at,,
Central carbon and amino acid metabolism,PseudoCAP,2026-09-08,PA5308,lrp,leucine-responsive regulatory protein ,PA5308_lrp_at,,
Central carbon and amino acid metabolism,PseudoCAP,2026-09-08,PA3563,fruR,fructose transport system repressor FruR ,PA3563_fruR_at,,
Central carbon and amino acid metabolism,PseudoCAP,2026-09-08,PA5278,dapF,diaminopimelate epimerase ,PA5278_dapF_at,,
Central carbon and amino acid metabolism,PseudoCAP,2026-09-08,PA3987,leuS,leucyl-tRNA synthetase ,PA3987_leuS_at,,
Central carbon and amino acid metabolism,PseudoCAP,2026-09-08,PA4748,tpiA,triosephosphate isomerase ,PA4748_tpiA_at,,
Central carbon and amino acid metabolism,PseudoCAP,2026-09-08,PA0211,mdcD,malonate decarboxylase beta subunit ,PA0211_mdcD_at,,
Central carbon and amino acid metabolism,PseudoCAP,2026-09-08,PA3116,---,probable aspartate-semialdehyde dehydrogenase ,PA3116_at,,
Central carbon and amino acid metabolism,PseudoCAP,2026-09-08,PA3415,---,probable dihydrolipoamide acetyltransferase ,PA3415_at,,
Central carbon and amino acid metabolism,PseudoCAP,2026-09-08,PA4901,mdlC,benzoylformate decarboxylase ,PA4901_mdlC_at,,
Central carbon and amino acid metabolism,PseudoCAP,2026-09-08,PA2165,---,probable glycogen synthase ,PA2165_at,,
Central carbon and amino acid metabolism,PseudoCAP,2026-09-08,PA3475,pheC,cyclohexadienyl dehydratase precursor ,PA3475_pheC_at,,
Central carbon and amino acid metabolism,PseudoCAP,2026-09-08,PA3131,---,probable aldolase ,PA3131_at,,
Central carbon and amino acid metabolism,PseudoCAP,2026-09-08,PA3997,lipB,lipoate-protein ligase B ,PA3997_lipB_at,,
Central carbon and amino acid metabolism,PseudoCAP,2026-09-08,PA0212,mdcE,malonate decarboxylase gamma subunit ,PA0212_mdcE_at,,
Central carbon and amino acid metabolism,PseudoCAP,2026-09-08,PA0008,glyS,glycyl-tRNA synthetase beta chain ,PA0008_glyS_at,,
Central carbon and amino acid metabolism,PseudoCAP,2026-09-08,PA3584,glpD,glycerol-3-phosphate dehydrogenase ,PA3584_glpD_at,,
Central carbon and amino acid metabolism,PseudoCAP,2026-09-08,PA4449,hisG,ATP-phosphoribosyltransferase ,PA4449_hisG_at,,
Central carbon and amino acid metabolism,PseudoCAP,2026-09-08,PA2787,cpg2,carboxypeptidase G2 precursor ,PA2787_cpg2_at,,
Central carbon and amino acid metabolism,PseudoCAP,2026-09-08,PA2342,mtlD,mannitol dehydrogenase ,PA2342_mtlD_at,,
Central carbon and amino acid metabolism,PseudoCAP,2026-09-08,PA0608,---,probable phosphoglycolate phosphatase ,PA0608_at,,
Central carbon and amino acid metabolism,PseudoCAP,2026-09-08,PA4772,---,probable ferredoxin ,PA4772_at,,
Central carbon and amino acid metabolism,PseudoCAP,2026-09-08,PA5170,arcD,arginine,PA5170_arcD_at,,
Central carbon and amino acid metabolism,PseudoCAP,2026-09-08,PA4626,hprA,glycerate dehydrogenase ,PA4626_hprA_at,,
Central carbon and amino acid metabolism,PseudoCAP,2026-09-08,PA3171,ubiG,3-demethylubiquinone-9 3-methyltransferase ,PA3171_ubiG_at,,
Central carbon and amino acid metabolism,PseudoCAP,2026-09-08,PA4180,---,probable acetolactate synthase large subunit ,PA4180_at,,
Central carbon and amino acid metabolism,PseudoCAP,2026-09-08,PA0288,speB1,agmatinase ,PA0288_speB1_at,,
Central carbon and amino acid metabolism,PseudoCAP,2026-09-08,PA3588,---,probable porin ,PA3588_at,,
Central carbon and amino acid metabolism,PseudoCAP,2026-09-08,PA5066,hisI,phosphoribosyl-AMP cyclohydrolase ,PA5066_hisI_at,,
Central carbon and amino acid metabolism,PseudoCAP,2026-09-08,PA1949,rbsR,ribose operon repressor RbsR ,PA1949_rbsR_at,,
Central carbon and amino acid metabolism,PseudoCAP,2026-09-08,PA2952,etfB,electron transfer flavoprotein beta-subunit ,PA2952_etfB_at,,
Central carbon and amino acid metabolism,PseudoCAP,2026-09-08,PA0231,pcaD,beta-ketoadipate enol-lactone hydrolase ,PA0231_pcaD_at,,
Central carbon and amino acid metabolism,PseudoCAP,2026-09-08,PA5203,gshA,glutamate--cysteine ligase ,PA5203_gshA_at,,
Central carbon and amino acid metabolism,PseudoCAP,2026-09-08,PA2648,nuoM,NADH dehydrogenase I chain M ,PA2648_nuoM_at,,
Central carbon and amino acid metabolism,PseudoCAP,2026-09-08,PA4123,hpcC,5-carboxy-2-hydroxymuconate semialdehyde dehydrogenase ,PA4123_hpcC_at,,
Central carbon and amino acid metabolism,PseudoCAP,2026-09-08,PA1794,glnS,glutaminyl-tRNA synthetase ,PA1794_glnS_at,,
Central carbon and amino acid metabolism,PseudoCAP,2026-09-08,PA2862,lipA,lactonizing lipase precursor ,PA2862_lipA_at,,
Central carbon and amino acid metabolism,PseudoCAP,2026-09-08,PA0761,nadB,L-aspartate oxidase ,PA0761_nadB_at,,
Central carbon and amino acid metabolism,PseudoCAP,2026-09-08,PA3418,ldh,leucine dehydrogenase ,PA3418_ldh_at,,
Central carbon and amino acid metabolism,PseudoCAP,2026-09-08,PA0247,pobA,p-hydroxybenzoate hydroxylase ,PA0247_pobA_at,,
Central carbon and amino acid metabolism,PseudoCAP,2026-09-08,PA5415,glyA1 /// glyA2,serine hydroxymethyltransferase ,PA5415_glyA1_s_at,,
Central carbon and amino acid metabolism,PseudoCAP,2026-09-08,PA2623,icd,isocitrate dehydrogenase ,PA2623_icd_at,,
Central carbon and amino acid metabolism,PseudoCAP,2026-09-08,PA1838,cysI,sulfite reductase ,PA1838_cysI_at,,
Central carbon and amino acid metabolism,PseudoCAP,2026-09-08,PA1927,metE,5-methyltetrahydropteroyltriglutamate-homocysteine S-methyltransferase ,PA1927_metE_at,,
Central carbon and amino acid metabolism,PseudoCAP,2026-09-08,PA1950,rbsK,ribokinase ,PA1950_rbsK_at,,
Central carbon and amino acid metabolism,PseudoCAP,2026-09-08,PA5413,ltaA,low specificity l-threonine aldolase ,PA5413_ltaA_at,,
Central carbon and amino acid metabolism,PseudoCAP,2026-09-08,PA0232,pcaC,gamma-carboxymuconolactone decarboxylase ,PA0232_pcaC_at,,
Central carbon and amino acid metabolism,PseudoCAP,2026-09-08,PA5491,---,probable cytochrome ,PA5491_at,,
Central carbon and amino acid metabolism,PseudoCAP,2026-09-08,PA2517,xylY,"toluate 1,2-dioxygenase beta subunit ",PA2517_xylY_at,,
Central carbon and amino acid metabolism,PseudoCAP,2026-09-08,PA3758,---,probable N-acetylglucosamine-6-phosphate deacetylase ,PA3758_at,,
Central carbon and amino acid metabolism,PseudoCAP,2026-09-08,PA3482,metG,methionyl-tRNA synthetase ,PA3482_metG_at,,
Central carbon and amino acid metabolism,PseudoCAP,2026-09-08,PA1779,---,assimilatory nitrate reductase ,PA1779_at,,
Central carbon and amino acid metabolism,PseudoCAP,2026-09-08,PA0893,argR,transcriptional regulator ArgR ,PA0893_argR_at,,
Central carbon and amino acid metabolism,PseudoCAP,2026-09-08,PA0743,---,probable 3-hydroxyisobutyrate dehydrogenase ,PA0743_at,,
Central carbon and amino acid metabolism,PseudoCAP,2026-09-08,PA1376,aceK,isocitrate dehydrogenase kinase,PA1376_aceK_at,,
Central carbon and amino acid metabolism,PseudoCAP,2026-09-08,PA4126,---,probable MFS transporter ,PA4126_at,,
Central carbon and amino acid metabolism,PseudoCAP,2026-09-08,PA4694,ilvC,ketol-acid reductoisomerase ,PA4694_ilvC_at,,
Central carbon and amino acid metabolism,PseudoCAP,2026-09-08,PA1883,---,probable NADH-ubiquinone,PA1883_at,,
Central carbon and amino acid metabolism,PseudoCAP,2026-09-08,PA4920,nadE,NH3-dependent NAD synthetase ,PA4920_nadE_at,,
Central carbon and amino acid metabolism,PseudoCAP,2026-09-08,PA5039,aroK,shikimate kinase ,PA5039_aroK_at,,
Central carbon and amino acid metabolism,PseudoCAP,2026-09-08,PA0183,atsA,arylsulfatase ,PA0183_atsA_at,,
Central carbon and amino acid metabolism,PseudoCAP,2026-09-08,PA1750,---,phospho-2-dehydro-3-deoxyheptonate aldolase ,PA1750_at,,
Central carbon and amino acid metabolism,PseudoCAP,2026-09-08,PA1795,cysS,cysteinyl-tRNA synthetase ,PA1795_cysS_at,,
Central carbon and amino acid metabolism,PseudoCAP,2026-09-08,PA2194,hcnB,hydrogen cyanide synthase HcnB ,PA2194_hcnB_at,,
Central carbon and amino acid metabolism,PseudoCAP,2026-09-08,PA5092,hutI,imidazolone-5-propionate hydrolase HutI ,PA5092_hutI_at,,
Central carbon and amino acid metabolism,PseudoCAP,2026-09-08,PA5323,argB,acetylglutamate kinase ,PA5323_argB_at,,
Central carbon and amino acid metabolism,PseudoCAP,2026-09-08,PA2744,thrS,threonyl-tRNA synthetase ,PA2744_thrS_at,,
Central carbon and amino acid metabolism,PseudoCAP,2026-09-08,PA0393,proC,pyrroline-5-carboxylate reductase ,PA0393_proC_at,,
Central carbon and amino acid metabolism,PseudoCAP,2026-09-08,PA0210,mdcC,malonate decarboxylase delta subunit ,PA0210_mdcC_at,,
Central carbon and amino acid metabolism,PseudoCAP,2026-09-08,PA3184,---,probable transcriptional regulator ,PA3184_at,,
Central carbon and amino acid metabolism,PseudoCAP,2026-09-08,PA2444,glyA2,serine hydroxymethyltransferase ,PA2444_glyA2_at,,
Central carbon and amino acid metabolism,PseudoCAP,2026-09-08,PA1393,cysC,adenosine 5'-phosphosulfate (APS) kinase ,PA1393_cysC_at,,
Central carbon and amino acid metabolism,PseudoCAP,2026-09-08,PA3166,pheA,chorismate mutase ,PA3166_pheA_at,,
Central carbon and amino acid metabolism,PseudoCAP,2026-09-08,PA4732,pgi,glucose-6-phosphate isomerase ,PA4732_pgi_at,,
Central carbon and amino acid metabolism,PseudoCAP,2026-09-08,PA1685,masA,enolase-phosphatase E-1 ,PA1685_masA_at,,
Central carbon and amino acid metabolism,PseudoCAP,2026-09-08,PA2323,---,probable glyceraldehyde-3-phosphate dehydrogenase ,PA2323_at,,
Secretion and virulence,PseudoCAP,2026-09-08,PA1250,aprI,alkaline proteinase inhibitor AprI ,PA1250_aprI_at,,
Secretion and virulence,PseudoCAP,2026-09-08,PA3478,rhlB,rhamnosyltransferase chain B ,PA3478_rhlB_at,,
Secretion and virulence,PseudoCAP,2026-09-08,PA1702,---,conserved hypothetical protein in type III secretion ,PA1702_i_at,,
Secretion and virulence,PseudoCAP,2026-09-08,PA2258,ptxR,transcriptional regulator PtxR ,PA2258_ptxR_at,,
Secretion and virulence,PseudoCAP,2026-09-08,PA0681,---,probable type II secretion system protein ,PA0681_at,,
Secretion and virulence,PseudoCAP,2026-09-08,PA2866,mttC,secretion protein MttC ,PA2866_mttC_at,,
Secretion and virulence,PseudoCAP,2026-09-08,PA5068,tatA,translocation protein TatA ,PA5068_tatA_at,,
Secretion and virulence,PseudoCAP,2026-09-08,PA3105,xcpQ,general secretion pathway protein D ,PA3105_xcpQ_at,,
Secretion and virulence,PseudoCAP,2026-09-08,PA1705,pcrG,regulator in type III secretion ,PA1705_pcrG_i_at,,
Central carbon and amino acid metabolism,PseudoCAP,2026-09-08,PA1770,ppsA,phosphoenolpyruvate synthase ,PA1770_ppsA_at,,
Secretion and virulence,PseudoCAP,2026-09-08,PA0682,---,probable type II secretion system protein ,PA0682_at,,
Secretion and virulence,PseudoCAP,2026-09-08,PA4559,lspA,prolipoprotein signal peptidase ,PA4559_lspA_at,,
Secretion and virulence,PseudoCAP,2026-09-08,PA4974,---,probable secretion protein ,PA4974_at,,
Secretion and virulence,PseudoCAP,2026-09-08,PA3098,xcpW,general secretion pathway protein J ,PA3098_xcpW_at,,
Secretion and virulence,PseudoCAP,2026-09-08,PA0041,---,probable hemagglutinin ,PA0041_at,,
Secretion and virulence,PseudoCAP,2026-09-08,PA3101,xcpT,general secretion pathway protein G ,PA3101_xcpT_at,,
Secretion and virulence,PseudoCAP,2026-09-08,PA1871,lasA,LasA protease precursor ,PA1871_lasA_at,,
Secretion and virulence,PseudoCAP,2026-09-08,PA0678,---,probable type II secretion system protein ,PA0678_i_at,,
Secretion and virulence,PseudoCAP,2026-09-08,PA1724,pscK,type III export protein PscK ,PA1724_pscK_at,,
Secretion and virulence,PseudoCAP,2026-09-08,PA1716,pscC,type III secretion protein PscC ,PA1716_pscC_at,,
Secretion and virulence,PseudoCAP,2026-09-08,PA3104,xcpP,secretion protein XcpP ,PA3104_xcpP_at,,
Secretion and virulence,PseudoCAP,2026-09-08,PA0984,---,colicin immunity protein ,PA0984_at,,
Secretion and virulence,PseudoCAP,2026-09-08,PA2676,---,probable type II secretion system protein ,PA2676_at,,
Secretion and virulence,PseudoCAP,2026-09-08,PA1722,pscI,type III export protein PscI ,PA1722_pscI_at,,
Secretion and virulence,PseudoCAP,2026-09-08,PA1247,aprE,alkaline protease secretion protein AprE ,PA1247_aprE_at,,
Secretion and virulence,PseudoCAP,2026-09-08,PA1248,aprF,alkaline protease secretion protein AprF ,PA1248_aprF_at,,
Secretion and virulence,PseudoCAP,2026-09-08,PA1696,pscO,translocation protein in type III secretion ,PA1696_pscO_at,,
Secretion and virulence,PseudoCAP,2026-09-08,PA1698,popN,outer membrane protein PopN ,PA1698_popN_at,,
Secretion and virulence,PseudoCAP,2026-09-08,PA0684,---,probable type II secretion system protein ,PA0684_at,,
Secretion and virulence,PseudoCAP,2026-09-08,PA5128,secB,secretion protein SecB ,PA5128_secB_at,,
Secretion and virulence,PseudoCAP,2026-09-08,PA0985,---,probable colicin-like toxin ,PA0985_at,,
Secretion and virulence,PseudoCAP,2026-09-08,PA4457,---,conserved hypothetical protein ,PA4457_at,,
Secretion and virulence,PseudoCAP,2026-09-08,PA3724,lasB,elastase LasB ,PA3724_lasB_at,,
Secretion and virulence,PseudoCAP,2026-09-08,PA3479,rhlA,rhamnosyltransferase chain A ,PA3479_rhlA_at,,
Secretion and virulence,PseudoCAP,2026-09-08,PA1150,pys2,pyocin S2 ,PA1150_pys2_at,,
Secretion and virulence,PseudoCAP,2026-09-08,PA1693,pscR,translocation protein in type III secretion ,PA1693_pscR_at,,
Secretion and virulence,PseudoCAP,2026-09-08,PA3404,---,probable secretion protein ,PA3404_at,,
Secretion and virulence,PseudoCAP,2026-09-08,PA3831,pepA,leucine aminopeptidase ,PA3831_pepA_at,,
Secretion and virulence,PseudoCAP,2026-09-08,PA5210,---,probable secretion pathway ATPase ,PA5210_at,,
Secretion and virulence,PseudoCAP,2026-09-08,PA5112,estA,esterase EstA ,PA5112_estA_at,,
Secretion and virulence,PseudoCAP,2026-09-08,PA2259,ptxS,transcriptional regulator PtxS ,PA2259_ptxS_at,,
Secretion and virulence,PseudoCAP,2026-09-08,PA1699,---,conserved hypothetical protein in type III secretion ,PA1699_at,,
Secretion and virulence,PseudoCAP,2026-09-08,PA3820,secF,secretion protein SecF ,PA3820_secF_at,,
Secretion and virulence,PseudoCAP,2026-09-08,PA0373,ftsY,signal recognition particle receptor FtsY ,PA0373_ftsY_at,,
Secretion and virulence,PseudoCAP,2026-09-08,PA2675,---,probable type II secretion system protein ,PA2675_at,,
Secretion and virulence,PseudoCAP,2026-09-08,PA0687,---,probable type II secretion system protein ,PA0687_at,,
Secretion and virulence,PseudoCAP,2026-09-08,PA0843,plcR,phospholipase accessory protein PlcR precursor ,PA0843_plcR_at,,
Secretion and virulence,PseudoCAP,2026-09-08,PA3096,xcpY,general secretion pathway protein L ,PA3096_xcpY_at,,
Secretion and virulence,PseudoCAP,2026-09-08,PA3097,xcpX,general secretion pathway protein K ,PA3097_xcpX_at,,
Secretion and virulence,PseudoCAP,2026-09-08,PA0685,---,probable type II secretion system protein ,PA0685_at,,
Secretion and virulence,PseudoCAP,2026-09-08,PA4304,---,probable type II secretion system protein ,PA4304_at,,
Secretion and virulence,PseudoCAP,2026-09-08,PA4243,secY,secretion protein SecY ,PA4243_secY_at,,
Secretion and virulence,PseudoCAP,2026-09-08,PA1690,pscU,translocation protein in type III secretion ,PA1690_pscU_at,,
Secretion and virulence,PseudoCAP,2026-09-08,PA1877,---,probable secretion protein ,PA1877_at,,
Secretion and virulence,PseudoCAP,2026-09-08,PA4528,pilD,type 4 prepilin peptidase PilD ,PA4528_pilD_at,,
Secretion and virulence,PseudoCAP,2026-09-08,PA2257,pvcD,pyoverdine biosynthesis protein PvcD ,PA2257_pvcD_at,,
Secretion and virulence,PseudoCAP,2026-09-08,PA0768,lepB,signal peptidase I ,PA0768_lepB_at,,
Secretion and virulence,PseudoCAP,2026-09-08,PA1876,---,probable ATP-binding,PA1876_at,,
Secretion and virulence,PseudoCAP,2026-09-08,PA3319,plcN,non-hemolytic phospholipase C precursor ,PA3319_plcN_at,,
Secretion and virulence,PseudoCAP,2026-09-08,PA2673,---,probable type II secretion system protein ,PA2673_at,,
Secretion and virulence,PseudoCAP,2026-09-08,PA0683,---,probable type II secretion system protein ,PA0683_at,,
Secretion and virulence,PseudoCAP,2026-09-08,PA0686,---,probable type II secretion system protein ,PA0686_at,,
Secretion and virulence,PseudoCAP,2026-09-08,PA0767,lepA,GTP-binding protein LepA ,PA0767_lepA_at,,
Secretion and virulence,PseudoCAP,2026-09-08,PA3821,secD,secretion protein SecD ,PA3821_secD_at,,
Secretion and virulence,PseudoCAP,2026-09-08,PA0680,---,probable type II secretion system protein ,PA0680_at,,
Secretion and virulence,PseudoCAP,2026-09-08,PA1691,pscT,translocation protein in type III secretion ,PA1691_pscT_at,,
Secretion and virulence,PseudoCAP,2026-09-08,PA1382,---,probable type II secretion system protein ,PA1382_at,,
Secretion and virulence,PseudoCAP,2026-09-08,PA2254,pvcA,pyoverdine biosynthesis protein PvcA ,PA2254_pvcA_at,,
Secretion and virulence,PseudoCAP,2026-09-08,PA5069,tatB,translocation protein TatB ,PA5069_tatB_at,,
Secretion and virulence,PseudoCAP,2026-09-08,PA1867,---,hypothetical protein ,PA1867_at,,
Secretion and virulence,PseudoCAP,2026-09-08,PA4276,secE,secretion protein SecE ,PA4276_secE_at,,
Secretion and virulence,PseudoCAP,2026-09-08,PA2674,---,probable type II secretion system protein ,PA2674_at,,
Secretion and virulence,PseudoCAP,2026-09-08,PA0844,plcH,hemolytic phospholipase C precursor ,PA0844_plcH_at,,
Secretion and virulence,PseudoCAP,2026-09-08,PA4302,---,probable type II secretion system protein ,PA4302_at,,
Secretion and virulence,PseudoCAP,2026-09-08,PA3103,xcpR,general secretion pathway protein E ,PA3103_xcpR_at,,
Secretion and virulence,PseudoCAP,2026-09-08,PA3099,xcpV,general secretion pathway protein I ,PA3099_xcpV_at,,
Secretion and virulence,PseudoCAP,2026-09-08,PA2256,pvcC,pyoverdine biosynthesis protein PvcC ,PA2256_pvcC_at,,
Secretion and virulence,PseudoCAP,2026-09-08,PA3746,ffh,signal recognition particle protein Ffh ,PA3746_ffh_at,,
Secretion and virulence,PseudoCAP,2026-09-08,PA3102,xcpS,general secretion pathway protein F ,PA3102_xcpS_at,,
Secretion and virulence,PseudoCAP,2026-09-08,PA1148,toxA,exotoxin A precursor ,PA1148_toxA_at,,
Secretion and virulence,PseudoCAP,2026-09-08,PA2863,lipH,lipase modulator protein ,PA2863_lipH_at,,
Secretion and virulence,PseudoCAP,2026-09-08,PA1868,xqhA,secretion protein XqhA ,PA1868_xqhA_at,,
Secretion and virulence,PseudoCAP,2026-09-08,PA4403,secA,secretion protein SecA ,PA4403_secA_at,,
Secretion and virulence,PseudoCAP,2026-09-08,PA3095,xcpZ,general secretion pathway protein M ,PA3095_xcpZ_at,,
Secretion and virulence,PseudoCAP,2026-09-08,PA0677,---,probable type II secretion system protein ,PA0677_at,,
Secretion and virulence,PseudoCAP,2026-09-08,PA3100,xcpU,general secretion pathway protein H ,PA3100_xcpU_at,,
Secretion and virulence,PseudoCAP,2026-09-08,PA4747,secG,secretion protein SecG ,PA4747_secG_at,,
Secretion and virulence,PseudoCAP,2026-09-08,PA3360,---,probable secretion protein ,PA3360_at,,
Secretion and virulence,PseudoCAP,2026-09-08,PA1703,pcrD,type III secretory apparatus protein PcrD ,PA1703_pcrD_at,,
Secretion and virulence,PseudoCAP,2026-09-08,PA2672,---,probable type II secretion system protein ,PA2672_at,,
Secretion and virulence,PseudoCAP,2026-09-08,PA2677,---,probable type II secretion protein ,PA2677_at,,
Motility,PseudoCAP,2026-09-08,PA1456,cheY,two-component response regulator CheY ,PA1456_cheY_at,,
Motility,PseudoCAP,2026-09-08,PA1079,flgD,flagellar basal-body rod modification protein FlgD ,PA1079_flgD_at,,
Motility,PseudoCAP,2026-09-08,PA5042,pilO,type 4 fimbrial biogenesis protein PilO ,PA5042_pilO_at,,
Motility,PseudoCAP,2026-09-08,PA1447,fliQ,flagellar biosynthetic protein FliQ ,PA1447_fliQ_at,,
Motility,PseudoCAP,2026-09-08,PA1457,cheZ,chemotaxis protein CheZ ,PA1457_cheZ_at,,
Motility,PseudoCAP,2026-09-08,PA4526,pilB,type 4 fimbrial biogenesis protein PilB ,PA4526_pilB_at,,
Motility,PseudoCAP,2026-09-08,PA1448,fliR,flagellar biosynthetic protein FliR ,PA1448_fliR_at,,
Motility,PseudoCAP,2026-09-08,PA1445,fliO,flagellar protein FliO ,PA1445_fliO_at,,
Motility,PseudoCAP,2026-09-08,PA4554,pilY1,type 4 fimbrial biogenesis protein PilY1 ,PA4554_pilY1_at,,
Motility,PseudoCAP,2026-09-08,PA1446,fliP,flagellar biosynthetic protein FliP ,PA1446_fliP_at,,
Motility,PseudoCAP,2026-09-08,PA4083,cupB4,probable pili assembly chaperone ,PA4083_at,,
Motility,PseudoCAP,2026-09-08,PA5043,pilN,type 4 fimbrial biogenesis protein PilN ,PA5043_pilN_at,,
Secretion and virulence,PseudoCAP,2026-09-08,PA1725,pscL,type III export protein PscL ,PA1725_pscL_at,,
Motility,PseudoCAP,2026-09-08,PA5044,pilM,type 4 fimbrial biogenesis protein PilM ,PA5044_pilM_at,,
Motility,PseudoCAP,2026-09-08,PA0409,pilH,twitching motility protein PilH ,PA0409_pilH_at,,
Motility,PseudoCAP,2026-09-08,PA1080,flgE,flagellar hook protein FlgE ,PA1080_flgE_at,,
Motility,PseudoCAP,2026-09-08,PA4844,---,probable chemotaxis transducer ,PA4844_at,,
Motility,PseudoCAP,2026-09-08,PA0396,pilU,twitching motility protein PilU ,PA0396_pilU_at,,
Motility,PseudoCAP,2026-09-08,PA0410,pilI,twitching motility protein PilI ,PA0410_pilI_at,,
Motility,PseudoCAP,2026-09-08,PA4551,pilV,type 4 fimbrial biogenesis protein PilV ,PA4551_pilV_at,,
Motility,PseudoCAP,2026-09-08,PA4553,pilX,type 4 fimbrial biogenesis protein PilX ,PA4553_pilX_at,,
Motility,PseudoCAP,2026-09-08,PA4547,pilR,two-component response regulator PilR ,PA4547_pilR_at,,
Motility,PseudoCAP,2026-09-08,PA0412,pilK,methyltransferase PilK ,PA0412_pilK_at,,
Motility,PseudoCAP,2026-09-08,PA4915,---,probable chemotaxis transducer ,PA4915_at,,
Motility,PseudoCAP,2026-09-08,PA5498,---,probable adhesin ,PA5498_at,,
Motility,PseudoCAP,2026-09-08,PA1082,flgG,flagellar basal-body rod protein FlgG ,PA1082_flgG_at,,
Motility,PseudoCAP,2026-09-08,PA0994,cupC3,probable fimbrial biogenesis usher protein ,PA0994_at,,
Motility,PseudoCAP,2026-09-08,PA1452,flhA,flagellar biosynthesis protein FlhA ,PA1452_flhA_at,,
Motility,PseudoCAP,2026-09-08,PA1077,flgB,flagellar basal-body rod protein FlgB ,PA1077_flgB_at,,
Motility,PseudoCAP,2026-09-08,PA1443,fliM,flagellar motor switch protein FliM ,PA1443_fliM_at,,
Motility,PseudoCAP,2026-09-08,PA3349,---,probable chemotaxis protein ,PA3349_at,,
Motility,PseudoCAP,2026-09-08,PA0411,pilJ,twitching motility protein PilJ ,PA0411_pilJ_at,,
Motility,PseudoCAP,2026-09-08,PA1458,---,probable two-component sensor ,PA1458_at,,
Motility,PseudoCAP,2026-09-08,PA1078,flgC,flagellar basal-body rod protein FlgC ,PA1078_flgC_at,,
Motility,PseudoCAP,2026-09-08,PA2132,cupA5,probable pili assembly chaperone ,PA2132_at,,
Motility,PseudoCAP,2026-09-08,PA4309,pctA,chemotactic transducer PctA ,PA4309_pctA_at,,
Motility,PseudoCAP,2026-09-08,PA1608,---,probable chemotaxis transducer ,PA1608_at,,
Motility,PseudoCAP,2026-09-08,PA0993,cupC2,probable pili assembly chaperone ,PA0993_at,,
Motility,PseudoCAP,2026-09-08,PA0992,cupC1,probable fimbrial subunit protein ,PA0992_at,,
Motility,PseudoCAP,2026-09-08,PA0395,pilT,twitching motility protein PilT ,PA0395_pilT_at,,
Motility,PseudoCAP,2026-09-08,PA1449,flhB,flagellar biosynthetic protein FlhB ,PA1449_flhB_at,,
Motility,PseudoCAP,2026-09-08,PA2867,---,probable chemotaxis transducer ,PA2867_at,,
Motility,PseudoCAP,2026-09-08,PA4081,cupB6,probable fimbrial protein ,PA4081_at,,
Motility,PseudoCAP,2026-09-08,PA4552,pilW,type 4 fimbrial biogenesis protein PilW ,PA4552_pilW_at,,
Motility,PseudoCAP,2026-09-08,PA3348,---,probable chemotaxis protein methyltransferase ,PA3348_at,,
Motility,PseudoCAP,2026-09-08,PA4087,---,conserved hypothetical protein ,PA4087_at,,
Motility,PseudoCAP,2026-09-08,PA4550,fimU,type 4 fimbrial biogenesis protein FimU ,PA4550_fimU_at,,
Motility,PseudoCAP,2026-09-08,PA1097,fleQ,transcriptional regulator FleQ ,PA1097_fleQ_at,,
Motility,PseudoCAP,2026-09-08,PA2573,---,probable chemotaxis transducer ,PA2573_at,,
Motility,PseudoCAP,2026-09-08,PA1081,flgF,flagellar basal-body rod protein FlgF ,PA1081_flgF_at,,
Motility,PseudoCAP,2026-09-08,PA1930,---,probable chemotaxis transducer ,PA1930_at,,
Secretion and virulence,PseudoCAP,2026-09-08,PA0263,hcpA /// hcpB /// hcpC,secreted protein Hcp ,PA0263_hcpC_s_at,,
Secretion and virulence,PseudoCAP,2026-09-08,PA1719,pscF,type III export protein PscF ,PA1719_pscF_at,,
Secretion and virulence,PseudoCAP,2026-09-08,PA1694,pscQ,translocation protein in type III secretion ,PA1694_pscQ_at,,
Secretion and virulence,PseudoCAP,2026-09-08,PA3406,hasD,transport protein HasD ,PA3406_hasD_at,,
Secretion and virulence,PseudoCAP,2026-09-08,PA1246,aprD,alkaline protease secretion protein AprD ,PA1246_aprD_at,,
Secretion and virulence,PseudoCAP,2026-09-08,PA3405,hasE,metalloprotease secretion protein ,PA3405_hasE_at,,
Motility,PseudoCAP,2026-09-08,PA0499,---,probable pili assembly chaperone ,PA0499_at,,
Secretion and virulence,PseudoCAP,2026-09-08,PA1692,---,probable translocation protein in type III secretion ,PA1692_at,,
Secretion and virulence,PseudoCAP,2026-09-08,PA1721,pscH,type III export protein PscH ,PA1721_pscH_at,,
Secretion and virulence,PseudoCAP,2026-09-08,PA1717,pscD,type III export protein PscD ,PA1717_pscD_at,,
Secretion and virulence,PseudoCAP,2026-09-08,PA1697,---,ATP synthase in type III secretion system ,PA1697_at,,
Secretion and virulence,PseudoCAP,2026-09-08,PA1695,pscP,translocation protein in type III secretion ,PA1695_pscP_at,,
Secretion and virulence,PseudoCAP,2026-09-08,PA1701,---,conserved hypothetical protein in type III secretion ,PA1701_at,,
Secretion and virulence,PseudoCAP,2026-09-08,PA1723,pscJ,type III export protein PscJ ,PA1723_pscJ_at,,
Secretion and virulence,PseudoCAP,2026-09-08,PA1700,---,conserved hypothetical protein in type III secretion ,PA1700_at,,
Secretion and virulence,PseudoCAP,2026-09-08,PA2191,exoY,adenylate cyclase ExoY ,PA2191_exoY_at,,
Secretion and virulence,PseudoCAP,2026-09-08,PA1720,pscG,type III export protein PscG ,PA1720_pscG_at,,
Secretion and virulence,PseudoCAP,2026-09-08,PA1249,aprA,alkaline metalloproteinase precursor ,PA1249_aprA_at,,
Secretion and virulence,PseudoCAP,2026-09-08,PA2255,pvcB,pyoverdine biosynthesis protein PvcB ,PA2255_pvcB_at,,
Secretion and virulence,PseudoCAP,2026-09-08,PA1715,pscB,type III export apparatus protein ,PA1715_pscB_at,,
Motility,PseudoCAP,2026-09-08,PA4546,pilS,two-component sensor PilS ,PA4546_pilS_at,,
Motility,PseudoCAP,2026-09-08,PA4307,pctC,chemotactic transducer PctC ,PA4307_pctC_at,,
Motility,PseudoCAP,2026-09-08,PA2130,cupA3,probable fimbrial biogenesis usher protein ,PA2130_at,,
Motility,PseudoCAP,2026-09-08,PA5041,pilP,type 4 fimbrial biogenesis protein PilP ,PA5041_pilP_at,,
Motility,PseudoCAP,2026-09-08,PA1444,fliN,flagellar motor switch protein FliN ,PA1444_fliN_at,,
Motility,PseudoCAP,2026-09-08,PA4085,cupB2,probable pili asembly chaperone ,PA4085_at,,
Motility,PseudoCAP,2026-09-08,PA0408,pilG,twitching motility protein PilG ,PA0408_pilG_at,,
Motility,PseudoCAP,2026-09-08,PA4954,motA,chemotaxis protein MotA ,PA4954_motA_at,,
Motility,PseudoCAP,2026-09-08,PA3708,wspA,probable chemotaxis transducer ,PA3708_at,,
Secretion and virulence,PseudoCAP,2026-09-08,PA1708,popB,translocator protein PopB ,PA1708_popB_at,,
Secretion and virulence,PseudoCAP,2026-09-08,PA1707,pcrH,regulatory protein PcrH ,PA1707_pcrH_at,,
Secretion and virulence,PseudoCAP,2026-09-08,PA1718,pscE,type III export protein PscE ,PA1718_pscE_at,,
Secretion and virulence,PseudoCAP,2026-09-08,PA3866,---,pyocin protein ,PA3866_at,,
Secretion and virulence,PseudoCAP,2026-09-08,PA1709,popD,translocator protein PopD ,PA1709_popD_at,,
Secretion and virulence,PseudoCAP,2026-09-08,PA4143,---,probable toxin transporter ,PA4143_at,,
Secretion and virulence,PseudoCAP,2026-09-08,PA1710,exsC,exoenzyme S synthesis protein C precursor ,PA1710_exsC_at,,
Secretion and virulence,PseudoCAP,2026-09-08,PA0044,exoT,exoenzyme T ,PA0044_exoT_at,,
Secretion and virulence,PseudoCAP,2026-09-08,PA1712,exsB,exoenzyme S synthesis protein B ,PA1712_exsB_at,,
Secretion and virulence,PseudoCAP,2026-09-08,PA1706,pcrV,type III secretion protein PcrV ,PA1706_pcrV_at,,
Secretion and virulence,PseudoCAP,2026-09-08,PA3841,exoS,exoenzyme S ,PA3841_exoS_at,,
Secretion and virulence,PseudoCAP,2026-09-08,PA4144,---,probable secretion protein ,PA4144_at,,
Secretion and virulence,PseudoCAP,2026-09-08,PA3842,---,probable chaperone ,PA3842_at,,
Secretion and virulence,PseudoCAP,2026-09-08,PA1713,exsA,transcriptional regulator ExsA ,PA1713_exsA_at,,
Secretion and virulence,PseudoCAP,2026-09-08,PA4142,---,probable secretion protein ,PA4142_at,,
Central carbon and amino acid metabolism,PseudoCAP,2026-09-08,PA0164,---,probable gamma-glutamyltranspeptidase ,PA0164_at,,
Central carbon and amino acid metabolism,PseudoCAP,2026-09-08,PA2053,cynT,carbonate dehydratase ,PA2053_cynT_at,,
Central carbon and amino acid metabolism,PseudoCAP,2026-09-08,PA5549,glmS,glucosamine--fructose-6-phosphate aminotransferase ,PA5549_glmS_at,,
Central carbon and amino acid metabolism,PseudoCAP,2026-09-08,PA4759,dapB,dihydrodipicolinate reductase ,PA4759_dapB_at,,
Central carbon and amino acid metabolism,PseudoCAP,2026-09-08,PA0265,gabD,succinate-semialdehyde dehydrogenase ,PA0265_gabD_at,,
Central carbon and amino acid metabolism,PseudoCAP,2026-09-08,PA3561,fruK,1-phosphofructokinase ,PA3561_fruK_at,,
Central carbon and amino acid metabolism,PseudoCAP,2026-09-08,PA1483,cycH,cytochrome c-type biogenesis protein ,PA1483_cycH_at,,
Central carbon and amino acid metabolism,PseudoCAP,2026-09-08,PA2414,---,L-sorbosone dehydrogenase ,PA2414_at,,
Central carbon and amino acid metabolism,PseudoCAP,2026-09-08,PA1600,---,probable cytochrome c ,PA1600_at,,
Central carbon and amino acid metabolism,PseudoCAP,2026-09-08,PA5555,atpG,ATP synthase gamma chain ,PA5555_atpG_at,,
Central carbon and amino acid metabolism,PseudoCAP,2026-09-08,PA0108,coIII,"cytochrome c oxidase, subunit III ",PA0108_coIII_at,,
Central carbon and amino acid metabolism,PseudoCAP,2026-09-08,PA1843,metH,methionine synthase ,PA1843_metH_at,,
Central carbon and amino acid metabolism,PseudoCAP,2026-09-08,PA0795,prpC,citrate synthase 2 ,PA0795_prpC_at,,
Secretion and virulence,PseudoCAP,2026-09-08,PA1875,---,hypothetical protein ,PA1875_at,,
Central carbon and amino acid metabolism,PseudoCAP,2026-09-08,PA5427,adhA,alcohol dehydrogenase ,PA5427_adhA_at,,
Central carbon and amino acid metabolism,PseudoCAP,2026-09-08,PA4125,hpcD,5-carboxymethyl-2-hydroxymuconate isomerase ,PA4125_hpcD_at,,
Central carbon and amino acid metabolism,PseudoCAP,2026-09-08,PA5421,fdhA,glutathione-independent formaldehyde dehydrogenase ,PA5421_fdhA_at,,
Central carbon and amino acid metabolism,PseudoCAP,2026-09-08,PA2083,---,probable ring-hydroxylating dioxygenase subunit ,PA2083_at,,
Central carbon and amino acid metabolism,PseudoCAP,2026-09-08,PA5418,soxA,sarcosine oxidase alpha subunit ,PA5418_soxA_at,,
Central carbon and amino acid metabolism,PseudoCAP,2026-09-08,PA1525,alkB2,probable alkane hydroxylase ,PA1525_at,,
Central carbon and amino acid metabolism,PseudoCAP,2026-09-08,PA0018,fmt,methionyl-tRNA formyltransferase ,PA0018_fmt_at,,
Central carbon and amino acid metabolism,PseudoCAP,2026-09-08,PA5223,ubiH,ubiH protein ,PA5223_ubiH_at,,
Central carbon and amino acid metabolism,PseudoCAP,2026-09-08,PA0897,aruG,arginine,PA0897_aruG_at,,
Central carbon and amino acid metabolism,PseudoCAP,2026-09-08,PA4412,murG,UDP-N-acetylglucosamine--N-acetylmuramyl-(pentapeptide) pyrophosphoryl-undecaprenol N-acetylglucosamine transferase ,PA4412_murG_at,,
Central carbon and amino acid metabolism,PseudoCAP,2026-09-08,PA0195,pntA,still frameshift pyridine nucleotide transhydrogenase alpha subunit ,PA0195_pntA_at,,
Central carbon and amino acid metabolism,PseudoCAP,2026-09-08,PA5100,hutU,urocanase ,PA5100_hutU_at,,
Central carbon and amino acid metabolism,PseudoCAP,2026-09-08,PA4447,hisC1,histidinol-phosphate aminotransferase ,PA4447_hisC1_at,,
Central carbon and amino acid metabolism,PseudoCAP,2026-09-08,PA1337,ansB,glutaminase-asparaginase ,PA1337_ansB_at,,
Central carbon and amino acid metabolism,PseudoCAP,2026-09-08,PA2726,---,probable radical activating enzyme ,PA2726_at,,
Central carbon and amino acid metabolism,PseudoCAP,2026-09-08,PA1481,ccmG,cytochrome C biogenesis protein CcmG ,PA1481_ccmG_at,,
Central carbon and amino acid metabolism,PseudoCAP,2026-09-08,PA2643,nuoH,NADH dehydrogenase I chain H ,PA2643_nuoH_at,,
Central carbon and amino acid metabolism,PseudoCAP,2026-09-08,PA0153,pcaH,"protocatechuate 3,4-dioxygenase, beta subunit ",PA0153_pcaH_at,,
Central carbon and amino acid metabolism,PseudoCAP,2026-09-08,PA3562,---,probable phosphotransferase system enzyme I ,PA3562_at,,
Central carbon and amino acid metabolism,PseudoCAP,2026-09-08,PA0546,metK,methionine adenosyltransferase ,PA0546_metK_at,,
Central carbon and amino acid metabolism,PseudoCAP,2026-09-08,PA3929,cioB,cyanide insensitive terminal oxidase ,PA3929_cioB_at,,
Central carbon and amino acid metabolism,PseudoCAP,2026-09-08,PA4538,ndh,NADH dehydrogenase ,PA4538_ndh_at,,
Central carbon and amino acid metabolism,PseudoCAP,2026-09-08,PA4025,---,probable ethanolamine ammonia-lyase light chain ,PA4025_r_at,,
Central carbon and amino acid metabolism,PseudoCAP,2026-09-08,PA4756,carB,carbamoylphosphate synthetase large subunit ,PA4756_carB_at,,
Central carbon and amino acid metabolism,PseudoCAP,2026-09-08,PA5411,---,probable ferredoxin ,PA5411_at,,
Central carbon and amino acid metabolism,PseudoCAP,2026-09-08,PA1588,sucC,succinyl-CoA synthetase beta chain ,PA1588_sucC_at,,
Central carbon and amino acid metabolism,PseudoCAP,2026-09-08,PA3930,cioA,cyanide insensitive terminal oxidase ,PA3930_cioA_at,,
Central carbon and amino acid metabolism,PseudoCAP,2026-09-08,PA5131,pgm,phosphoglycerate mutase ,PA5131_pgm_at,,
Central carbon and amino acid metabolism,PseudoCAP,2026-09-08,PA5400,---,probable electron transfer flavoprotein alpha subunit ,PA5400_at,,
Central carbon and amino acid metabolism,PseudoCAP,2026-09-08,PA3525,argG,argininosuccinate synthase ,PA3525_argG_at,,
Central carbon and amino acid metabolism,PseudoCAP,2026-09-08,PA0107,---,conserved hypothetical protein ,PA0107_at,,
Central carbon and amino acid metabolism,PseudoCAP,2026-09-08,PA5417,soxD,sarcosine oxidase delta subunit ,PA5417_soxD_at,,
Central carbon and amino acid metabolism,PseudoCAP,2026-09-08,PA5172,arcB,"ornithine carbamoyltransferase, catabolic ",PA5172_arcB_at,,
Central carbon and amino acid metabolism,PseudoCAP,2026-09-08,PA0266,gabT,4-aminobutyrate aminotransferase ,PA0266_gabT_at,,
Central carbon and amino acid metabolism,PseudoCAP,2026-09-08,PA3195,gapA,glyceraldehyde 3-phosphate dehydrogenase ,PA3195_gapA_at,,
Central carbon and amino acid metabolism,PseudoCAP,2026-09-08,PA1320,cyoD,cytochrome o ubiquinol oxidase subunit IV ,PA1320_cyoD_at,,
Central carbon and amino acid metabolism,PseudoCAP,2026-09-08,PA5353,glcF,glycolate oxidase subunit GlcF ,PA5353_glcF_at,,
Central carbon and amino acid metabolism,PseudoCAP,2026-09-08,PA4696,ilvI,acetolactate synthase large subunit ,PA4696_ilvI_at,,
Central carbon and amino acid metabolism,PseudoCAP,2026-09-08,PA3118,leuB,3-isopropylmalate dehydrogenase ,PA3118_leuB_at,,
Central carbon and amino acid metabolism,PseudoCAP,2026-09-08,PA5419,soxG,sarcosine oxidase gamma subunit ,PA5419_soxG_at,,
Central carbon and amino acid metabolism,PseudoCAP,2026-09-08,PA2637,nuoA,NADH dehydrogenase I chain A ,PA2637_nuoA_at,,
Central carbon and amino acid metabolism,PseudoCAP,2026-09-08,PA0154,pcaG,"protocatechuate 3,4-dioxygenase, alpha subunit ",PA0154_pcaG_at,,
Central carbon and amino acid metabolism,PseudoCAP,2026-09-08,PA2714,---,probable molybdopterin oxidoreductase ,PA2714_at,,
Central carbon and amino acid metabolism,PseudoCAP,2026-09-08,PA2813,---,probable glutathione S-transferase ,PA2813_at,,
Central carbon and amino acid metabolism,PseudoCAP,2026-09-08,PA0871,phhB,pterin-4-alpha-carbinolamine dehydratase ,PA0871_phhB_at,,
Central carbon and amino acid metabolism,PseudoCAP,2026-09-08,PA4977,---,probable acetolactate synthase large subunit ,PA4977_at,,
Central carbon and amino acid metabolism,PseudoCAP,2026-09-08,PA3570,mmsA,methylmalonate-semialdehyde dehydrogenase ,PA3570_mmsA_at,,
Central carbon and amino acid metabolism,PseudoCAP,2026-09-08,PA3363,amiR,aliphatic amidase regulator ,PA3363_amiR_at,,
Central carbon and amino acid metabolism,PseudoCAP,2026-09-08,PA3483,---,hypothetical protein ,PA3483_at,,
Central carbon and amino acid metabolism,PseudoCAP,2026-09-08,PA2008,fahA,fumarylacetoacetase ,PA2008_fahA_at,,
Central carbon and amino acid metabolism,PseudoCAP,2026-09-08,PA5553,atpC,ATP synthase epsilon chain ,PA5553_atpC_at,,
Central carbon and amino acid metabolism,PseudoCAP,2026-09-08,PA5204,argA,N-acetylglutamate synthase ,PA5204_argA_at,,
Central carbon and amino acid metabolism,PseudoCAP,2026-09-08,PA5379,sdaB,L-serine dehydratase ,PA5379_sdaB_at,,
Central carbon and amino acid metabolism,PseudoCAP,2026-09-08,PA0650,trpD,anthranilate phosphoribosyltransferase ,PA0650_trpD_at,,
Central carbon and amino acid metabolism,PseudoCAP,2026-09-08,PA2997,nqrC,Na+-translocating NADH:ubiquinone oxidoreductase subunit Nrq3 ,PA2997_nqrC_at,,
Central carbon and amino acid metabolism,PseudoCAP,2026-09-08,PA2646,nuoK,NADH dehydrogenase I chain K ,PA2646_nuoK_at,,
Central carbon and amino acid metabolism,PseudoCAP,2026-09-08,PA1557,---,probable cytochrome oxidase subunit (cbb3-type) ,PA1557_at,,
Central carbon and amino acid metabolism,PseudoCAP,2026-09-08,PA2003,bdhA,3-hydroxybutyrate dehydrogenase ,PA2003_bdhA_at,,
Central carbon and amino acid metabolism,PseudoCAP,2026-09-08,PA2023,galU,UTP--glucose-1-phosphate uridylyltransferase ,PA2023_galU_at,,
Central carbon and amino acid metabolism,PseudoCAP,2026-09-08,PA1482,ccmH,cytochrome C-type biogenesis protein CcmH ,PA1482_ccmH_at,,
Central carbon and amino acid metabolism,PseudoCAP,2026-09-08,PA1555,---,probable cytochrome c ,PA1555_at,,
Central carbon and amino acid metabolism,PseudoCAP,2026-09-08,PA5141,hisA,phosphoribosylformimino-5-aminoimidazole carboxamide ,PA5141_hisA_at,,
Central carbon and amino acid metabolism,PseudoCAP,2026-09-08,PA4569,ispB,octaprenyl-diphosphate synthase ,PA4569_ispB_at,,
Central carbon and amino acid metabolism,PseudoCAP,2026-09-08,PA0025,aroE,shikimate dehydrogenase ,PA0025_aroE_at,,
Central carbon and amino acid metabolism,PseudoCAP,2026-09-08,PA2000,---,"probable CoA transferase, subunit B ",PA2000_at,,
Central carbon and amino acid metabolism,PseudoCAP,2026-09-08,PA1556,---,probable cytochrome c oxidase subunit ,PA1556_at,,
Central carbon and amino acid metabolism,PseudoCAP,2026-09-08,PA1176,napF,ferredoxin protein NapF ,PA1176_napF_at,,
Central carbon and amino acid metabolism,PseudoCAP,2026-09-08,PA3537,argF,"ornithine carbamoyltransferase, anabolic ",PA3537_argF_at,,
Central carbon and amino acid metabolism,PseudoCAP,2026-09-08,PA5435,---,probable transcarboxylase subunit ,PA5435_at,,
Central carbon and amino acid metabolism,PseudoCAP,2026-09-08,PA1217,---,probable 2-isopropylmalate synthase ,PA1217_at,,
Central carbon and amino acid metabolism,PseudoCAP,2026-09-08,PA3397,fpr,ferredoxin--NADP+ reductase ,PA3397_fpr_at,,
Central carbon and amino acid metabolism,PseudoCAP,2026-09-08,PA4024,eutB,ethanolamine ammonia-lyase large subunit ,PA4024_eutB_at,,
Central carbon and amino acid metabolism,PseudoCAP,2026-09-08,PA5561,atpI,ATP synthase protein I ,PA5561_atpI_at,,
Central carbon and amino acid metabolism,PseudoCAP,2026-09-08,PA1326,ilvA2,"threonine dehydratase, biosynthetic ",PA1326_ilvA2_at,,
Central carbon and amino acid metabolism,PseudoCAP,2026-09-08,PA3331,---,cytochrome P450 ,PA3331_at,,
Central carbon and amino acid metabolism,PseudoCAP,2026-09-08,PA5556,atpA,ATP synthase alpha chain ,PA5556_atpA_at,,
Central carbon and amino acid metabolism,PseudoCAP,2026-09-08,PA0796,prpB,carboxyphosphonoenolpyruvate phosphonomutase ,PA0796_prpB_at,,
Central carbon and amino acid metabolism,PseudoCAP,2026-09-08,PA5560,atpB,ATP synthase A chain ,PA5560_atpB_at,,
Central carbon and amino acid metabolism,PseudoCAP,2026-09-08,PA0105,coxB,"cytochrome c oxidase, subunit II ",PA0105_coxB_at,,
Central carbon and amino acid metabolism,PseudoCAP,2026-09-08,PA4922,azu,azurin precursor ,PA4922_azu_at,,
Central carbon and amino acid metabolism,PseudoCAP,2026-09-08,PA5214,gcvH1,glycine cleavage system protein H1 ,PA5214_gcvH1_at,,
Central carbon and amino acid metabolism,PseudoCAP,2026-09-08,PA1338,ggt,gamma-glutamyltranspeptidase precursor ,PA1338_ggt_at,,
Central carbon and amino acid metabolism,PseudoCAP,2026-09-08,PA2683,---,probable serine,PA2683_at,,
Central carbon and amino acid metabolism,PseudoCAP,2026-09-08,PA1409,aphA,acetylpolyamine aminohydrolase ,PA1409_aphA_at,,
Central carbon and amino acid metabolism,PseudoCAP,2026-09-08,PA5558,atpF,ATP synthase B chain ,PA5558_atpF_at,,
Central carbon and amino acid metabolism,PseudoCAP,2026-09-08,PA0651,trpC,indole-3-glycerol-phosphate synthase ,PA0651_trpC_at,,
Central carbon and amino acid metabolism,PseudoCAP,2026-09-08,PA4867,ureB,urease beta subunit ,PA4867_ureB_at,,
Central carbon and amino acid metabolism,PseudoCAP,2026-09-08,PA3113,trpF,N-(5'phosphoribosyl)anthranilate (PRA) isomerase ,PA3113_trpF_at,,
Central carbon and amino acid metabolism,PseudoCAP,2026-09-08,PA5554,atpD,ATP synthase beta chain ,PA5554_atpD_at,,
Central carbon and amino acid metabolism,PseudoCAP,2026-09-08,PA0710,gloA2,lactoylglutathione lyase ,PA0710_gloA2_at,,
Central carbon and amino acid metabolism,PseudoCAP,2026-09-08,PA1629,---,probable enoyl-CoA hydratase,PA1629_at,,
Central carbon and amino acid metabolism,PseudoCAP,2026-09-08,PA2195,hcnC,hydrogen cyanide synthase HcnC ,PA2195_hcnC_at,,
Central carbon and amino acid metabolism,PseudoCAP,2026-09-08,PA0362,fdx1,ferredoxin [4Fe-4S] ,PA0362_fdx1_at,,
Central carbon and amino acid metabolism,PseudoCAP,2026-09-08,PA2007,maiA,maleylacetoacetate isomerase ,PA2007_maiA_i_at,,
Central carbon and amino acid metabolism,PseudoCAP,2026-09-08,PA0870,phhC,aromatic amino acid aminotransferase ,PA0870_phhC_at,,
Central carbon and amino acid metabolism,PseudoCAP,2026-09-08,PA4548,---,probable D-amino acid oxidase ,PA4548_at,,
Central carbon and amino acid metabolism,PseudoCAP,2026-09-08,PA2994,nqrF,"Na+-translocating NADH:quinone oxidoreductase, subunit Nqr6 ",PA2994_nqrF_at,,
Central carbon and amino acid metabolism,PseudoCAP,2026-09-08,PA0106,coxA,"cytochrome c oxidase, subunit I ",PA0106_coxA_at,,
Central carbon and amino acid metabolism,PseudoCAP,2026-09-08,PA5300,cycB,cytochrome c5 ,PA5300_cycB_at,,
Central carbon and amino acid metabolism,PseudoCAP,2026-09-08,PA0132,---,beta-alanine--pyruvate transaminase ,PA0132_at,,
Central carbon and amino acid metabolism,PseudoCAP,2026-09-08,PA0794,---,probable aconitate hydratase ,PA0794_at,,
Central carbon and amino acid metabolism,PseudoCAP,2026-09-08,PA4810,fdnI,"nitrate-inducible formate dehydrogenase, gamma subunit ",PA4810_fdnI_at,,
Central carbon and amino acid metabolism,PseudoCAP,2026-09-08,PA0353,ilvD,dihydroxy-acid dehydratase ,PA0353_ilvD_at,,
Central carbon and amino acid metabolism,PseudoCAP,2026-09-08,PA3452,mqoA,malate:quinone oxidoreductase ,PA3452_mqoA_at,,
Central carbon and amino acid metabolism,PseudoCAP,2026-09-08,PA0517,nirC,probable c-type cytochrome precursor ,PA0517_nirC_at,,
Central carbon and amino acid metabolism,PseudoCAP,2026-09-08,PA4811,fdnH,"nitrate-inducible formate dehydrogenase, beta subunit ",PA4811_fdnH_at,,
Central carbon and amino acid metabolism,PseudoCAP,2026-09-08,PA4430,---,probable cytochrome b ,PA4430_at,,
Central carbon and amino acid metabolism,PseudoCAP,2026-09-08,PA0792,prpD,propionate catabolic protein PrpD ,PA0792_prpD_at,,
Central carbon and amino acid metabolism,PseudoCAP,2026-09-08,PA1589,sucD,succinyl-CoA synthetase alpha chain ,PA1589_sucD_at,,
Central carbon and amino acid metabolism,PseudoCAP,2026-09-08,PA4429,---,probable cytochrome c1 precursor ,PA4429_at,,
Central carbon and amino acid metabolism,PseudoCAP,2026-09-08,PA1787,acnB,aconitate hydratase 2 ,PA1787_acnB_at,,
Central carbon and amino acid metabolism,PseudoCAP,2026-09-08,PA0525,---,probable dinitrification protein NorD ,PA0525_at,,
Central carbon and amino acid metabolism,PseudoCAP,2026-09-08,PA3396,nosL,NosL protein ,PA3396_nosL_at,,
Central carbon and amino acid metabolism,PseudoCAP,2026-09-08,PA4333,---,probable fumarase ,PA4333_at,,
Central carbon and amino acid metabolism,PseudoCAP,2026-09-08,PA2642,nuoG,NADH dehydrogenase I chain G ,PA2642_nuoG_at,,
Central carbon and amino acid metabolism,PseudoCAP,2026-09-08,PA1551,---,probable ferredoxin ,PA1551_at,,
Central carbon and amino acid metabolism,PseudoCAP,2026-09-08,PA1584,sdhB,succinate dehydrogenase (B subunit) ,PA1584_sdhB_at,,
Central carbon and amino acid metabolism,PseudoCAP,2026-09-08,PA0521,---,probable cytochrome c oxidase subunit ,PA0521_at,,
Central carbon and amino acid metabolism,PseudoCAP,2026-09-08,PA5490,cc4,cytochrome c4 precursor ,PA5490_cc4_at,,
Central carbon and amino acid metabolism,PseudoCAP,2026-09-08,PA1562,acnA,aconitate hydratase 1 ,PA1562_acnA_at,,
Central carbon and amino acid metabolism,PseudoCAP,2026-09-08,PA0400,---,probable cystathionine gamma-lyase ,PA0400_at,,
Central carbon and amino acid metabolism,PseudoCAP,2026-09-08,PA4130,---,probable sulfite or nitrite reductase ,PA4130_at,,
Central carbon and amino acid metabolism,PseudoCAP,2026-09-08,PA2641,nuoF,NADH dehydrogenase I chain F ,PA2641_nuoF_at,,
Central carbon and amino acid metabolism,PseudoCAP,2026-09-08,PA2393,---,probable dipeptidase precursor ,PA2393_at,,
Central carbon and amino acid metabolism,PseudoCAP,2026-09-08,PA4470,fumC1,fumarate hydratase ,PA4470_fumC1_at,,
Central carbon and amino acid metabolism,PseudoCAP,2026-09-08,PA0918,---,cytochrome b561 ,PA0918_at,,
Central carbon and amino acid metabolism,PseudoCAP,2026-09-08,PA3121,leuC,3-isopropylmalate dehydratase large subunit ,PA3121_leuC_at,,
Central carbon and amino acid metabolism,PseudoCAP,2026-09-08,PA0511,nirJ,heme d1 biosynthesis protein NirJ ,PA0511_nirJ_at,,
Central carbon and amino acid metabolism,PseudoCAP,2026-09-08,PA0510,---,probable uroporphyrin-III c-methyltransferase ,PA0510_at,,
Central carbon and amino acid metabolism,PseudoCAP,2026-09-08,PA3524,gloA1,lactoylglutathione lyase ,PA3524_gloA1_at,,
Central carbon and amino acid metabolism,PseudoCAP,2026-09-08,PA0513,---,probable transcriptional regulator ,PA0513_at,,
Central carbon and amino acid metabolism,PseudoCAP,2026-09-08,PA0514,nirL,heme d1 biosynthesis protein NirL ,PA0514_nirL_at,,
Central carbon and amino acid metabolism,PseudoCAP,2026-09-08,PA3394,nosF,NosF protein ,PA3394_nosF_at,,
Central carbon and amino acid metabolism,PseudoCAP,2026-09-08,PA0512,---,conserved hypothetical protein ,PA0512_at,,
Central carbon and amino acid metabolism,PseudoCAP,2026-09-08,PA2265,---,gluconate dehydrogenase ,PA2265_at,,
Central carbon and amino acid metabolism,PseudoCAP,2026-09-08,PA0509,nirN,probable c-type cytochrome ,PA0509_nirN_at,,
Central carbon and amino acid metabolism,PseudoCAP,2026-09-08,PA0515,---,probable transcriptional regulator ,PA0515_at,,
Central carbon and amino acid metabolism,PseudoCAP,2026-09-08,PA2382,lldA,L-lactate dehydrogenase ,PA2382_lldA_at,,
Central carbon and amino acid metabolism,PseudoCAP,2026-09-08,PA2953,---,electron transfer flavoprotein-ubiquinone oxidoreductase ,PA2953_at,,
Central carbon and amino acid metabolism,PseudoCAP,2026-09-08,PA0516,nirF,heme d1 biosynthesis protein NirF ,PA0516_nirF_at,,
Central carbon and amino acid metabolism,PseudoCAP,2026-09-08,PA0518,nirM,cytochrome c-551 precursor ,PA0518_nirM_at,,
Central carbon and amino acid metabolism,PseudoCAP,2026-09-08,PA3395,nosY,NosY protein ,PA3395_nosY_at,,
Central carbon and amino acid metabolism,PseudoCAP,2026-09-08,PA2531,---,probable aminotransferase ,PA2531_at,,
Central carbon and amino acid metabolism,PseudoCAP,2026-09-08,PA3120,leuD,3-isopropylmalate dehydratase small subunit ,PA3120_leuD_at,,
Central carbon and amino acid metabolism,PseudoCAP,2026-09-08,PA0520,nirQ,regulatory protein NirQ ,PA0520_nirQ_at,,
Central carbon and amino acid metabolism,PseudoCAP,2026-09-08,PA4812,fdnG,"formate dehydrogenase-O, major subunit ",PA4812_fdnG_at,,
Central carbon and amino acid metabolism,PseudoCAP,2026-09-08,PA2640,nuoE,NADH dehydrogenase I chain E ,PA2640_nuoE_at,,
Central carbon and amino acid metabolism,PseudoCAP,2026-09-08,PA5429,aspA,aspartate ammonia-lyase ,PA5429_aspA_at,,
Central carbon and amino acid metabolism,PseudoCAP,2026-09-08,PA4695,ilvH,acetolactate synthase isozyme III small subunit ,PA4695_ilvH_at,,
Central carbon and amino acid metabolism,PseudoCAP,2026-09-08,PA1162,dapE,succinyl-diaminopimelate desuccinylase ,PA1162_dapE_at,,
Central carbon and amino acid metabolism,PseudoCAP,2026-09-08,PA1582,sdhD,succinate dehydrogenase (D subunit) ,PA1582_sdhD_at,,
Central carbon and amino acid metabolism,PseudoCAP,2026-09-08,PA1554,---,probable cytochrome oxidase subunit (cbb3-type) ,PA1554_at,,
Central carbon and amino acid metabolism,PseudoCAP,2026-09-08,PA5354,glcE,glycolate oxidase subunit GlcE ,PA5354_glcE_at,,
Central carbon and amino acid metabolism,PseudoCAP,2026-09-08,PA2300,chiC,chitinase ,PA2300_chiC_at,,
Central carbon and amino acid metabolism,PseudoCAP,2026-09-08,PA0102,---,probable carbonic anhydrase ,PA0102_at,,
Central carbon and amino acid metabolism,PseudoCAP,2026-09-08,PA4356,xenB,xenobiotic reductase ,PA4356_xenB_at,,
Central carbon and amino acid metabolism,PseudoCAP,2026-09-08,PA1319,cyoC,cytochrome o ubiquinol oxidase subunit III ,PA1319_cyoC_at,,
Central carbon and amino acid metabolism,PseudoCAP,2026-09-08,PA5399,---,probable ferredoxin ,PA5399_at,,
Central carbon and amino acid metabolism,PseudoCAP,2026-09-08,PA1818,---,probable Orn,PA1818_at,,
Central carbon and amino acid metabolism,PseudoCAP,2026-09-08,PA3751,purT,phosphoribosylglycinamide formyltransferase 2 ,PA3751_purT_at,,
Central carbon and amino acid metabolism,PseudoCAP,2026-09-08,PA3621,fdxA,ferredoxin I ,PA3621_fdxA_at,,
Central carbon and amino acid metabolism,PseudoCAP,2026-09-08,PA2086,---,probable epoxide hydrolase ,PA2086_at,,
Central carbon and amino acid metabolism,PseudoCAP,2026-09-08,PA1317,cyoA,cytochrome o ubiquinol oxidase subunit II ,PA1317_cyoA_at,,
Central carbon and amino acid metabolism,PseudoCAP,2026-09-08,PA0432,sahH,S-adenosyl-L-homocysteine hydrolase ,PA0432_sahH_at,,
Central carbon and amino acid metabolism,PseudoCAP,2026-09-08,PA2644,nuoI,NADH Dehydrogenase I chain I ,PA2644_nuoI_at,,
Central carbon and amino acid metabolism,PseudoCAP,2026-09-08,PA5351,rubA1,rubredoxin ,PA5351_at,,
Central carbon and amino acid metabolism,PseudoCAP,2026-09-08,PA0297,spuA,probable glutamine amidotransferase ,PA0297_at,,
Central carbon and amino acid metabolism,PseudoCAP,2026-09-08,PA3183,zwf,glucose-6-phosphate 1-dehydrogenase ,PA3183_zwf_at,,
Central carbon and amino acid metabolism,PseudoCAP,2026-09-08,PA5416,soxB,sarcosine oxidase beta subunit ,PA5416_soxB_at,,
Central carbon and amino acid metabolism,PseudoCAP,2026-09-08,PA3935,tauD,taurine dioxygenase ,PA3935_tauD_at,,
Central carbon and amino acid metabolism,PseudoCAP,2026-09-08,PA1581,sdhC,succinate dehydrogenase (C subunit) ,PA1581_sdhC_at,,
Central carbon and amino acid metabolism,PseudoCAP,2026-09-08,PA5016,aceF,dihydrolipoamide acetyltransferase ,PA5016_aceF_at,,
Central carbon and amino acid metabolism,PseudoCAP,2026-09-08,PA0899,aruB,succinylarginine dihydrolase ,PA0899_aruB_at,,
Central carbon and amino acid metabolism,PseudoCAP,2026-09-08,PA3193,glk,glucokinase ,PA3193_glk_at,,
Central carbon and amino acid metabolism,PseudoCAP,2026-09-08,PA0430,metF,"5,10-methylenetetrahydrofolate reductase ",PA0430_metF_at,,
Central carbon and amino acid metabolism,PseudoCAP,2026-09-08,PA4133,---,cytochrome c oxidase subunit (cbb3-type) ,PA4133_at,,
Central carbon and amino acid metabolism,PseudoCAP,2026-09-08,PA1583,sdhA,succinate dehydrogenase (A subunit) ,PA1583_sdhA_at,,
Central carbon and amino acid metabolism,PseudoCAP,2026-09-08,PA0399,---,cystathionine beta-synthase ,PA0399_at,,
Central carbon and amino acid metabolism,PseudoCAP,2026-09-08,PA5355,glcD,glycolate oxidase subunit GlcD ,PA5355_glcD_at,,
Central carbon and amino acid metabolism,PseudoCAP,2026-09-08,PA0898,aruD,succinylglutamate 5-semialdehyde dehydrogenase ,PA0898_aruD_at,,
Central carbon and amino acid metabolism,PseudoCAP,2026-09-08,PA2266,---,probable cytochrome c precursor ,PA2266_at,,
Central carbon and amino acid metabolism,PseudoCAP,2026-09-08,PA3194,edd,phosphogluconate dehydratase ,PA3194_edd_at,,
Central carbon and amino acid metabolism,PseudoCAP,2026-09-08,PA5410,---,"probable ring hydroxylating dioxygenase, alpha-subunit ",PA5410_at,,
Central carbon and amino acid metabolism,PseudoCAP,2026-09-08,PA2482,---,probable cytochrome c ,PA2482_at,,
Central carbon and amino acid metabolism,PseudoCAP,2026-09-08,PA3192,gltR,two-component response regulator GltR ,PA3192_gltR_at,,
Central carbon and amino acid metabolism,PseudoCAP,2026-09-08,PA1318,cyoB,cytochrome o ubiquinol oxidase subunit I ,PA1318_cyoB_at,,
Central carbon and amino acid metabolism,PseudoCAP,2026-09-08,PA1602,---,probable oxidoreductase ,PA1602_at,,
Central carbon and amino acid metabolism,PseudoCAP,2026-09-08,PA3710,---,probable GMC-type oxidoreductase ,PA3710_at,,
Central carbon and amino acid metabolism,PseudoCAP,2026-09-08,PA2645,nuoJ,NADH dehydrogenase I chain J ,PA2645_nuoJ_at,,
Central carbon and amino acid metabolism,PseudoCAP,2026-09-08,PA1480,ccmF,cytochrome C-type biogenesis protein CcmF ,PA1480_ccmF_at,,
Central carbon and amino acid metabolism,PseudoCAP,2026-09-08,PA2321,---,gluconokinase ,PA2321_at,,
Central carbon and amino acid metabolism,PseudoCAP,2026-09-08,PA2639,nuoD,"NADH dehydrogenase I chain C,D ",PA2639_nuoD_at,,
Central carbon and amino acid metabolism,PseudoCAP,2026-09-08,PA5173,arcC,carbamate kinase ,PA5173_arcC_at,,
Central carbon and amino acid metabolism,PseudoCAP,2026-09-08,PA2085,---,probable ring-hydroxylating dioxygenase small subunit ,PA2085_at,,
Central carbon and amino acid metabolism,PseudoCAP,2026-09-08,PA3459,---,probable glutamine amidotransferase ,PA3459_at,,
Central carbon and amino acid metabolism,PseudoCAP,2026-09-08,PA3181,---,2-keto-3-deoxy-6-phosphogluconate aldolase ,PA3181_at,,
Central carbon and amino acid metabolism,PseudoCAP,2026-09-08,PA1552,---,probable cytochrome c ,PA1552_at,,
Central carbon and amino acid metabolism,PseudoCAP,2026-09-08,PA2011,gnyL,hydroxymethylglutaryl-CoA lyase ,PA2011_at,,
Central carbon and amino acid metabolism,PseudoCAP,2026-09-08,PA1553,---,probable cytochrome c oxidase subunit ,PA1553_at,,
Central carbon and amino acid metabolism,PseudoCAP,2026-09-08,PA5015,aceE,pyruvate dehydrogenase ,PA5015_aceE_at,,
Central carbon and amino acid metabolism,PseudoCAP,2026-09-08,PA1479,ccmE,cytochrome C-type biogenesis protein CcmE ,PA1479_ccmE_at,,
Central carbon and amino acid metabolism,PseudoCAP,2026-09-08,PA2638,nuoB,NADH dehydrogenase I chain B ,PA2638_nuoB_at,,
Central carbon and amino acid metabolism,PseudoCAP,2026-09-08,PA5098,hutH,histidine ammonia-lyase ,PA5098_hutH_at,,
Central carbon and amino acid metabolism,PseudoCAP,2026-09-08,PA4448,hisD,histidinol dehydrogenase ,PA4448_hisD_at,,
Central carbon and amino acid metabolism,PseudoCAP,2026-09-08,PA2140,---,probable metallothionein ,PA2140_at,,
Central carbon and amino acid metabolism,PseudoCAP,2026-09-08,PA0835,pta,phosphate acetyltransferase ,PA0835_pta_at,,
Central carbon and amino acid metabolism,PseudoCAP,2026-09-08,PA5038,aroB,3-dehydroquinate synthase ,PA5038_aroB_at,,
Central carbon and amino acid metabolism,PseudoCAP,2026-09-08,PA2193,hcnA,hydrogen cyanide synthase HcnA ,PA2193_hcnA_at,,
Central carbon and amino acid metabolism,PseudoCAP,2026-09-08,PA0402,pyrB,aspartate carbamoyltransferase ,PA0402_pyrB_at,,
Central carbon and amino acid metabolism,PseudoCAP,2026-09-08,PA3687,ppc,phosphoenolpyruvate carboxylase ,PA3687_ppc_at,,
Central carbon and amino acid metabolism,PseudoCAP,2026-09-08,PA3879,narL,two-component response regulator NarL ,PA3879_narL_at,,
Central carbon and amino acid metabolism,PseudoCAP,2026-09-08,PA1587,lpdG,lipoamide dehydrogenase-glc ,PA1587_lpdG_at,,
Central carbon and amino acid metabolism,PseudoCAP,2026-09-08,PA5328,---,probable cytochrome c(mono-heme type) ,PA5328_at,,
Central carbon and amino acid metabolism,PseudoCAP,2026-09-08,PA5143,hisB,imidazoleglycerol-phosphate dehydratase ,PA5143_hisB_at,,
Central carbon and amino acid metabolism,PseudoCAP,2026-09-08,PA3366,amiE,aliphatic amidase ,PA3366_amiE_at,,
Central carbon and amino acid metabolism,PseudoCAP,2026-09-08,PA4975,---,NAD(P)H quinone oxidoreductase ,PA4975_at,,
Central carbon and amino acid metabolism,PseudoCAP,2026-09-08,PA2001,atoB,acetyl-CoA acetyltransferase ,PA2001_atoB_at,,
Central carbon and amino acid metabolism,PseudoCAP,2026-09-08,PA3635,eno,enolase ,PA3635_eno_at,,
Central carbon and amino acid metabolism,PseudoCAP,2026-09-08,PA4100,---,probable dehydrogenase ,PA4100_at,,
Central carbon and amino acid metabolism,PseudoCAP,2026-09-08,PA5025,metY,homocysteine synthase ,PA5025_metY_at,,
Central carbon and amino acid metabolism,PseudoCAP,2026-09-08,PA4153,---,"2,3-butanediol dehydrogenase ",PA4153_at,,
Central carbon and amino acid metabolism,PseudoCAP,2026-09-08,PA2647,nuoL,NADH dehydrogenase I chain L ,PA2647_nuoL_at,,
Central carbon and amino acid metabolism,PseudoCAP,2026-09-08,PA0330,rpiA,ribose 5-phosphate isomerase ,PA0330_rpiA_at,,
Central carbon and amino acid metabolism,PseudoCAP,2026-09-08,PA2297,---,probable ferredoxin ,PA2297_at,,
Central carbon and amino acid metabolism,PseudoCAP,2026-09-08,PA2515,xylL,"cis-1,2-dihydroxycyclohexa-3,4-diene carboxylate dehydrogenase ",PA2515_xylL_at,,
Central carbon and amino acid metabolism,PseudoCAP,2026-09-08,PA2951,etfA,electron transfer flavoprotein alpha-subunit ,PA2951_etfA_at,,
Central carbon and amino acid metabolism,PseudoCAP,2026-09-08,PA4868,ureC,urease alpha subunit ,PA4868_ureC_at,,
Central carbon and amino acid metabolism,PseudoCAP,2026-09-08,PA0956,proS,prolyl-tRNA synthetase ,PA0956_proS_at,,
Central carbon and amino acid metabolism,PseudoCAP,2026-09-08,PA0036,trpB,tryptophan synthase beta chain ,PA0036_trpB_at,,
Central carbon and amino acid metabolism,PseudoCAP,2026-09-08,PA2009,hmgA,"homogentisate 1,2-dioxygenase ",PA2009_hmgA_at,,
Central carbon and amino acid metabolism,PseudoCAP,2026-09-08,PA1580,gltA,citrate synthase ,PA1580_gltA_at,,
Central carbon and amino acid metabolism,PseudoCAP,2026-09-08,PA4563,rpsT,30S ribosomal protein S20 ,PA4563_rpsT_at,,
Central carbon and amino acid metabolism,PseudoCAP,2026-09-08,PA0213,---,hypothetical protein ,PA0213_at,,
Central carbon and amino acid metabolism,PseudoCAP,2026-09-08,PA4565,proB,glutamate 5-kinase ,PA4565_proB_at,,
Central carbon and amino acid metabolism,PseudoCAP,2026-09-08,PA5495,thrB,homoserine kinase ,PA5495_thrB_at,,
Central carbon and amino acid metabolism,PseudoCAP,2026-09-08,PA3582,glpK,glycerol kinase ,PA3582_glpK_at,,
Central carbon and amino acid metabolism,PseudoCAP,2026-09-08,PA2097,---,probable flavin-binding monooxygenase ,PA2097_at,,
Central carbon and amino acid metabolism,PseudoCAP,2026-09-08,PA3629,adhC,alcohol dehydrogenase class III ,PA3629_adhC_at,,
Central carbon and amino acid metabolism,PseudoCAP,2026-09-08,PA2357,msuE,NADH-dependent FMN reductase MsuE ,PA2357_msuE_at,,
Central carbon and amino acid metabolism,PseudoCAP,2026-09-08,PA0810,---,probable haloacid dehalogenase ,PA0810_at,,
Central carbon and amino acid metabolism,PseudoCAP,2026-09-08,PA3108,purF,amidophosphoribosyltransferase ,PA3108_purF_at,,
Central carbon and amino acid metabolism,PseudoCAP,2026-09-08,PA5277,lysA,diaminopimelate decarboxylase ,PA5277_lysA_at,,
Central carbon and amino acid metabolism,PseudoCAP,2026-09-08,PA3560,fruA,"phosphotransferase system, fructose-specific IIBC component ",PA3560_fruA_at,,
Central carbon and amino acid metabolism,PseudoCAP,2026-09-08,PA2473,---,probable glutathione S-transferase ,PA2473_at,,
Central carbon and amino acid metabolism,PseudoCAP,2026-09-08,PA0023,qor,quinone oxidoreductase ,PA0023_qor_at,,
Central carbon and amino acid metabolism,PseudoCAP,2026-09-08,PA4031,ppa,inorganic pyrophosphatase ,PA4031_ppa_at,,
Central carbon and amino acid metabolism,PseudoCAP,2026-09-08,PA4588,gdhA,glutamate dehydrogenase ,PA4588_gdhA_at,,
Central carbon and amino acid metabolism,PseudoCAP,2026-09-08,PA4976,aspC,aspartate transaminase ,PA4976_aspC_at,,
Central carbon and amino acid metabolism,PseudoCAP,2026-09-08,PA2153,glgB,"1,4-alpha-glucan branching enzyme ",PA2153_glgB_at,,
Central carbon and amino acid metabolism,PseudoCAP,2026-09-08,PA1933,---,probable hydroxylase large subunit ,PA1933_at,,
Central carbon and amino acid metabolism,PseudoCAP,2026-09-08,PA5372,betA,choline dehydrogenase ,PA5372_betA_at,,
Central carbon and amino acid metabolism,PseudoCAP,2026-09-08,PA0361,---,probable gamma-glutamyltranspeptidase precursor ,PA0361_at,,
Central carbon and amino acid metabolism,PseudoCAP,2026-09-08,PA1004,nadA,quinolinate synthetase A ,PA1004_nadA_at,,
Central carbon and amino acid metabolism,PseudoCAP,2026-09-08,PA4771,lldD,L-lactate dehydrogenase ,PA4771_lldD_at,,
Central carbon and amino acid metabolism,PseudoCAP,2026-09-08,PA5046,---,malic enzyme ,PA5046_at,,
Central carbon and amino acid metabolism,PseudoCAP,2026-09-08,PA1002,phnB,anthranilate synthase component II ,PA1002_phnB_at,,
Central carbon and amino acid metabolism,PseudoCAP,2026-09-08,PA3517,---,probable lyase ,PA3517_at,,
Central carbon and amino acid metabolism,PseudoCAP,2026-09-08,PA4666,hemA,glutamyl-tRNA reductase ,PA4666_hemA_at,,
Central carbon and amino acid metabolism,PseudoCAP,2026-09-08,PA2343,mtlY,xylulose kinase ,PA2343_mtlY_at,,
Central carbon and amino acid metabolism,PseudoCAP,2026-09-08,PA1384,galE,UDP-glucose 4-epimerase ,PA1384_galE_at,,
Central carbon and amino acid metabolism,PseudoCAP,2026-09-08,PA5263,argH,argininosuccinate lyase ,PA5263_argH_at,,
Central carbon and amino acid metabolism,PseudoCAP,2026-09-08,PA2250,lpdV,lipoamide dehydrogenase-Val ,PA2250_lpdV_at,,
Central carbon and amino acid metabolism,PseudoCAP,2026-09-08,PA1146,---,probable iron-containing alcohol dehydrogenase ,PA1146_at,,
Central carbon and amino acid metabolism,PseudoCAP,2026-09-08,PA0035,trpA,tryptophan synthase alpha chain ,PA0035_trpA_at,,
Central carbon and amino acid metabolism,PseudoCAP,2026-09-08,PA4007,proA,gamma-glutamyl phosphate reductase ,PA4007_proA_at,,
Central carbon and amino acid metabolism,PseudoCAP,2026-09-08,PA2923,hisJ,periplasmic histidine-binding protein HisJ ,PA2923_hisJ_at,,
Central carbon and amino acid metabolism,PseudoCAP,2026-09-08,PA0552,pgk,phosphoglycerate kinase ,PA0552_pgk_at,,
Central carbon and amino acid metabolism,PseudoCAP,2026-09-08,PA2507,catA,"catechol 1,2-dioxygenase ",PA2507_catA_at,,
Central carbon and amino acid metabolism,PseudoCAP,2026-09-08,PA1781,nirB,assimilatory nitrite reductase large subunit ,PA1781_nirB_at,,
Central carbon and amino acid metabolism,PseudoCAP,2026-09-08,PA1400,---,probable pyruvate carboxylase ,PA1400_at,,
Central carbon and amino acid metabolism,PseudoCAP,2026-09-08,PA0235,pcaK,4-hydroxybenzoate transporter PcaK ,PA0235_pcaK_at,,
Central carbon and amino acid metabolism,PseudoCAP,2026-09-08,PA0009,glyQ,glycyl-tRNA synthetase alpha chain ,PA0009_glyQ_at,,
Central carbon and amino acid metabolism,PseudoCAP,2026-09-08,PA4905,vanB,vanillate O-demethylase oxidoreductase ,PA4905_vanB_at,,
Central carbon and amino acid metabolism,PseudoCAP,2026-09-08,PA1498,pykF,pyruvate kinase I ,PA1498_pykF_at,,
Central carbon and amino acid metabolism,PseudoCAP,2026-09-08,PA2926,hisP,histidine transport protein HisP ,PA2926_hisP_at,,
Central carbon and amino acid metabolism,PseudoCAP,2026-09-08,PA5192,pckA,phosphoenolpyruvate carboxykinase ,PA5192_pckA_at,,
Central carbon and amino acid metabolism,PseudoCAP,2026-09-08,PA2104,---,probable cysteine synthase ,PA2104_at,,
Central carbon and amino acid metabolism,PseudoCAP,2026-09-08,PA5060,phaF,polyhydroxyalkanoate synthesis protein PhaF ,PA5060_phaF_at,,
Central carbon and amino acid metabolism,PseudoCAP,2026-09-08,PA1754,cysB,transcriptional regulator CysB ,PA1754_cysB_at,,
Central carbon and amino acid metabolism,PseudoCAP,2026-09-08,PA4519,---,probable ornithine decarboxylase ,PA4519_at,,
Central carbon and amino acid metabolism,PseudoCAP,2026-09-08,PA3296,phoA,alkaline phosphatase ,PA3296_phoA_at,,
Central carbon and amino acid metabolism,PseudoCAP,2026-09-08,PA3416,---,"probable pyruvate dehydrogenase E1 component, beta chain ",PA3416_at,,
Central carbon and amino acid metabolism,PseudoCAP,2026-09-08,PA1614,gpsA,"glycerol-3-phosphate dehydrogenase, biosynthetic ",PA1614_gpsA_at,,
Central carbon and amino acid metabolism,PseudoCAP,2026-09-08,PA4092,hpaC,4-hydroxyphenylacetate 3-monooxygenase small chain ,PA4092_hpaC_at,,
Central carbon and amino acid metabolism,PseudoCAP,2026-09-08,PA2518,xylX,"toluate 1,2-dioxygenase alpha subunit ",PA2518_xylX_at,,
Central carbon and amino acid metabolism,PseudoCAP,2026-09-08,PA0609,trpE,anthranilate synthetase component I ,PA0609_trpE_at,,
Central carbon and amino acid metabolism,PseudoCAP,2026-09-08,PA3834,valS,valyl-tRNA synthetase ,PA3834_valS_at,,
Central carbon and amino acid metabolism,PseudoCAP,2026-09-08,PA1780,nirD,assimilatory nitrite reductase small subunit ,PA1780_nirD_at,,
Central carbon and amino acid metabolism,PseudoCAP,2026-09-08,PA3736,hom,homoserine dehydrogenase ,PA3736_hom_at,,
Central carbon and amino acid metabolism,PseudoCAP,2026-09-08,PA4443,cysD,ATP sulfurylase small subunit ,PA4443_cysD_at,,
Central carbon and amino acid metabolism,PseudoCAP,2026-09-08,PA3014,faoA,fatty-acid oxidation complex alpha-subunit ,PA3014_faoA_at,,
Central carbon and amino acid metabolism,PseudoCAP,2026-09-08,PA2709,cysK,cysteine synthase A ,PA2709_cysK_at,,
Central carbon and amino acid metabolism,PseudoCAP,2026-09-08,PA1757,thrH,homoserine kinase ,PA1757_thrH_at,,
Central carbon and amino acid metabolism,PseudoCAP,2026-09-08,PA4402,argJ,glutamate N-acetyltransferase ,PA4402_argJ_at,,
Central carbon and amino acid metabolism,PseudoCAP,2026-09-08,PA4733,acsB,acetyl-coenzyme A synthetase ,PA4733_acsB_at,,
Central carbon and amino acid metabolism,PseudoCAP,2026-09-08,PA3151,hisF2,"imidazoleglycerol-phosphate synthase, cyclase subunit ",PA3151_hisF2_at,,
Central carbon and amino acid metabolism,PseudoCAP,2026-09-08,PA5373,betB,betaine aldehyde dehydrogenase ,PA5373_betB_at,,
Central carbon and amino acid metabolism,PseudoCAP,2026-09-08,PA4442,cysN,ATP sulfurylase GTP-binding subunit,PA4442_cysN_at,,
Central carbon and amino acid metabolism,PseudoCAP,2026-09-08,PA2943,---,phospho-2-dehydro-3-deoxyheptonate aldolase ,PA2943_at,,
Central carbon and amino acid metabolism,PseudoCAP,2026-09-08,PA4960,---,probable phosphoserine phosphatase ,PA4960_at,,
Central carbon and amino acid metabolism,PseudoCAP,2026-09-08,PA3117,asd,aspartate semialdehyde dehydrogenase ,PA3117_asd_at,,
Central carbon and amino acid metabolism,PseudoCAP,2026-09-08,PA5013,ilvE,branched-chain amino acid transferase ,PA5013_ilvE_at,,
Central carbon and amino acid metabolism,PseudoCAP,2026-09-08,PA5570,rpmH,50S ribosomal protein L34 ,PA5570_rpmH_at,,
Central carbon and amino acid metabolism,PseudoCAP,2026-09-08,PA2443,sdaA,L-serine dehydratase ,PA2443_sdaA_at,,
Central carbon and amino acid metabolism,PseudoCAP,2026-09-08,PA5119,glnA,glutamine synthetase ,PA5119_glnA_at,,
Central carbon and amino acid metabolism,PseudoCAP,2026-09-08,PA3590,---,probable hydroxyacyl-CoA dehydrogenase ,PA3590_at,,
Central carbon and amino acid metabolism,PseudoCAP,2026-09-08,PA3591,---,probable enoyl-CoA hydratase,PA3591_at,,
Central carbon and amino acid metabolism,PseudoCAP,2026-09-08,PA2470,gtdA,"gentisate 1,2-dioxygenase ",PA2470_gtdA_at,,
Central carbon and amino acid metabolism,PseudoCAP,2026-09-08,PA0895,aruC,N-succinylglutamate 5-semialdehyde dehydrogenase ,PA0895_aruC_at,,
Central carbon and amino acid metabolism,PseudoCAP,2026-09-08,PA5350,rubA2,rubredoxin ,PA5350_r_at,,
Central carbon and amino acid metabolism,PseudoCAP,2026-09-08,PA3417,---,"probable pyruvate dehydrogenase E1 component, alpha subunit ",PA3417_at,,
Central carbon and amino acid metabolism,PseudoCAP,2026-09-08,PA1375,pdxB,erythronate-4-phosphate dehydrogenase ,PA1375_pdxB_at,,
Central carbon and amino acid metabolism,PseudoCAP,2026-09-08,PA2261,---,probable 2-ketogluconate kinase ,PA2261_at,,
Central carbon and amino acid metabolism,PseudoCAP,2026-09-08,PA0037,trpI,transcriptional regulator TrpI ,PA0037_trpI_at,,
Central carbon and amino acid metabolism,PseudoCAP,2026-09-08,PA5302,dadX,catabolic alanine racemase ,PA5302_dadX_at,,
Central carbon and amino acid metabolism,PseudoCAP,2026-09-08,PA2717,cpo,chloroperoxidase precursor ,PA2717_cpo_at,,
Central carbon and amino acid metabolism,PseudoCAP,2026-09-08,PA2990,---,probable phosphodiesterase ,PA2990_at,,
Central carbon and amino acid metabolism,PseudoCAP,2026-09-08,PA1931,---,probable ferredoxin ,PA1931_at,,
Central carbon and amino acid metabolism,PseudoCAP,2026-09-08,PA1684,---,probable oxidase ,PA1684_at,,
Central carbon and amino acid metabolism,PseudoCAP,2026-09-08,PA5111,gloA3,lactoylglutathione lyase ,PA5111_gloA3_at,,
Central carbon and amino acid metabolism,PseudoCAP,2026-09-08,PA3658,glnD,protein-PII uridylyltransferase ,PA3658_glnD_at,,
Central carbon and amino acid metabolism,PseudoCAP,2026-09-08,PA2512,antA,anthranilate dioxygenase large subunit ,PA2512_antA_at,,
Central carbon and amino acid metabolism,PseudoCAP,2026-09-08,PA5559,atpE,atp synthase C chain ,PA5559_atpE_at,,
Central carbon and amino acid metabolism,PseudoCAP,2026-09-08,PA4068,---,probable epimerase ,PA4068_at,,
Central carbon and amino acid metabolism,PseudoCAP,2026-09-08,PA1515,alc,allantoicase ,PA1515_alc_at,,
Central carbon and amino acid metabolism,PseudoCAP,2026-09-08,PA3769,guaA,GMP synthase ,PA3769_guaA_at,,
Central carbon and amino acid metabolism,PseudoCAP,2026-09-08,PA5439,---,probable glucose-6-phosphate dehydrogenase ,PA5439_at,,
Central carbon and amino acid metabolism,PseudoCAP,2026-09-08,PA3792,leuA,2-isopropylmalate synthase ,PA3792_leuA_at,,
Central carbon and amino acid metabolism,PseudoCAP,2026-09-08,PA0196,pntB,"pyridine nucleotide transhydrogenase, beta subunit ",PA0196_pntB_at,,
Central carbon and amino acid metabolism,PseudoCAP,2026-09-08,PA1321,cyoE,cytochrome o ubiquinol oxidase protein CyoE ,PA1321_cyoE_at,,
Central carbon and amino acid metabolism,PseudoCAP,2026-09-08,PA2098,---,probable esterase,PA2098_at,,
Central carbon and amino acid metabolism,PseudoCAP,2026-09-08,PA4329,pykA,pyruvate kinase II ,PA4329_pykA_at,,
Central carbon and amino acid metabolism,PseudoCAP,2026-09-08,PA0390,metX,homoserine O-acetyltransferase ,PA0390_metX_at,,
Central carbon and amino acid metabolism,PseudoCAP,2026-09-08,PA4124,hpcB,"homoprotocatechuate 2,3-dioxygenase ",PA4124_hpcB_at,,
Central carbon and amino acid metabolism,PseudoCAP,2026-09-08,PA3357,dsdA,D-serine dehydratase ,PA3357_dsdA_at,,
Central carbon and amino acid metabolism,PseudoCAP,2026-09-08,PA2996,nqrD,Na+-translocating NADH:uniquinone oxidoreductase subunit Nqr4 ,PA2996_nqrD_at,,
Central carbon and amino acid metabolism,PseudoCAP,2026-09-08,PA5215,gcvT1,glycine-cleavage system protein T1 ,PA5215_gcvT1_at,,
Central carbon and amino acid metabolism,PseudoCAP,2026-09-08,PA3165,hisC2,histidinol-phosphate aminotransferase ,PA3165_hisC2_at,,
Central carbon and amino acid metabolism,PseudoCAP,2026-09-08,PA1010,dapA,dihydrodipicolinate synthase ,PA1010_dapA_at,,
Central carbon and amino acid metabolism,PseudoCAP,2026-09-08,PA2247,bkdA1,2-oxoisovalerate dehydrogenase (alpha subunit) ,PA2247_bkdA1_at,,
Central carbon and amino acid metabolism,PseudoCAP,2026-09-08,PA3139,---,probable amino acid aminotransferase ,PA3139_at,,
Central carbon and amino acid metabolism,PseudoCAP,2026-09-08,PA0854,fumC2,fumarate hydratase ,PA0854_fumC2_at,,
Central carbon and amino acid metabolism,PseudoCAP,2026-09-08,PA0223,---,probable dihydrodipicolinate synthetase ,PA0223_at,,
Central carbon and amino acid metabolism,PseudoCAP,2026-09-08,PA5140,hisF1,"imidazoleglycerol-phosphate synthase, cyclase subunit ",PA5140_hisF1_at,,
Central carbon and amino acid metabolism,PseudoCAP,2026-09-08,PA4560,ileS,isoleucyl-tRNA synthetase ,PA4560_ileS_at,,
Central carbon and amino acid metabolism,PseudoCAP,2026-09-08,PA2649,nuoN,NADH dehydrogenase I chain N ,PA2649_nuoN_at,,
Central carbon and amino acid metabolism,PseudoCAP,2026-09-08,PA4670,prs,ribose-phosphate pyrophosphokinase ,PA4670_prs_at,,
Central carbon and amino acid metabolism,PseudoCAP,2026-09-08,PA0872,phhA,phenylalanine-4-hydroxylase ,PA0872_phhA_at,,
Central carbon and amino acid metabolism,PseudoCAP,2026-09-08,PA2624,idh,isocitrate dehydrogenase ,PA2624_idh_at,,
Central carbon and amino acid metabolism,PseudoCAP,2026-09-08,PA4865,ureA,urease gamma subunit ,PA4865_ureA_at,,
Central carbon and amino acid metabolism,PseudoCAP,2026-09-08,PA4590,pra,protein activator ,PA4590_pra_at,,
Central carbon and amino acid metabolism,PseudoCAP,2026-09-08,PA4571,---,probable cytochrome c ,PA4571_at,,
Central carbon and amino acid metabolism,PseudoCAP,2026-09-08,PA1681,aroC,chorismate synthase ,PA1681_aroC_at,,
Central carbon and amino acid metabolism,PseudoCAP,2026-09-08,PA0901,aruE,succinylglutamate desuccinylase ,PA0901_aruE_at,,
Central carbon and amino acid metabolism,PseudoCAP,2026-09-08,PA5035,gltD,glutamate synthase small chain ,PA5035_gltD_at,,
Central carbon and amino acid metabolism,PseudoCAP,2026-09-08,PA2514,antC,anthranilate dioxygenase reductase ,PA2514_antC_at,,
Central carbon and amino acid metabolism,PseudoCAP,2026-09-08,PA5161,rmlB,"dTDP-D-glucose 4,6-dehydratase ",PA5161_rmlB_at,,
Central carbon and amino acid metabolism,PseudoCAP,2026-09-08,PA4839,speA,biosynthetic arginine decarboxylase ,PA4839_speA_at,,
Central carbon and amino acid metabolism,PseudoCAP,2026-09-08,PA2290,gcd,glucose dehydrogenase ,PA2290_gcd_at,,
Central carbon and amino acid metabolism,PseudoCAP,2026-09-08,PA2998,nqrB,Na+-translocating NADH:ubiquinone oxidoreductase subunit Nrq2 ,PA2998_nqrB_at,,
Central carbon and amino acid metabolism,PseudoCAP,2026-09-08,PA0482,glcB,malate synthase G ,PA0482_glcB_at,,
Central carbon and amino acid metabolism,PseudoCAP,2026-09-08,PA4331,---,probable ferredoxin reductase ,PA4331_at,,
Central carbon and amino acid metabolism,PseudoCAP,2026-09-08,PA5036,gltB,glutamate synthase large chain precursor ,PA5036_gltB_at,,
Central carbon and amino acid metabolism,PseudoCAP,2026-09-08,PA0668,tyrZ,tyrosyl-tRNA synthetase 2 ,PA0668_tyrZ_at,,
Central carbon and amino acid metabolism,PseudoCAP,2026-09-08,PA2416,treA,periplasmic trehalase precursor ,PA2416_treA_at,,
Central carbon and amino acid metabolism,PseudoCAP,2026-09-08,PA3164,---,still frameshift 3-PHOSPHOSHIKIMATE 1-CARBOXYVINYLTRANSFERASE prephenate dehydrogenase ,PA3164_at,,
Central carbon and amino acid metabolism,PseudoCAP,2026-09-08,PA5142,hisH1,glutamine amidotransferase ,PA5142_hisH1_at,,
Central carbon and amino acid metabolism,PseudoCAP,2026-09-08,PA3569,mmsB,3-hydroxyisobutyrate dehydrogenase ,PA3569_mmsB_at,,
Central carbon and amino acid metabolism,PseudoCAP,2026-09-08,PA2796,tal,transaldolase ,PA2796_tal_at,,
Central carbon and amino acid metabolism,PseudoCAP,2026-09-08,PA2446,gcvH2,glycine cleavage system protein H2 ,PA2446_gcvH2_at,,
Central carbon and amino acid metabolism,PseudoCAP,2026-09-08,PA0113,---,probable cytochrome c oxidase assembly factor ,PA0113_at,,
Central carbon and amino acid metabolism,PseudoCAP,2026-09-08,PA0782,putA,proline dehydrogenase PutA ,PA0782_putA_at,,
Central carbon and amino acid metabolism,PseudoCAP,2026-09-08,PA4809,fdhE,FdhE protein ,PA4809_fdhE_at,,
Central carbon and amino acid metabolism,PseudoCAP,2026-09-08,PA0896,aruF,arginine,PA0896_aruF_at,,
Central carbon and amino acid metabolism,PseudoCAP,2026-09-08,PA5056,phaC1,poly(3-hydroxyalkanoic acid) synthase 1 ,PA5056_phaC1_at,,
Central carbon and amino acid metabolism,PseudoCAP,2026-09-08,PA0654,speD,S-adenosylmethionine decarboxylase proenzyme ,PA0654_speD_at,,
Central carbon and amino acid metabolism,PseudoCAP,2026-09-08,PA5057,phaD,poly(3-hydroxyalkanoic acid) depolymerase ,PA5057_phaD_at,,
Central carbon and amino acid metabolism,PseudoCAP,2026-09-08,PA2513,antB,anthranilate dioxygenase small subunit ,PA2513_antB_at,,
Central carbon and amino acid metabolism,PseudoCAP,2026-09-08,PA5129,grx,glutaredoxin ,PA5129_grx_at,,
Central carbon and amino acid metabolism,PseudoCAP,2026-09-08,PA4904,vanA,vanillate O-demethylase oxygenase subunit ,PA4904_vanA_at,,
Central carbon and amino acid metabolism,PseudoCAP,2026-09-08,PA0214,---,probable acyl transferase ,PA0214_at,,
Central carbon and amino acid metabolism,PseudoCAP,2026-09-08,PA4846,aroQ1,3-dehydroquinate dehydratase ,PA4846_aroQ1_at,,
Central carbon and amino acid metabolism,PseudoCAP,2026-09-08,PA0904,lysC,aspartate kinase alpha and beta chain ,PA0904_lysC_at,,
Central carbon and amino acid metabolism,PseudoCAP,2026-09-08,PA3735,thrC,threonine synthase ,PA3735_thrC_at,,
Central carbon and amino acid metabolism,PseudoCAP,2026-09-08,PA0331,ilvA1,"threonine dehydratase, biosynthetic ",PA0331_ilvA1_at,,
Central carbon and amino acid metabolism,PseudoCAP,2026-09-08,PA4138,tyrS,tyrosyl-tRNA synthetase ,PA4138_tyrS_at,,
Central carbon and amino acid metabolism,PseudoCAP,2026-09-08,PA2084,---,probable asparagine synthetase ,PA2084_at,,
Central carbon and amino acid metabolism,PseudoCAP,2026-09-08,PA4864,ureD,urease accessory protein ,PA4864_ureD_at,,
Central carbon and amino acid metabolism,PseudoCAP,2026-09-08,PA5206,argE,acetylornithine deacetylase ,PA5206_argE_at,,
Central carbon and amino acid metabolism,PseudoCAP,2026-09-08,PA5349,---,probable rubredoxin reductase ,PA5349_at,,
Central carbon and amino acid metabolism,PseudoCAP,2026-09-08,PA2999,nqrA,Na+-translocating NADH:ubiquinone oxidoreductase subunit Nrq1 ,PA2999_nqrA_at,,
Central carbon and amino acid metabolism,PseudoCAP,2026-09-08,PA1586,sucB,dihydrolipoamide succinyltransferase (E2 subunit) ,PA1586_sucB_at,,
Central carbon and amino acid metabolism,PseudoCAP,2026-09-08,PA3636,kdsA,2-dehydro-3-deoxyphosphooctonate aldolase ,PA3636_kdsA_at,,
Central carbon and amino acid metabolism,PseudoCAP,2026-09-08,PA4640,mqoB,malate:quinone oxidoreductase ,PA4640_mqoB_at,,
Central carbon and amino acid metabolism,PseudoCAP,2026-09-08,PA0363,coaD,phosphopantetheine adenylyltransferase ,PA0363_coaD_at,,
Central carbon and amino acid metabolism,PseudoCAP,2026-09-08,PA0245,aroQ2,3-dehydroquinate dehydratase ,PA0245_aroQ2_at,,
Central carbon and amino acid metabolism,PseudoCAP,2026-09-08,PA1502,gcl,glyoxylate carboligase ,PA1502_gcl_at,,
Central carbon and amino acid metabolism,PseudoCAP,2026-09-08,PA5436,---,probable biotin carboxylase subunit of a transcarboxylase ,PA5436_at,,
Central carbon and amino acid metabolism,PseudoCAP,2026-09-08,PA2680,---,probable quinone oxidoreductase ,PA2680_at,,
Central carbon and amino acid metabolism,PseudoCAP,2026-09-08,PA2442,gcvT2,glycine cleavage system protein T2 ,PA2442_gcvT2_at,,
Central carbon and amino acid metabolism,PseudoCAP,2026-09-08,PA2925,hisM,histidine transport system permease HisM ,PA2925_hisM_at,,
Central carbon and amino acid metabolism,PseudoCAP,2026-09-08,PA2248,bkdA2,2-oxoisovalerate dehydrogenase (beta subunit) ,PA2248_bkdA2_at,,
Central carbon and amino acid metabolism,PseudoCAP,2026-09-08,PA5110,fbp,"fructose-1,6-bisphosphatase ",PA5110_fbp_at,,
Central carbon and amino acid metabolism,PseudoCAP,2026-09-08,PA1421,gbuA,agmatinase ,PA1421_speB2_at,,
Central carbon and amino acid metabolism,PseudoCAP,2026-09-08,PA3471,---,probable malic enzyme ,PA3471_at,,
Central carbon and amino acid metabolism,PseudoCAP,2026-09-08,PA2249,bkdB,branched-chain alpha-keto acid dehydrogenase (lipoamide component) ,PA2249_bkdB_at,,
Central carbon and amino acid metabolism,PseudoCAP,2026-09-08,PA1020,---,probable acyl-CoA dehydrogenase ,PA1020_at,,
Central carbon and amino acid metabolism,PseudoCAP,2026-09-08,PA5067,hisE,phosphoribosyl-ATP pyrophosphohydrolase ,PA5067_hisE_at,,
Central carbon and amino acid metabolism,PseudoCAP,2026-09-08,PA5297,poxB,pyruvate dehydrogenase (cytochrome) ,PA5297_poxB_at,,
Central carbon and amino acid metabolism,PseudoCAP,2026-09-08,PA0548,tktA,transketolase ,PA0548_tktA_at,,
Central carbon and amino acid metabolism,PseudoCAP,2026-09-08,PA1756,cysH,3'-phosphoadenosine-5'-phosphosulfate reductase ,PA1756_cysH_at,,
Central carbon and amino acid metabolism,PseudoCAP,2026-09-08,PA1982,exaA,quinoprotein alcohol dehydrogenase ,PA1982_exaA_at,,
Central carbon and amino acid metabolism,PseudoCAP,2026-09-08,PA1999,---,"probable CoA transferase, subunit A ",PA1999_at,,
Central carbon and amino acid metabolism,PseudoCAP,2026-09-08,PA4956,rhdA,thiosulfate sulfurtransferase ,PA4956_rhdA_at,,
Central carbon and amino acid metabolism,PseudoCAP,2026-09-08,PA0316,serA,D-3-phosphoglycerate dehydrogenase ,PA0316_serA_at,,
Central carbon and amino acid metabolism,PseudoCAP,2026-09-08,PA5288,glnK,nitrogen regulatory protein P-II 2 ,PA5288_glnK_at,,
Central carbon and amino acid metabolism,PseudoCAP,2026-09-08,PA3025,---,probable FAD-dependent glycerol-3-phosphate dehydrogenase ,PA3025_at,,
Central carbon and amino acid metabolism,PseudoCAP,2026-09-08,PA5557,atpH,ATP synthase delta chain ,PA5557_atpH_at,,
Central carbon and amino acid metabolism,PseudoCAP,2026-09-08,PA2715,---,probable ferredoxin ,PA2715_at,,
Central carbon and amino acid metabolism,PseudoCAP,2026-09-08,PA2510,catR,transcriptional regulator CatR ,PA2510_catR_at,,
Central carbon and amino acid metabolism,PseudoCAP,2026-09-08,PA5058,phaC2,poly(3-hydroxyalkanoic acid) synthase 2 ,PA5058_phaC2_at,,
Central carbon and amino acid metabolism,PseudoCAP,2026-09-08,PA1585,sucA,2-oxoglutarate dehydrogenase (E1 subunit) ,PA1585_sucA_at,,
Central carbon and amino acid metabolism,PseudoCAP,2026-09-08,PA2821,---,probable glutathione S-transferase ,PA2821_at,,
Central carbon and amino acid metabolism,PseudoCAP,2026-09-08,PA4731,panD,aspartate 1-decarboxylase precursor ,PA4731_panD_at,,
Central carbon and amino acid metabolism,PseudoCAP,2026-09-08,PA3032,snr1,cytochrome c ,PA3032_at,,
Central carbon and amino acid metabolism,PseudoCAP,2026-09-08,PA2995,nqrE,Na+-translocating NADH:quinone oxidoreductase subunit Nqr5 ,PA2995_nqrE_at,,
Central carbon and amino acid metabolism,PseudoCAP,2026-09-08,PA0887,acsA,acetyl-coenzyme A synthetase ,PA0887_acsA_at,,
Central carbon and amino acid metabolism,PseudoCAP,2026-09-08,PA2664,fhp,flavohemoprotein ,PA2664_fhp_at,,
Central carbon and amino acid metabolism,PseudoCAP,2026-09-08,PA2629,purB,adenylosuccinate lyase ,PA2629_purB_at,,
Central carbon and amino acid metabolism,PseudoCAP,2026-09-08,PA4938,purA,adenylosuccinate synthetase ,PA4938_purA_at,,
Central carbon and amino acid metabolism,PseudoCAP,2026-09-08,PA0208,mdcA,malonate decarboxylase alpha subunit ,PA0208_mdcA_at,,
