ID_REF,logFC,t,P.Value,adj.P.Val,locus,sig
ig_1046911_1047549_at,-0.2144043263999995,-0.9552096002428654,0.38333933583569185,0.7614000902422813,,False
ig_1047549_1046911_at,-0.7478101331999998,-4.381138167331968,0.007146975424071437,0.09582482311180973,,False
ig_1063544_1064555_at,0.004408201400000422,0.0215919394108037,0.9836086390476672,0.9965259596864794,,False
ig_1064555_1063544_at,0.008497314949999613,0.0533842353126743,0.9594930596129493,0.9897732372961713,,False
ig_1087095_1087843_at,0.05206887810000005,0.3187855973255215,0.7627757162442147,0.9403203852199687,,False
ig_1087843_1087095_at,0.08497153184999995,0.5331638315056267,0.6167576398908241,0.8840461541097148,,False
ig_1117390_1118158_at,-0.03763411679999962,-0.2178985005213345,0.836121771247974,0.9627176732327025,,False
ig_1118158_1117390_at,0.06506200444999966,0.3917256678137112,0.7113996016205691,0.9233164875819249,,False
ig_1204781_1205771_at,-0.00593887134999882,-0.03701004119383434,0.9719091765654049,0.9940985203938076,,False
ig_1205771_1204781_at,-0.051657925800000726,-0.29164705900237387,0.7822690322429627,0.9477613507551366,,False
ig_1246788_1247932_at,-0.022746305449999227,-0.14332201366140457,0.8916328423330887,0.9745229179117672,,False
ig_1247932_1246788_at,-0.03149719104999971,-0.1977283890861253,0.8510448673940705,0.9660270328716476,,False
ig_1254309_1255042_at,-0.2555012000500003,-1.499168472993938,0.19411086621904372,0.5817001592045461,,False
ig_1255042_1254309_at,-0.21629605899999937,-1.3925332897361438,0.22251509375309758,0.6186697410631707,,False
ig_1324109_1324793_at,-0.07269733089999963,-0.46900219119755776,0.6588060735425403,0.904321956359933,,False
ig_1324793_1324109_at,0.03116738529999985,0.19936025498195456,0.8498347802356466,0.9660270328716476,,False
ig_1348401_1349416_at,-0.013777856549999967,-0.08204760081095397,0.9377920954919523,0.9864272489053094,,False
ig_1349416_1348401_at,-0.19238666599999998,-1.1629509073749038,0.2973300592423438,0.6928284753366728,,False
ig_1427453_1428080_at,-0.11794837415000003,-0.6691937007572264,0.5330245900387564,0.8495240691935472,,False
ig_1428080_1427453_at,0.025156283650000333,0.12976441760982102,0.9018115704748559,0.9768242369920872,,False
ig_1489095_1489815_at,0.01914746894999997,0.12291533221691747,0.9069619923709552,0.9779955293250645,,False
ig_1489815_1489095_at,0.04649387934999982,0.29921930790064766,0.7768109437802029,0.9459838057745311,,False
ig_1553675_1554415_at,-0.02337152585000002,-0.15156845807453465,0.8854530129205372,0.9734987698676052,,False
ig_1554415_1553675_at,0.11414721015000007,0.6970108884057663,0.5168652555648746,0.8433850004784389,,False
ig_1637696_1638379_at,-0.13486398239999975,-0.8388636454713501,0.43979648104309277,0.7994929183867419,,False
ig_1638379_1637696_at,-0.02415169350000035,-0.1499464256805877,0.8866678398335425,0.9734987698676052,,False
ig_1802453_1803626_at,-0.0016643654999999313,-0.01000393095448584,0.9924050337884707,0.9995179770760668,,False
ig_1803626_1802453_at,0.06515483575000003,0.3958708335963497,0.7085280937550098,0.923062496644973,,False
ig_188448_189120_at,-0.5694327808500006,-3.327893597843147,0.02082703170015742,0.17678642165957476,,False
ig_189120_188448_at,0.03407269505000032,0.21700848660437178,0.8367786676744617,0.9627207267263256,,False
ig_1947041_1948502_at,-0.07593070819999959,-0.49334348057377786,0.6426727436190618,0.8957177877796154,,False
ig_1948502_1947041_at,0.15051743134999995,0.9668567390902528,0.37802143892668916,0.7555294361706256,,False
ig_1996806_1997509_at,0.16532841485000027,1.0030106719535146,0.3618966905807504,0.7441877068055824,,False
ig_1997509_1996806_at,0.17641710379999997,1.114069418618895,0.31591701562255614,0.7102702650704222,,False
ig_2068728_2069490_at,0.13704213179999947,0.8850587206180294,0.41665134694075734,0.7854818184473107,,False
ig_2069490_2068728_at,-0.1872906733000006,-1.0837650751012997,0.32794000588880423,0.7224162151701589,,False
ig_2116265_2117030_at,-0.0447896722500003,-0.26213649534767014,0.8036732044808396,0.9547965555015031,,False
ig_2117030_2116265_at,-0.020244247550000427,-0.12656795562590592,0.904214603921824,0.9775204019061836,,False
ig_2164548_2165213_at,0.07596576629999996,0.4223089547054322,0.6903441201750762,0.9165629056089744,,False
ig_2165213_2164548_at,0.035154720700000475,0.2180664687175893,0.8359978152011557,0.9627176732327025,,False
ig_2226144_2226879_at,-0.1086380003499996,-0.593801671184721,0.5784881444920673,0.8696759855192071,,False
ig_2226879_2226144_at,-0.01867523209999966,-0.11445756161204554,0.9133292554659282,0.9785876178211647,,False
ig_223454_224101_at,-0.11674406870000009,-0.7508579939799048,0.48655131761278736,0.8276997270141232,,False
ig_2239267_2240302_at,0.16388568605000042,1.064142610550053,0.3359326462418086,0.727823157762282,,False
ig_2240302_2239267_at,0.005034625750000021,0.03143785986581979,0.9761366729874988,0.9950099926325614,,False
ig_224101_223454_at,-0.26736770639999996,-1.6649868580501388,0.1567970299222107,0.5225975753805958,,False
ig_2243603_2244492_at,0.10244221970000034,0.6621535535962807,0.5371675544434378,0.8510577059403533,,False
ig_2244492_2243603_at,0.08672667924999988,0.5107521490947207,0.6312689720789976,0.8886253221601184,,False
ig_2250595_2251275_at,0.04824333774999978,0.31069023817797103,0.7685705162585234,0.9421101861479049,,False
ig_2251275_2250595_at,0.03314022739999878,0.20406421656056034,0.8463492586238788,0.9656589374532871,,False
ig_2281578_2282480_at,0.13849459225000027,0.881113099762547,0.4185906318931405,0.7854818184473107,,False
ig_2282480_2281578_at,0.05564556150000044,0.35112049237882004,0.7398086695592638,0.9316038727402709,,False
ig_2341640_2342493_at,-0.07084186994999975,-0.4301707513799179,0.6849814279739054,0.9133100369862714,,False
ig_2342493_2341640_at,0.17052235259999993,1.0966722287733484,0.3227718741053114,0.7166623069899213,,False
ig_2450765_2451707_at,-0.057940310549999374,-0.3628583506195644,0.731545279373042,0.928991480990232,,False
ig_2451707_2450765_at,-0.03582284155000037,-0.22100498570677557,0.8338301445777302,0.9623839965013165,,False
ig_2557964_2558918_s_at,0.32384039585000046,1.6472970370552262,0.16041371082075986,0.5292573441093007,,False
ig_2558918_2557964_s_at,0.20034110599999977,1.239999117188012,0.2699936426428947,0.666879128600975,,False
ig_2568284_2568929_at,0.019450086850000048,0.12503783349133976,0.9053653312621736,0.9775639373125464,,False
ig_2568929_2568284_at,-0.061605009700000046,-0.3631246417388681,0.7313582840180701,0.9289544367135004,,False
ig_2721530_2722174_at,0.0014888662499998873,0.009512671370553269,0.9927779833242187,0.9995707784437029,,False
ig_2722174_2721530_at,-0.12021470389999989,-0.7115590467703892,0.5085488349424235,0.8396115843060096,,False
ig_2737193_2737881_at,-0.03824954625000032,-0.2472545065618231,0.8145431088018661,0.9574355326739455,,False
ig_2737881_2737193_at,0.06089404819999977,0.3878125408139602,0.714115354459794,0.9237526901846429,,False
ig_2893827_2894451_at,0.038286652400000065,0.22850398067494282,0.8283059504848722,0.9606994857547716,,False
ig_2894451_2893827_at,0.036056302200000445,0.2335013326508046,0.8246308262520041,0.9588654767521329,,False
ig_2901558_2902217_at,0.09051987354999991,0.5795254359910496,0.5873646852780122,0.8752477310243999,,False
ig_2902217_2901558_at,0.06261948464999989,0.3770608884551344,0.7216017465718458,0.9259533203230619,,False
ig_2905549_2906165_at,0.005811319900000278,0.035416263040532074,0.9731182425247875,0.9940985203938076,,False
ig_2906165_2905549_at,-0.14903367254999988,-0.9106812077180619,0.4042283276297013,0.7767703335080576,,False
ig_2918211_2918966_at,-0.1539875858999995,-0.9798329836024845,0.37216758021263374,0.752969129749159,,False
ig_2918966_2918211_at,-0.11568695130000028,-0.5978938114144822,0.5759592111199303,0.8694911453485579,,False
ig_2922568_2923366_at,-0.14019075675000003,-0.897167869951965,0.4107434399311094,0.7816475549416457,,False
ig_2923366_2922568_at,-0.05282141090000003,-0.30453671138348587,0.7729868342765809,0.9439730807977795,,False
ig_2927920_2928538_at,0.18405404615000087,1.197101092284435,0.28492275879012297,0.6808994552329126,,False
ig_2928538_2927920_at,0.1033877456999992,0.5151806613894865,0.628386281265503,0.8884273619661383,,False
ig_297561_299081_at,-0.04053814080000029,-0.26260967602501134,0.8033283981678176,0.9547965555015031,,False
ig_299081_297561_at,-0.0438634361000001,-0.2809565019627908,0.7899989720909223,0.9512958162289624,,False
ig_3051348_3051956_at,-0.08317812125000001,-0.5390380154894729,0.612986319099398,0.883240507764763,,False
ig_3051956_3051348_at,-0.18552799949999965,-0.9798914011395699,0.37214139537231117,0.752969129749159,,False
ig_3087490_3088659_at,-0.04182262059999964,-0.2594954429386664,0.8055986645400767,0.9549026999934038,,False
ig_3088659_3087490_at,-0.09867391540000003,-0.5485217268960451,0.606926189647162,0.8814131636474699,,False
ig_3112150_3112877_at,0.19940787355000023,1.1587046819567743,0.298905727018622,0.6947669087376258,,False
ig_3112877_3112150_at,-0.1344233226500009,-0.8683905173501236,0.4248916146199277,0.7902886662940853,,False
ig_3115632_3116653_at,0.5023386190499997,2.49102186583266,0.05509211080898925,0.3013681823621847,,False
ig_3116653_3115632_at,0.33087613209999844,1.5785197997824532,0.17527794745197026,0.5518821854408956,,False
ig_3122585_3123598_at,-0.019969396200000045,-0.11830804956273779,0.9104295453773675,0.9779955293250645,,False
ig_3123598_3122585_at,-0.13881433105000074,-0.7030860027572907,0.5133811204810094,0.8425290708855466,,False
ig_3129070_3129728_at,-0.05410114544999978,-0.34866762636368637,0.7415405605254891,0.9323762756833185,,False
ig_3129728_3129070_at,-0.5500415680500002,-3.425050754847913,0.018735534510645014,0.16708690322675235,,False
ig_3206252_3206914_at,-0.012741352199999945,-0.08250043689698505,0.937449688817036,0.9864272489053094,,False
ig_3206914_3206252_at,-0.11031146239999945,-0.669129898557603,0.5330620400048868,0.8495240691935472,,False
ig_3265210_3265847_at,-0.10099514435000012,-0.6329037346948754,0.554608199208877,0.8617983449997144,,False
ig_3265847_3265210_at,0.1966911824500004,1.1839837255564651,0.28963304406198387,0.6844914260484477,,False
ig_326671_327284_at,-0.020421629750000392,-0.1328491722369012,0.8994936460106927,0.9768224065773544,,False
ig_327284_326671_at,-0.04779888684999989,-0.27889233640660555,0.7914946857344329,0.9513555075943022,,False
ig_3475169_3475955_at,-0.031586938599999836,-0.18972273701213777,0.8569880140510586,0.9680217709771984,,False
ig_3475955_3475169_at,-0.27473250495000023,-1.3964126729906032,0.22141582572003696,0.6176557109896387,,False
ig_3514564_3515415_at,0.05925237404999972,0.37052338220716435,0.7261712262855028,0.9264015327050465,,False
ig_3515415_3514564_at,-0.5074385400999999,-3.0814020779814983,0.02742590431183431,0.2088342468039544,,False
ig_3526677_3527428_at,0.33180152284999975,2.018905904669254,0.09950906840511692,0.417172632929144,,False
ig_3527428_3526677_at,0.22220670965000044,1.397610675399753,0.22107739524643397,0.6170040533051258,,False
ig_3545073_3545880_at,-0.048024333149999876,-0.239685615042715,0.8200898702164635,0.9578426542611856,,False
ig_3545880_3545073_at,0.07655331044999958,0.27999428913364466,0.7906960734351525,0.9513555075943022,,False
ig_3546926_3547688_at,-0.04639747344999989,-0.2604397427609041,0.8049100422015729,0.9547965555015031,,False
ig_3547688_3546926_at,0.43788797020000025,2.1693184902559874,0.0822137391132563,0.3719523969412964,,False
ig_3648915_3649704_at,0.2590584331000003,1.1833288757123663,0.289869997776507,0.6844914260484477,,False
ig_3649704_3648915_at,0.09391064235000002,0.5933789892939606,0.5787497543574706,0.8696759855192071,,False
ig_3677080_3677719_at,0.05150283364999986,0.2779887750052927,0.7921497354263803,0.9513555075943022,,False
ig_3677719_3677080_at,0.09905144419999967,0.5758102497738025,0.5896883235728845,0.8759445710736805,,False
ig_3705160_3705889_at,0.15373768855000058,0.972143021136489,0.37562768034664656,0.7546689988179981,,False
ig_3705889_3705160_at,0.3551465044000004,2.1368527565942634,0.08565781413952236,0.38047956764738156,,False
ig_3874653_3873835_r_at,0.13336048950000023,0.5469745005593353,0.6079124536846747,0.8816252712378155,,False
ig_3961922_3962824_at,-0.10436673080000025,-0.6598833484410576,0.5385080766775736,0.8513828178542833,,False
ig_3962824_3961922_at,-0.07811296334999973,-0.5071133787156594,0.6336431634790416,0.8897718150267977,,False
ig_4240578_4241341_at,-0.12129984644999947,-0.6848765363633567,0.5238727931575959,0.8465240076447071,,False
ig_4241341_4240578_at,0.03241939579999986,0.20131066081691676,0.8483890993084612,0.9660270328716476,,False
ig_4294604_4297249_at,0.04598200050000045,0.28961461127272997,0.7837364611157113,0.9483772246905642,,False
ig_4297249_4294604_at,0.05070694850000024,0.31869025186721356,0.7628438647332976,0.9403203852199687,,False
ig_4320819_4321433_at,-0.2125050504999999,-1.3375392927098928,0.2386602290568254,0.6355487228609914,,False
ig_4321433_4320819_at,0.3416098625999995,2.204737668004729,0.07862349082193378,0.36300716587605514,,False
ig_4326394_4327696_at,0.0992462599999997,0.6235826485664608,0.5602425035279559,0.8631485328685342,,False
ig_4327696_4326394_at,0.0010503619500004113,0.006049594663134561,0.9954071004080864,0.9995707784437029,,False
ig_4448217_4448892_at,0.05904382215000048,0.2592006733325578,0.8058136636373263,0.9549062259249653,,False
ig_4448892_4448217_at,0.2011463091500012,1.1553559103293893,0.30015355583111386,0.6948549099851672,,False
ig_4509996_4510970_at,0.0775617811,0.48682489495869635,0.6469719415725771,0.8972848369689418,,False
ig_4510970_4509996_at,-0.020998227099999767,-0.13507935912754931,0.8978185605858735,0.9768224065773544,,False
ig_4559649_4560294_at,0.04679449370000022,0.2958012259665068,0.7792729186712891,0.9470989880857337,,False
ig_4560294_4559649_at,0.017815625199999907,0.11529102038952498,0.912701466185358,0.9783574631154648,,False
ig_4584530_4585148_at,0.14681381945000016,0.8467427854131464,0.4357806821039491,0.7972939790657073,,False
ig_4585148_4584530_at,0.061452185349999855,0.3819548613378362,0.7181896170380908,0.924053348898532,,False
ig_4629184_4629943_at,0.08338982114999993,0.521483593468748,0.6242963739886869,0.8867740646798019,,False
ig_4629943_4629184_at,-0.24881359489999966,-1.609827378012999,0.16835018213251146,0.5429639298805274,,False
ig_4705304_4705955_at,0.11868509274999983,0.740540894905153,0.4922599026492965,0.8299415030922224,,False
ig_4705955_4705304_at,0.14633897075000002,0.8864565661536892,0.41596598406621116,0.785239186085221,,False
ig_4713098_4713795_at,0.01669022249999985,0.09781214078652761,0.9258814813235522,0.9832476314923846,,False
ig_4713795_4713098_at,-0.009384411900000167,-0.04814863548467836,0.9634618513704488,0.9915958134580279,,False
ig_4888194_4889111_at,0.11346967395000052,0.6209639999513479,0.5618319866121514,0.8631485328685342,,False
ig_4889111_4888194_at,0.04649126920000057,0.2968200413203945,0.7785387780796041,0.9470989880857337,,False
ig_4956028_4956733_at,0.012949053499999863,0.07132769909467754,0.9459020914512698,0.9880596857207466,,False
ig_4956733_4956028_at,0.18178046945000048,1.1652593916133245,0.2964765164222443,0.6914431063584522,,False
ig_5086695_5087407_at,0.24978208420000003,1.5171094027740686,0.18968783896999283,0.5737423536368847,,False
ig_5087407_5086695_at,-0.18198470200000028,-1.0161776457662866,0.35616705197340215,0.7419045991183242,,False
ig_5130767_5131427_at,0.03471385434999963,0.22002774041535086,0.8345508494476414,0.9623839965013165,,False
ig_5131427_5130767_at,0.12889453230000036,0.7463256837588319,0.4890532623703857,0.8283647488667886,,False
ig_517462_518083_at,1.0429719068499996,5.162536689019474,0.0035771362136698755,0.0630389932744338,,False
ig_518083_517462_at,0.5417507410999995,2.733178201246424,0.041124414146439706,0.25860929665164967,,False
ig_5207621_5208463_at,-0.8116442868500009,-3.4872596497499124,0.017521821535622963,0.16064398996678625,,False
ig_5208463_5207621_at,-0.23700675549999994,-1.4946112813726287,0.19525015462533393,0.583655641562976,,False
ig_5242558_5243177_at,0.13293282475000012,0.8459798618492385,0.43616829979469546,0.7972939790657073,,False
ig_5243177_5242558_at,0.1392540895000005,0.7870371728138067,0.4669089044463324,0.81641282802254,,False
ig_5308424_5309325_at,-0.2021050747000004,-1.2589030723164396,0.263641849477044,0.6637279409845513,,False
ig_5309325_5308424_at,-0.04097801255000011,-0.20534733228964747,0.8453991881362575,0.9652802369291973,,False
ig_53521_56546_at,0.19177826355000027,1.1770266692899838,0.29215922893712803,0.6871795196199438,,False
ig_545644_546334_at,0.2725242565499997,1.527081276215231,0.18727185569059587,0.5708069423484791,,False
ig_5457716_5458499_i_at,-0.08140957880000022,-0.5257466614007192,0.6215387640457475,0.8853768550758154,,False
ig_5458499_5457716_at,0.1660234599499999,0.9261231798903744,0.3968837552830342,0.7712306977867083,,False
ig_546334_545644_at,0.018556301649999885,0.09801408743083302,0.925729039286982,0.9832476314923846,,False
ig_5513111_5513731_at,-0.1244132642000002,-0.7589982193916587,0.4820807360611292,0.8262640000017584,,False
ig_5513731_5513111_at,0.22072254079999976,1.2425643704684683,0.26912365012890244,0.666879128600975,,False
ig_5541409_5542072_at,-0.6100152767000004,-3.784197436377188,0.012834520165662205,0.1352121392339176,,False
ig_5542072_5541409_at,0.12436453830000005,0.7791782770647516,0.47112577528507826,0.81970035865444,,False
ig_5563286_5563964_at,0.12126243565000028,0.6301781082626842,0.5562519569712369,0.8620532014861021,,False
ig_5563964_5563286_at,0.1354721116999995,0.48822210129680627,0.6460491200561372,0.8968502643043452,,False
ig_56546_53521_at,0.01578000444999983,0.10187133156435468,0.9228180508704508,0.9824017981932229,,False
ig_5774806_5775619_at,-0.011331629499999885,-0.06506687658928853,0.9506421429013702,0.988617529154029,,False
ig_5775619_5774806_at,0.11928393994999986,0.7564662775373439,0.4834680977915804,0.8265292778648552,,False
ig_5820113_5820909_at,0.08883369969999988,0.545708962949535,0.6087198610789131,0.8816252712378155,,False
ig_5820909_5820113_at,0.00904950410000005,0.0564483988458557,0.9571709111660461,0.988925396370607,,False
ig_5991130_5992382_at,-0.2798323189500005,-1.7151092229661398,0.14698579360759859,0.5055805261832922,,False
ig_5992382_5991130_at,0.03441259684999931,0.21054070195785302,0.8415568686820148,0.9650694143402389,,False
ig_6090705_6092045_at,-0.08394927274999997,-0.5381297117113862,0.6135685832955379,0.8836468513035322,,False
ig_6092045_6090705_at,0.029524714099999905,0.17793344822344068,0.8657594892184158,0.9697165277905987,,False
ig_6125079_6125795_at,0.07386560600000003,0.41319851589098655,0.6965843723163431,0.919097873896883,,False
ig_6125795_6125079_at,-0.017758520049999227,-0.11378839974251266,0.9138333426740233,0.9786114108540225,,False
ig_629884_630527_at,0.0904045638500004,0.5623746305360781,0.5981381592990201,0.879500675901582,,False
ig_630527_629884_at,-0.029849111599999922,-0.19353119549744327,0.8541593645241916,0.9664709764685491,,False
ig_64729_65339_at,0.08337408570000004,0.5423863470682893,0.6108426799370251,0.88231165990413,,False
ig_65339_64729_at,-0.22310409849999946,-1.416038037432979,0.21593298910628242,0.6101687824673924,,False
ig_65479_66303_at,0.02212930749999975,0.13797475086583097,0.8956447435694102,0.9762367188243717,,False
ig_66303_65479_at,0.08733845044999988,0.5185697822865228,0.6261852244416766,0.8879156288552206,,False
ig_68616_69272_at,0.22539578515000036,1.3169146910191194,0.24499209361916072,0.6411842877022588,,False
ig_69272_68616_at,0.13567346965000038,0.8733336683065057,0.42243480163574776,0.7896002675223917,,False
ig_721556_727608_s_at,-2.76414068405,-12.248893504008468,6.416460340803096e-05,0.007954782341516144,,True
ig_727608_721556_s_at,0.03746955585000045,0.11846836401329255,0.9103088503297482,0.9779955293250645,,False
ig_773696_774416_at,0.29840202564999974,1.2239712550052393,0.2754871861390044,0.6687173127677457,,False
ig_774416_773696_at,0.25672210435000054,1.3840152533659094,0.22494685949808058,0.621820030475218,,False
ig_785174_785969_at,-0.13104556845000026,-0.8357095279220143,0.44141190848387374,0.8001689940156543,,False
ig_785969_785174_at,0.23942477210000002,1.3450051334785142,0.2364059051168632,0.6335712684983643,,False
ig_788253_789144_at,-0.07780836410000003,-0.490434789068204,0.6445891674938524,0.8962800000359226,,False
ig_789144_788253_at,-0.13746961234999988,-0.8715052929278574,0.4233422447949072,0.7897915856934465,,False
ig_863300_864095_at,-0.31933775589999946,-1.5361584574671616,0.18509865953048496,0.5686277192048197,,False
ig_864095_863300_at,-0.028246761299999257,-0.16871159274553552,0.8726361235892865,0.9710349744482906,,False
ig_884172_884799_at,0.27988438700000007,1.4895337523876147,0.19652712969092326,0.5856449656509414,,False
ig_884799_884172_at,0.21714312450000017,1.3825379794207002,0.2253711366805248,0.6224939045056636,,False
ig_901046_901934_at,0.051830570299999934,0.32374384407881956,0.7592351641994327,0.9403203852199687,,False
ig_901934_901046_at,0.03292130289999973,0.21357710792621565,0.8393126869763321,0.9642353306830355,,False
ig_991198_991830_at,-1.1248832227499994,-6.521963547728325,0.001267071699550236,0.03412270386964116,,True
ig_991830_991198_at,0.06329381435000059,0.39243927023360875,0.7109048747231941,0.9233164875819249,,False
PA0001_dnaA_at,-0.58209683755,-2.403002941072325,0.06139248825429406,0.3202136417439834,PA0001,False
PA0002_dnaN_at,-0.59193859205,-3.633149982203449,0.015010877521359338,0.14692865690378082,PA0002,False
PA0003_recF_at,-0.7612667590999997,-4.285456362361373,0.00782279202643988,0.10137484430743471,PA0003,False
PA0004_gyrB_at,-0.8113117025000003,-3.5558736932614994,0.016285674819440432,0.15460884191488125,PA0004,False
PA0005_at,-0.03172612964999999,-0.19709703847159835,0.8515131614951521,0.9660270328716476,PA0005,False
PA0006_at,-0.009618824399999948,-0.061150424697212505,0.9536084692707991,0.988925396370607,PA0006,False
PA0007_at,0.19619536259999926,1.2115599267873687,0.2798100906431901,0.6749845055433676,PA0007,False
PA0008_glyS_at,-0.7983493471499994,-4.175804376889772,0.00869012110330526,0.10700847869049113,PA0008,False
PA0009_glyQ_at,-0.5797452218499997,-3.3194567561328614,0.02102080291588033,0.17704059570467098,PA0009,False
PA0010_tag_at,0.17842789994999997,1.0760254163418113,0.3310729233105445,0.7235072582738843,PA0010,False
PA0011_at,-0.1448187490499997,-0.8402822333785526,0.439071394313555,0.7993792071298329,PA0011,False
PA0012_at,-0.18205512050000028,-1.155988227360566,0.2999175895009261,0.6948549099851672,PA0012,False
PA0013_at,-0.25044085390000026,-1.318297361813324,0.24456278472289536,0.6405879015333511,PA0013,False
PA0014_at,0.13680609885000017,0.8823959321092055,0.4179593462221195,0.7854818184473107,PA0014,False
PA0015_at,0.25470107070000036,1.5058346939721576,0.19245589116526268,0.5785471784467497,PA0015,False
PA0016_trkA_at,0.007475336499999763,0.04205683222735342,0.9680811809241505,0.9937324481559858,PA0016,False
PA0017_at,-0.36122151165000016,-1.8314505255035334,0.12653134787462347,0.47001437518712924,PA0017,False
PA0018_fmt_at,0.06615538950000044,0.41363552224713596,0.6962844147888885,0.919097873896883,PA0018,False
PA0019_def_at,0.11081745385000019,0.5022167731919202,0.6368459512740111,0.8927066609189876,PA0019,False
PA0020_at,-0.08732431909999949,-0.46658522230320887,0.6604197823084559,0.905903248349469,PA0020,False
PA0021_at,0.21597765454999962,1.1844642130538379,0.2894592918610534,0.6844914260484477,PA0021,False
PA0022_at,-0.13314979125000015,-0.7536664777311339,0.4850055652719916,0.8268057339639412,PA0022,False
PA0023_qor_at,-0.06206580424999952,-0.27475942666577574,0.794492483080557,0.9519062014148348,PA0023,False
PA0024_hemF_at,0.15673938599999993,0.9986496168492127,0.36381117209666614,0.7456464797937983,PA0024,False
PA0025_aroE_at,-0.018539691349999554,-0.11920664383741283,0.9097530611686292,0.9779955293250645,PA0025,False
PA0026_at,0.04004687275000052,0.23469429530919794,0.823754252833125,0.9584142186550254,PA0026,False
PA0027_at,0.24509593234999905,1.2359871737574895,0.2713593740950158,0.6685665309882775,PA0027,False
PA0028_at,0.07507519009999974,0.4794615822452976,0.6518470892829319,0.9005812459851211,PA0028,False
PA0029_at,0.2724896524,1.2455829427373497,0.26810316794485745,0.6660143782869115,PA0029,False
PA0030_at,0.012243628600000278,0.07933381326572134,0.9398444105490694,0.9865866012308714,PA0030,False
PA0031_betC_at,0.1950326737000001,1.0527079495499911,0.3406662047899531,0.731167641237817,PA0031,False
PA0032_at,-0.046364210549999285,-0.25638394305193374,0.8078691089465161,0.9551490518682015,PA0032,False
PA0033_at,0.08017316224999949,0.3973821210398559,0.7074825299393223,0.9229260131256318,PA0033,False
PA0034_at,-0.10698627194999988,-0.49078207370424504,0.6443601902237344,0.8962800000359226,PA0034,False
PA0035_trpA_at,-1.2267804895500003,-3.5095879485473134,0.017108193161138197,0.15908187195333243,PA0035,False
PA0036_trpB_at,-2.57182537225,-13.357371073741806,4.2069414453051746e-05,0.006692447931639529,PA0036,True
PA0037_trpI_at,0.07161312295000055,0.31495111252808,0.7655183416366332,0.9414627995974139,PA0037,False
PA0038_at,0.4433045371999995,2.6687548050754017,0.04441479274229923,0.2714698547052682,PA0038,False
PA0039_at,-1.1465538789999998,-3.5287074464912664,0.01676282529991347,0.1568616688637372,PA0039,False
PA0040_s_at,-0.5035702618000002,-3.1815711431143354,0.024495064058970274,0.19509871048863198,PA0040,False
PA0041_at,-0.12599475370000057,-0.5932797744316822,0.5788111719243775,0.8696759855192071,PA0041,False
PA0042_at,-0.03424467244999985,-0.21721029593878388,0.836629704140344,0.9627207267263256,PA0042,False
PA0043_at,0.17268387159999943,1.0334039746215933,0.3487852856531047,0.7363522924512819,PA0043,False
PA0044_exoT_at,0.058159020950000695,0.3728916084673856,0.7245144172461508,0.9261683535206953,PA0044,False
PA0045_at,-1.2300974332499992,-6.736102647706999,0.0010934922767606324,0.03141074288584601,PA0045,True
PA0046_at,-1.032805013149999,-3.5419146083178585,0.016528892210661315,0.1556421756259807,PA0046,False
PA0047_at,-0.26284101024999984,-1.6146101661661825,0.167315889359558,0.5412851465662792,PA0047,False
PA0048_at,-0.05922656014999994,-0.3620549807240436,0.7321095509680777,0.9291066875804453,PA0048,False
PA0049_at,0.004786134850000678,0.02683857999295041,0.9796267259061869,0.9953535143593676,PA0049,False
PA0050_r_at,0.09035305444999864,0.5444461373700347,0.6095261679444145,0.8818717582971035,PA0050,False
PA0051_at,-0.040147766249999606,-0.22615494750287984,0.8300351923816787,0.9611923272860489,PA0051,False
PA0052_at,0.10587291820000022,0.6289129576407296,0.5570160058990915,0.8621078650334085,PA0052,False
PA0053_at,0.08346270569999881,0.5331767684300647,0.6167493193842523,0.8840461541097148,PA0053,False
PA0054_at,-0.2833186535499994,-1.4161835975606454,0.2158928078891265,0.6101687824673924,PA0054,False
PA0055_at,-0.33377676164999937,-1.1293052038872673,0.31001776966631117,0.7043080039158999,PA0055,False
PA0056_at,0.22235458845000045,1.4371768103146403,0.21017153988758622,0.604917102092227,PA0056,False
PA0057_at,0.18742386024999913,1.1906823703058738,0.2872190503671039,0.6840357159059461,PA0057,False
PA0058_at,0.37141402209999974,2.2513929181068733,0.07414730518372398,0.35155534118775433,PA0058,False
PA0059_osmC_at,0.27969658964999944,1.6606509765997879,0.15767591673861378,0.5243392349850173,PA0059,False
PA0060_at,0.20401930354999998,0.9501549478897808,0.38566598683866976,0.7627205968461171,PA0060,False
PA0061_at,0.25028555359999993,1.594009890012943,0.17181590507914885,0.5484239373222701,PA0061,False
PA0062_at,0.011171197250000375,0.07085348132937572,0.9462610343880138,0.9880596857207466,PA0062,False
PA0063_at,0.12533356515000005,0.6861249818144398,0.5231488531495878,0.8465240076447071,PA0063,False
PA0064_at,-0.06842089624999925,-0.4424506912331761,0.6766470409392501,0.9103395166461579,PA0064,False
PA0065_at,0.14747685529999988,0.9408810512740101,0.3899643698595251,0.7640318039346785,PA0065,False
PA0066_at,0.05588346779999931,0.35253690306476576,0.7388093814237492,0.9313840263568617,PA0066,False
PA0067_prlC_at,0.18865974524999984,1.1865150847530614,0.28871870406214045,0.6843923358411268,PA0067,False
PA0068_at,-0.15895902250000038,-0.35747048547654275,0.7353332754133671,0.9305276192227117,PA0068,False
PA0069_at,0.2211898377499999,1.3016746712097418,0.24977035928483093,0.6467702353811251,PA0069,False
PA0070_at,-1.1589856778500005,-4.217767668033825,0.00834568208437857,0.10541348658509068,PA0070,False
PA0071_at,0.08678836069999996,0.5458944668763651,0.6086014708600486,0.8816252712378155,PA0071,False
PA0072_at,0.4235836606000003,2.5828171976319454,0.049263613057714324,0.28636846552291045,PA0072,False
PA0073_at,0.22507517320000048,1.128146148958581,0.3104631590481091,0.7045853004950737,PA0073,False
PA0074_ppkA_at,0.01511665690000008,0.08904688680557238,0.9325014221210074,0.985249688895038,PA0074,False
PA0075_at,-0.3597682572000007,-1.5048421518290789,0.19270143487633096,0.5786942069806551,PA0075,False
PA0076_at,-0.09107798369999998,-0.5215844293213557,0.6242310664677688,0.8867740646798019,PA0076,False
PA0077_at,-0.45301325869999953,-2.731365221862174,0.041213243750270925,0.25889130492432727,PA0077,False
PA0078_at,-0.2229039981500005,-1.4365779395139961,0.2103327310478453,0.604917102092227,PA0078,False
PA0079_at,-0.7144879278499996,-2.649567784081767,0.045450051452083015,0.27456553705252795,PA0079,False
PA0080_at,-0.9148979291499999,-4.601267442842004,0.005833608494766268,0.08374785268340063,PA0080,False
PA0081_at,-0.6516770170500008,-3.4179594318114117,0.01887985594761626,0.16786530529859414,PA0081,False
PA0082_at,-0.7226746469999998,-3.458491788989115,0.01807161902859155,0.16389761109751905,PA0082,False
PA0083_at,-2.1712909631500006,-6.040832754482481,0.001790907401217717,0.04166514214848807,PA0083,True
PA0084_at,-1.1187054471,-3.6969947410618604,0.014043169596965761,0.1425139590478284,PA0084,False
PA0085_at,-1.3412737531000012,-2.538490181394158,0.051989314521513556,0.29395687346169913,PA0085,False
PA0086_at,-0.6386034734000008,-2.8971506363780954,0.03390304533830611,0.23285102084162168,PA0086,False
PA0087_at,-0.3132750841499998,-2.0215792766231484,0.09917031949105184,0.41634557812006506,PA0087,False
PA0088_at,-0.3529727922000001,-1.4844512199107875,0.197813427736609,0.5873861013685765,PA0088,False
PA0089_at,-0.31396843899999993,-1.9134800093084787,0.11387682844061225,0.44715077531784103,PA0089,False
PA0090_at,-0.15341731874999986,-0.4200587982058486,0.691882814662408,0.9170056850040381,PA0090,False
PA0091_at,-0.22163091410000035,-0.9872065583227027,0.3688743946965221,0.7502400439473839,PA0091,False
PA0092_at,-0.2635155766500006,-1.685968942543644,0.15261252869015865,0.5144772874400194,PA0092,False
PA0093_at,-0.4493378295500001,-2.444445603514756,0.05833364061191254,0.31044467327460873,PA0093,False
PA0094_at,-0.9022660877500002,-5.3285661070991095,0.0031182486816294067,0.05771701805053676,PA0094,False
PA0095_at,-0.08312663039999979,-0.4630936086359083,0.662754682005562,0.9061273847359798,PA0095,False
PA0096_at,0.27670697129999944,1.5176760600254844,0.18954974234323124,0.573619425929182,PA0096,False
PA0097_at,0.37791754050000037,2.0382549813043656,0.09708438005765016,0.41051627946790864,PA0097,False
PA0098_at,-0.12866538245000037,-0.6588930647871576,0.5390935195104591,0.8513828178542833,PA0098,False
PA0099_at,0.010953368000000019,0.0647288299263596,0.9508981449770831,0.988617529154029,PA0099,False
PA0100_at,-0.32777859030000034,-1.6804941073564672,0.15369350626782163,0.5160524688490578,PA0100,False
PA0101_at,0.11115198250000002,0.569728138281327,0.5935044207680961,0.87691182439829,PA0101,False
PA0102_at,0.09465441605000002,0.5798298711434074,0.5871745271876115,0.8752477310243999,PA0102,False
PA0103_at,-0.13849981319999927,-0.7020937029889601,0.5139491068840206,0.8425290708855466,PA0103,False
PA0104_at,0.36212819219999925,2.3554270977042457,0.06511968612059435,0.3284442780683962,PA0104,False
PA0105_coxB_at,0.24744607320000034,1.578502197676725,0.17528192026277825,0.5518821854408956,PA0105,False
PA0106_coxA_at,0.1820549801500002,1.1007134102108034,0.32116821996863165,0.7155170865765957,PA0106,False
PA0107_at,0.22741481090000004,1.4510352914751166,0.20647417260590445,0.6001515950411623,PA0107,False
PA0108_coIII_at,0.03192917795000039,0.19359528833252773,0.854111782076769,0.9664709764685491,PA0108,False
PA0109_at,0.06935406975000014,0.39317722453224496,0.7103934347467211,0.9233164875819249,PA0109,False
PA0110_at,0.025384342849999797,0.11082372303432032,0.9160672162101201,0.9791123360473519,PA0110,False
PA0111_at,0.12075730674999896,0.53492602502503,0.6156248687707644,0.8840461541097148,PA0111,False
PA0112_at,0.3143055242999999,2.0130587718517505,0.10025419768995096,0.41811391029239886,PA0112,False
PA0113_at,0.2508945176000008,1.2811859171047624,0.25632954741713676,0.6540263974369792,PA0113,False
PA0114_at,0.14236541055000096,0.6759616938951312,0.5290619947523642,0.8495240691935472,PA0114,False
PA0115_at,-0.06327248724999945,-0.4043585954017054,0.7026654483153923,0.9219928867228585,PA0115,False
PA0116_at,0.2436629351999997,1.1010578518362968,0.32103185405812873,0.7154840942772229,PA0116,False
PA0117_at,-0.009082292499999589,-0.05787746591944545,0.9560880687991904,0.988925396370607,PA0117,False
PA0118_at,0.17014140149999957,1.036172411198866,0.347611000419869,0.7357400557771271,PA0118,False
PA0119_at,0.29863166185,1.8847992542190222,0.11814629992843695,0.4557071568668282,PA0119,False
PA0120_at,1.1727838017500005,4.744232649301297,0.005130738883564571,0.07844033524327548,PA0120,False
PA0121_at,0.8517695525999995,4.850887579819421,0.004670212052985357,0.07439919326407851,PA0121,False
PA0122_at,0.6397471230499994,3.0527408277610584,0.02833556839973536,0.21138549505810184,PA0122,False
PA0123_at,0.3810839617500008,2.4797424401054404,0.05585872141589616,0.30385031697693127,PA0123,False
PA0124_at,0.15192154994999996,0.9475995578957932,0.3868465623664751,0.7630626226840054,PA0124,False
PA0125_at,0.31039708249999975,1.978591875513001,0.10476654158959209,0.42793606092736924,PA0125,False
PA0126_at,-0.8560229351500004,-1.8421524524804298,0.12480167003870792,0.4669946788606706,PA0126,False
PA0127_at,0.38989249909999923,1.6618108154249651,0.1574403365585051,0.5241480887914938,PA0127,False
PA0128_at,-0.37119066310000015,-2.292786005883061,0.07040387158000769,0.3413485898846172,PA0128,False
PA0129_gabP_at,-0.03629160414999966,-0.18234063868051403,0.8624778030330431,0.968743750798087,PA0129,False
PA0130_at,0.08141179590000025,0.4727677152330765,0.6562961805793252,0.9024309536136164,PA0130,False
PA0131_at,-0.1777396505500004,-1.0157984334455605,0.3563310060665142,0.7419045991183242,PA0131,False
PA0132_at,-0.12133641204999979,-0.6990997104806257,0.5156654699798381,0.8433850004784389,PA0132,False
PA0133_at,0.3625628136499994,2.091487063071929,0.09072837821389787,0.3918084538968609,PA0133,False
PA0134_at,0.45477722219999883,2.2765007289570645,0.07185189842469003,0.3439551559777162,PA0134,False
PA0135_at,0.12424460204999965,0.7725481333929728,0.47470489159568846,0.8224911059993728,PA0135,False
PA0136_at,0.11997187445000002,0.7478272110768456,0.4882233684481386,0.8281228969217181,PA0136,False
PA0137_at,0.1615063596999997,0.9306079365508095,0.3947707240835899,0.7683211836064958,PA0137,False
PA0138_at,-0.060811840599999556,-0.32526456092378553,0.7581505941187885,0.9403203852199687,PA0138,False
PA0139_ahpC_at,-1.1778722325000004,-6.5410115654734575,0.001250373962482796,0.034072690477656195,PA0139,True
PA0140_ahpF_at,-0.1651873099000003,-1.0033963763931735,0.361727770221254,0.7441877068055824,PA0140,False
PA0141_at,3.2717100727000004,17.507349845477677,1.1146517733048891e-05,0.0037321889738165344,PA0141,True
PA0142_at,0.060127751300000476,0.35146438073125474,0.7395660002146308,0.9316038727402709,PA0142,False
PA0143_at,0.09402175844999938,0.6048028530031049,0.5717051553321558,0.868430666681381,PA0143,False
PA0144_at,0.0028261112500000962,0.0158341708821197,0.9879790883835827,0.9976402323255735,PA0144,False
PA0145_i_at,0.3749755564999999,1.970033522691131,0.1059194695515083,0.4308514151901713,PA0145,False
PA0146_at,0.04693695984999913,0.30064935606495474,0.775781787731744,0.9451980133697051,PA0146,False
PA0147_at,0.2166125440999993,1.3227394823875676,0.2431882474846027,0.6391442546638224,PA0147,False
PA0148_at,-0.1284159039499997,-0.7449960425290578,0.4897889936958511,0.8286329752815231,PA0148,False
PA0149_at,-0.05470334309999991,-0.3130289445466856,0.7668946474226924,0.9417779876340429,PA0149,False
PA0150_at,0.08581464610000022,0.47414086938598987,0.6553821852341245,0.9021158247267792,PA0150,False
PA0151_at,0.04913501875000037,0.31931627847327204,0.7623964546274132,0.9403203852199687,PA0151,False
PA0152_pcaQ_at,0.04195313245000065,0.21970420745957175,0.8347894911453625,0.9623839965013165,PA0152,False
PA0153_pcaH_at,0.04182854160000016,0.26966734852928004,0.7981915427436997,0.9541339196972819,PA0153,False
PA0154_pcaG_at,0.3404968000500004,2.105030801077578,0.08918219200008813,0.3894112626947468,PA0154,False
PA0155_pcaR_at,-0.7137375298999995,-3.3933716511930476,0.01939012623859201,0.170343706030377,PA0155,False
PA0156_at,0.20503752980000023,1.0125919887631527,0.3577198390523468,0.7419691956371308,PA0156,False
PA0157_at,-0.15410674100000055,-0.9930861480982662,0.36626564380123994,0.7477572906800188,PA0157,False
PA0158_at,0.051333744999999986,0.3324536147458396,0.7530319587049263,0.9378641787848491,PA0158,False
PA0159_at,0.08365748880000012,0.44535471125260906,0.6746836681752948,0.9102446694706253,PA0159,False
PA0160_at,0.3211633660000004,1.9758417707872236,0.10513558712075809,0.42855129210026466,PA0160,False
PA0161_at,0.24010789640000052,1.531851349351784,0.18612676119413654,0.5700011011387552,PA0161,False
PA0162_at,0.09741503650000016,0.5730337123804256,0.5914285482169435,0.876422063143235,PA0162,False
PA0163_at,-0.08881481299999994,-0.5711698461597495,0.592598497393266,0.8766293557209281,PA0163,False
PA0164_at,0.021432624150000468,0.11151400605227685,0.915547011039995,0.9789443973938837,PA0164,False
PA0165_at,-1.5702219154500003,-6.162350067822758,0.0016376940765046033,0.0398848068141632,PA0165,True
PA0166_at,0.04738376065000027,0.30590000389686595,0.7720075667076713,0.9439730807977795,PA0166,False
PA0167_at,-0.028140504900000085,-0.11810300063173676,0.9105839234162673,0.9779955293250645,PA0167,False
PA0168_at,-0.1724716487000002,-0.9670327969943491,0.3779415160449258,0.7555294361706256,PA0168,False
PA0169_at,0.04698886075000086,0.2793156481342461,0.7911878669266644,0.9513555075943022,PA0169,False
PA0170_at,-0.3914215838500006,-2.0515056953434354,0.09545968197068862,0.4062730933329524,PA0170,False
PA0171_at,-0.2766171799999988,-1.289533983684122,0.25363816908083003,0.6514123826499377,PA0171,False
PA0172_at,0.2055128181999999,1.1651942353440539,0.29650057771809946,0.6914431063584522,PA0172,False
PA0173_at,0.03878412899999972,0.24122734520828498,0.8189590534037147,0.9577573988345449,PA0173,False
PA0174_at,0.22249278895000035,1.355659621092245,0.23322312622999977,0.6302806799769415,PA0174,False
PA0175_at,-0.09513266999999992,-0.6092275813686872,0.5689911585807711,0.8671934076286536,PA0175,False
PA0176_at,0.19717595175000024,0.9641994903895863,0.37922938895060354,0.7566590452078822,PA0176,False
PA0177_at,0.32619007160000013,1.8659819112194347,0.12103677268641665,0.4620119611104075,PA0177,False
PA0178_at,0.39063877199999997,2.202484642445476,0.07884682284664807,0.3634239618444562,PA0178,False
PA0179_at,0.760626748,3.2222273109567,0.023407492430818296,0.1892919309480949,PA0179,False
PA0180_at,0.15477847040000015,0.9105213590977647,0.4043049149853436,0.7767703335080576,PA0180,False
PA0181_at,0.5049773260499997,3.276465147827293,0.02204044106479571,0.18286865939658942,PA0181,False
PA0182_at,-0.059679090649999544,-0.3553511844784441,0.7368256202631254,0.9305276192227117,PA0182,False
PA0183_atsA_at,0.24637931769999977,1.2062160271374132,0.28169005935682023,0.6772988927182368,PA0183,False
PA0184_at,0.19859606730000046,1.25167957262047,0.26605278271874355,0.6648972465393791,PA0184,False
PA0185_at,0.2994660742499997,1.3424929297784047,0.23716224639758993,0.6341731182029114,PA0185,False
PA0186_at,0.0024429495000002355,0.015357463334328778,0.9883409583148958,0.9978344563707507,PA0186,False
PA0187_at,0.004801125700000242,0.02863069202862147,0.9782667584460047,0.9953462645139471,PA0187,False
PA0188_at,0.2915279384000007,1.744054838782597,0.141603071586189,0.49435093674751396,PA0188,False
PA0189_at,0.22989430589999849,1.3791807555879079,0.226338142097089,0.623180870157899,PA0189,False
PA0190_at,0.17585696375000026,0.992471869332905,0.3665374842552452,0.7477572906800188,PA0190,False
PA0191_at,-0.2882786161999995,-1.8396855244098134,0.12519822430709343,0.4672902652324362,PA0191,False
PA0192_at,-0.048203539600000234,-0.3106411686996823,0.7686056938298061,0.9421101861479049,PA0192,False
PA0193_at,0.25407264014999953,1.3149215064389517,0.24561218931913936,0.642236049014862,PA0193,False
PA0194_at,0.06132401094999995,0.352569797577647,0.7387861810360031,0.9313840263568617,PA0194,False
PA0195_pntA_at,-1.0086621487999992,-6.430611963750994,0.0013509047813369326,0.035605601857475244,PA0195,True
PA0196_pntB_at,-0.45009909495000056,-2.7397270562306653,0.04080530155752023,0.2574276580574106,PA0196,False
PA0197_at,0.2262016422999995,1.3372905444656624,0.23873568233871084,0.6355487228609914,PA0197,False
PA0198_exbB1_at,0.5150453736499996,1.7921030473874586,0.13310406526114213,0.4821234019243585,PA0198,False
PA0199_exbD1_at,0.35249361580000027,1.9425829696293284,0.10970727366486757,0.43840803259331607,PA0199,False
PA0200_i_at,3.5688054786,6.424231021534571,0.0013570013542239295,0.035605601857475244,PA0200,True
PA0201_at,0.9088898857000007,5.414016829883784,0.002909116852367623,0.05541443945966287,PA0201,False
PA0202_at,0.1360322603499995,0.8175967002330355,0.45077556436875393,0.8059735637528814,PA0202,False
PA0203_at,0.23454375594999988,1.2216513561867275,0.2762906232030018,0.6697885536132078,PA0203,False
PA0204_at,0.1620762398000002,0.9569744080401854,0.3825296758498473,0.7609224981589056,PA0204,False
PA0205_at,0.12616251489999986,0.7270585089698107,0.4997912432256028,0.8340691983543806,PA0205,False
PA0206_at,-0.11178746529999994,-0.6759184942002275,0.5290872247814544,0.8495240691935472,PA0206,False
PA0207_at,0.39306799505,2.3985034483118644,0.06173491172054452,0.32041213148211645,PA0207,False
PA0208_mdcA_at,-0.04755217380000065,-0.30145546214855434,0.775201890812042,0.9446870247038673,PA0208,False
PA0209_at,0.18063868290000018,0.9900038191041681,0.36763136089359116,0.748657398207148,PA0209,False
PA0210_mdcC_at,0.19085993594999984,0.8754101810312466,0.42140603326990106,0.7888218804522329,PA0210,False
PA0211_mdcD_at,0.15697225180000007,0.7773467815861856,0.4721124906261538,0.8199051532180511,PA0211,False
PA0212_mdcE_at,0.11539284324999954,0.6108521814091225,0.567996723958237,0.8670198955441345,PA0212,False
PA0213_at,0.18642528079999998,0.9539396839781856,0.3839228067186279,0.7616345265742648,PA0213,False
PA0214_at,-0.19397441115000014,-0.9195025338801638,0.4000195969920574,0.7752767032911589,PA0214,False
PA0215_at,0.14478154745000005,0.9376832713262873,0.39145541855369265,0.7647340049317022,PA0215,False
PA0216_at,0.37402454325,2.177175749130285,0.08140250603134154,0.3698597558227018,PA0216,False
PA0217_at,0.053363743650000295,0.3454559900309146,0.7438108183369095,0.9330925994737957,PA0217,False
PA0218_at,0.36087477715000027,2.3188765177613226,0.06814892373186655,0.33565489198573606,PA0218,False
PA0219_at,0.03915871679999938,0.19556876239038062,0.8526470224338614,0.966038828217298,PA0219,False
PA0220_at,0.14492687380000024,0.9434343462167704,0.38877710815803623,0.763916206553885,PA0220,False
PA0221_at,0.022491897600000144,0.1170441513847285,0.9113811849997434,0.9779955293250645,PA0221,False
PA0222_at,0.10155969609999982,0.49715308631479643,0.6401675000773314,0.894474220434925,PA0222,False
PA0223_at,0.07659768825000057,0.3611266556377306,0.7327618277276171,0.9293333587599125,PA0223,False
PA0224_at,0.28991105854999955,1.7642340262735172,0.13796865386827675,0.4883244117069615,PA0224,False
PA0225_at,-0.0965590910999996,-0.6225132065304869,0.5608912913835059,0.8631485328685342,PA0225,False
PA0226_at,0.4266965186,2.3487332326654182,0.06566341821907883,0.32977378808660235,PA0226,False
PA0227_at,0.1331708516500001,0.8282273014346058,0.445261997499831,0.8013892766037469,PA0227,False
PA0228_pcaF_at,0.052230588600000516,0.32255894861699064,0.7600806628723313,0.9403203852199687,PA0228,False
PA0229_pcaT_at,-0.052971386649999896,-0.3059492565927063,0.7719721969608804,0.9439730807977795,PA0229,False
PA0230_pcaB_at,0.029760089249999844,0.1457150268454161,0.889838613388346,0.9742452680640888,PA0230,False
PA0231_pcaD_at,0.1906612668999994,1.0308252427091913,0.3498820964577255,0.7364996213014565,PA0231,False
PA0232_pcaC_at,0.10422127769999978,0.5633714179832005,0.5975087704236741,0.8790144020779169,PA0232,False
PA0233_at,0.08049754864999947,0.45996786173777504,0.6648486098355971,0.9073264357737827,PA0233,False
PA0234_at,0.10097514894999993,0.6421595531696499,0.5490497677290539,0.8590395887435436,PA0234,False
PA0235_pcaK_at,0.21883536295000017,1.269393613797708,0.260175897753892,0.6595156477947495,PA0235,False
PA0236_at,-0.09736613125000027,-0.512638326788906,0.630040273123691,0.8884554059058952,PA0236,False
PA0237_at,-0.2383149552500008,-1.485953761031992,0.19743231901302485,0.587057160503691,PA0237,False
PA0238_at,0.10377132534999944,0.6697805845587167,0.5326801895620736,0.8495240691935472,PA0238,False
PA0239_at,0.08459750929999998,0.5099567834494935,0.6317874963650756,0.8887230261292228,PA0239,False
PA0240_at,0.2299334587000006,1.4319640727576035,0.21157854842676357,0.6063054216357986,PA0240,False
PA0241_at,0.1382033716500004,0.7803564267370424,0.47049184472301164,0.8193164969305432,PA0241,False
PA0242_at,-0.1268543146499992,-0.804775217337264,0.45749322185319424,0.8118194464359063,PA0242,False
PA0243_at,-0.03503833784999966,-0.2271199852341648,0.8293246466947732,0.9607173529709575,PA0243,False
PA0244_at,-0.06934153025,-0.27454045407617356,0.7946514271864438,0.9519062014148348,PA0244,False
PA0245_aroQ2_at,0.08662618605000016,0.5464263829430435,0.6082620726893353,0.8816252712378155,PA0245,False
PA0246_at,0.16700057039999994,1.0215647983772806,0.3538446748441123,0.7408646357378956,PA0246,False
PA0247_pobA_at,0.0656434537000008,0.4181027148473112,0.6932217877048834,0.9173779950287364,PA0247,False
PA0248_at,0.056908654900000855,0.34610196660928355,0.7433539490856201,0.9330925994737957,PA0248,False
PA0249_at,0.3609201567499998,2.215551700085673,0.07756089127957082,0.36174596360661954,PA0249,False
PA0250_at,0.5997551297500001,3.783592276633768,0.012842486652520881,0.1352121392339176,PA0250,False
PA0251_at,-0.08980162044999984,-0.5400226360737154,0.6123554974533468,0.8827637663508204,PA0251,False
PA0252_at,-0.014210196049999624,-0.09170821297831976,0.9304907783796986,0.9847818379182003,PA0252,False
PA0253_at,0.12145539879999934,0.6338646859123489,0.5540294234688874,0.8615633253732816,PA0253,False
PA0254_at,0.15306966160000002,0.9798677690186087,0.37215198795680293,0.752969129749159,PA0254,False
PA0255_at,-0.056057028849999746,-0.21820014173768218,0.8358991719355487,0.9627176732327025,PA0255,False
PA0256_at,0.03567197149999979,0.22913239943514066,0.8278435261164703,0.9606994857547716,PA0256,False
PA0257_at,0.14191170765000027,0.9036843545106569,0.4075914348909816,0.7792077297917288,PA0257,False
PA0258_at,0.08601655399999997,0.5492381693965457,0.6064698211824866,0.8809677609773238,PA0258,False
PA0259_at,0.25975564979999977,1.6509038605547106,0.15966961969536064,0.528282957575544,PA0259,False
PA0260_at,0.1147412906499996,0.7100438169384885,0.5094106695103149,0.8398732310205803,PA0260,False
PA0261_at,-0.09760001240000005,-0.6322347187276592,0.5550113749238407,0.8617983449997144,PA0261,False
PA0262_at,0.02536592620000011,0.15720052113504,0.8812376523877858,0.9720698691818793,PA0262,False
PA0263_hcpC_s_at,0.07151413355000003,0.33850990198279657,0.7487309780324767,0.9347029128473151,PA0263,False
PA0264_at,0.3399036466500007,1.9777880797798348,0.10487426582629437,0.42807900738805044,PA0264,False
PA0265_gabD_at,1.41764037995,9.173107204180061,0.0002581987192987702,0.015047105562302586,PA0265,True
PA0266_gabT_at,1.68671233395,10.192642437237566,0.00015598841198401868,0.010930330868308738,PA0266,True
PA0267_at,0.3448109893,2.2253072291614746,0.07661543868097907,0.35875773434864183,PA0267,False
PA0268_at,0.2837104036999998,1.7048141006676358,0.1489495152494403,0.508241650294612,PA0268,False
PA0269_at,0.4172620788499999,1.8474189488440185,0.12395938896509585,0.46591632404122235,PA0269,False
PA0270_at,0.3309725766000007,2.0424794525013814,0.09656328167122556,0.40890034238621126,PA0270,False
PA0271_at,0.07295035950000006,0.4629900237858579,0.6628240174252105,0.9061273847359798,PA0271,False
PA0272_at,0.3259476331000002,1.867739744226657,0.12076370517786096,0.46186820576795945,PA0272,False
PA0273_at,-0.02121860964999911,-0.1369718112160005,0.8963976193091108,0.9762367188243717,PA0273,False
PA0274_at,0.06377123949999941,0.39007562694874437,0.7125441596739068,0.9233164875819249,PA0274,False
PA0275_at,0.12925666980000017,0.8121263105200418,0.4536326452195809,0.8086256056215789,PA0275,False
PA0276_at,0.2299663672500003,1.4259736302219133,0.21320654814480766,0.6086002630360513,PA0276,False
PA0277_at,-1.7332742126499996,-6.679066434808436,0.0011368208995834995,0.032032943214722734,PA0277,True
PA0278_at,-0.16323040234999997,-1.0378461500565526,0.34690266415760485,0.7355436171583798,PA0278,False
PA0279_at,0.16710824684999892,1.0279988562872302,0.3510875609391774,0.7375094160199852,PA0279,False
PA0280_cysA_at,-0.46092899045000024,-2.7004175262848764,0.042762723824408023,0.26578816518528575,PA0280,False
PA0281_cysW_at,-0.7516946034000007,-3.471027938065267,0.01782965744889056,0.16271894627831415,PA0281,False
PA0282_cysT_at,-0.22250054970000033,-1.276579297046156,0.2578258783067789,0.6555348249303242,PA0282,False
PA0283_sbp_at,-1.3957513532500005,-6.463733770792295,0.001319773590569127,0.0349918349283328,PA0283,True
PA0284_at,-1.8315828313499996,-10.748730710717307,0.00012079910341206712,0.009740048255937358,PA0284,True
PA0285_at,-0.03131026090000022,-0.1962397853290576,0.8521491261814363,0.9660270328716476,PA0285,False
PA0286_at,-0.3504221893500006,-1.6285720309128748,0.16433240281637315,0.5352852921843787,PA0286,False
PA0287_at,0.15614326370000065,0.8784873487584264,0.41988508448080974,0.7870839513547918,PA0287,False
PA0288_speB1_at,0.3025293781499996,1.9222756926302804,0.11259965912631818,0.4445883565681383,PA0288,False
PA0289_at,0.14354061714999933,0.8779248086827843,0.42016281179412124,0.787353807774657,PA0289,False
PA0290_at,0.02985125100000019,0.18149898105832413,0.8631042783669938,0.968743750798087,PA0290,False
PA0291_oprE_at,-0.3164196061000002,-1.4397169329382518,0.2094891526642685,0.6045507749273665,PA0291,False
PA0292_at,0.29221589910000034,1.8588140154229953,0.12215683851144604,0.46358165794865985,PA0292,False
PA0293_at,-0.06216650800000023,-0.3849668707598999,0.7160933005582544,0.924053348898532,PA0293,False
PA0294_at,0.28340403744999954,1.689336470135167,0.15195140937289517,0.5134247965378077,PA0294,False
PA0295_at,0.4068961390500001,2.265238126793648,0.0728719917526123,0.34787067595772586,PA0295,False
PA0296_s_at,0.9850090378000003,5.007518323540955,0.004078389057433741,0.06781185873461865,PA0296,False
PA0297_at,0.3792284797499992,1.9013774295621546,0.11565868893150764,0.45143703120083156,PA0297,False
PA0298_at,0.6292583341000002,3.3438929646891444,0.02046509881563705,0.17559412773883334,PA0298,False
PA0299_at,0.07455046374999963,0.4201747640710407,0.691803473993232,0.9170056850040381,PA0299,False
PA0300_potF2_at,-0.25138333794999923,-1.5392850123359774,0.1843558204303641,0.5676963566577992,PA0300,False
PA0301_potF3_at,-0.27488571625,-1.588974539543157,0.17293386611247807,0.5493193394161068,PA0301,False
PA0302_potG_at,-0.31960831555,-1.5371404188407933,0.1848650415600242,0.5682065977139961,PA0302,False
PA0303_potH_at,-0.27614514105000065,-1.5702356329324783,0.17715748962813993,0.5537700392730917,PA0303,False
PA0304_potI_at,0.03565732994999937,0.14714014098499814,0.8887704483227523,0.9742452680640888,PA0304,False
PA0305_at,0.018246968250000606,0.08836479637848024,0.9330168370604898,0.985249688895038,PA0305,False
PA0306_at,0.18040733029999956,1.1584884804538225,0.2989861504826158,0.6947669087376258,PA0306,False
PA0307_at,-0.1366149084999999,-0.6897555238829212,0.5210474634708605,0.8452003346968888,PA0307,False
PA0308_at,-0.3080242221500007,-1.6324986611995858,0.1635028608507647,0.5346543549820006,PA0308,False
PA0309_at,0.3371355133999998,1.7061588373341543,0.1486915278612978,0.5079502803201386,PA0309,False
PA0310_at,0.30141077319999976,1.875157538126085,0.11961835602303822,0.45940106198725145,PA0310,False
PA0311_at,0.47234361724999996,2.4329468507227388,0.05916543341410983,0.31317242902468573,PA0311,False
PA0312_at,0.27241043820000055,1.2124109750968368,0.27951173447724464,0.6745412337568929,PA0312,False
PA0313_at,0.09364618784999967,0.5511015497271752,0.6052838138161594,0.880525985050829,PA0313,False
PA0314_at,-0.09715346174999873,-0.5984742958105191,0.5756010330073588,0.8694911453485579,PA0314,False
PA0315_at,-0.41211354425000035,-2.6562970736631484,0.04508397136506373,0.27328965546319783,PA0315,False
PA0316_serA_at,-1.6031167571000005,-9.107248960800558,0.00026720319159073485,0.01509781939552357,PA0316,True
PA0317_at,-0.2904119486000001,-1.6433646955674357,0.16122888458627269,0.5307568314736024,PA0317,False
PA0318_at,-0.04900411734999999,-0.3109064706613594,0.7684155082016519,0.9421101861479049,PA0318,False
PA0319_at,0.07824297860000051,0.499692755708873,0.6385003915207782,0.8937487049919858,PA0319,False
PA0320_at,-0.1178390520999999,-0.7639881095133912,0.4793549479384668,0.8233483706293875,PA0320,False
PA0321_at,-0.11641658784999986,-0.6894052546308527,0.5212499515714758,0.8452003346968888,PA0321,False
PA0322_at,0.028915598699999823,0.18566175079283323,0.8600069057023587,0.968743750798087,PA0322,False
PA0323_at,0.04967827509999978,0.3217104073041624,0.7606863849018862,0.9403203852199687,PA0323,False
PA0324_at,0.18577869029999938,1.1117032327169072,0.31684188182988077,0.711262897197055,PA0324,False
PA0325_at,0.057074011150000103,0.35484607549051284,0.7371814965062019,0.9305276192227117,PA0325,False
PA0326_at,0.08241751359999938,0.5323202753958401,0.617300321677018,0.8840461541097148,PA0326,False
PA0327_at,-0.06640834520000016,-0.4314550942791167,0.6841073345639218,0.9133100369862714,PA0327,False
PA0328_at,0.16388106319999984,0.7084565995858576,0.5103145337981166,0.8401295336492713,PA0328,False
PA0329_at,0.5072921139499993,3.163082272522397,0.025008402421523405,0.1984694811820667,PA0329,False
PA0330_rpiA_at,-0.531313883100001,-2.2052398902703083,0.07857379978298519,0.36300716587605514,PA0330,False
PA0331_ilvA1_at,-0.4963420694499998,-3.222044707966328,0.023412253776794616,0.1892919309480949,PA0331,False
PA0332_at,0.026827631299999766,0.1727155378660919,0.8696488178936311,0.9702803940776634,PA0332,False
PA0333_at,-0.06912997884999861,-0.36024097795508303,0.7333843772244568,0.9295220595054161,PA0333,False
PA0334_at,0.32797132159999975,2.0755814318012336,0.09258035960045331,0.39717784009349,PA0334,False
PA0335_at,-0.0027946785500008176,-0.013791258050941113,0.989529890643003,0.998407704341065,PA0335,False
PA0336_at,-0.2529726909000001,-0.7175673226313593,0.5051414064229999,0.8363812241303636,PA0336,False
PA0337_ptsP_at,0.14104434620000106,0.8340721483996819,0.4422522867135411,0.8001689940156543,PA0337,False
PA0338_at,0.19922577460000035,1.1055978750247923,0.31923910341984757,0.7150081288923983,PA0338,False
PA0339_at,0.02255803430000025,0.12488011336908464,0.9054839596038061,0.9775639373125464,PA0339,False
PA0340_at,0.16239804795,0.6593545039425602,0.538820670165406,0.8513828178542833,PA0340,False
PA0341_lgt_at,-0.4053782615500001,-2.567966580903078,0.0501589581217312,0.290377985546045,PA0341,False
PA0342_thyA_at,-0.9022031139500006,-3.9637665970570364,0.0107025230797098,0.12166758004804322,PA0342,False
PA0343_at,0.13663171140000063,0.8212375288482598,0.44888150734388377,0.8042972761723287,PA0343,False
PA0344_at,-0.12455010499999908,-0.7831364391731497,0.46899846525028993,0.8178481568844493,PA0344,False
PA0345_at,-0.18715311689999936,-0.6294524428615799,0.55669011759697,0.8620568356158288,PA0345,False
PA0346_at,0.034952534400000346,0.22750321201666038,0.8290425326853016,0.9606994857547716,PA0346,False
PA0347_glpQ_at,0.18993755894999964,1.1758794686158345,0.29257766210799935,0.6871795196199438,PA0347,False
PA0348_at,0.3423302474500005,1.4751666518278082,0.20018415046231516,0.5914719326576344,PA0348,False
PA0349_at,-0.021922891999999194,-0.11644466132967182,0.9118326241227092,0.9779955293250645,PA0349,False
PA0350_folA_at,-0.11638202475000003,-0.6318863021838124,0.5552214196970767,0.8617983449997144,PA0350,False
PA0351_at,0.09366541089999991,0.5780617323880455,0.588279479100829,0.8759445710736805,PA0351,False
PA0352_at,-0.07245310725000031,-0.4694007849439491,0.6585401508571185,0.9041677928493117,PA0352,False
PA0353_ilvD_at,-0.6915883223999995,-3.3022331415393213,0.021422751282871737,0.17987776612123116,PA0353,False
PA0354_at,-0.306892072050001,-1.8459639431330708,0.12419150701805803,0.46601912303295095,PA0354,False
PA0355_pfpI_at,0.21387842219999964,1.2816666000495118,0.2561738700340849,0.6540263974369792,PA0355,False
PA0356_at,-0.1554814761499994,-0.873047526622706,0.42257671745607384,0.7896147806179208,PA0356,False
PA0357_mutM_at,-0.23569070614999976,-1.106560119748745,0.3188602475529554,0.7144314492183842,PA0357,False
PA0358_at,-0.3144291587000003,-1.8719528263015128,0.12011180524575844,0.46027219119566026,PA0358,False
PA0359_at,2.1853307734000005,10.581326292973877,0.00013029179345604313,0.009959707743925583,PA0359,True
PA0360_at,0.3975775432499997,2.48576671617347,0.05544784401903136,0.30275140064565736,PA0360,False
PA0361_at,0.006060722899999149,0.03674521381666156,0.9721100730814922,0.9940985203938076,PA0361,False
PA0362_fdx1_at,-0.1161903618000002,-0.5760126735795071,0.5895615745303602,0.8759445710736805,PA0362,False
PA0363_coaD_at,-0.3498670384500002,-2.111419377442183,0.08846253302045576,0.3877069764396147,PA0363,False
PA0364_at,-0.012766712350000375,-0.06978628315349789,0.9470688663229826,0.988227757562009,PA0364,False
PA0365_at,0.40413542935000013,2.600209716436124,0.048237217506454745,0.28413576991756434,PA0365,False
PA0366_at,0.2612039082500006,1.5762974374089684,0.175780236178871,0.5518821854408956,PA0366,False
PA0367_at,0.23703652509999973,1.5273786022137328,0.18720028046120782,0.5708069423484791,PA0367,False
PA0368_at,0.1341985333500002,0.5140088031876451,0.6291483626702975,0.8884285919135562,PA0368,False
PA0369_at,0.20141582129999946,0.9922462587418555,0.3666373667860235,0.7477572906800188,PA0369,False
PA0370_at,-0.21677513920000013,-1.3693946696773636,0.2291791940194082,0.6256719554722805,PA0370,False
PA0371_at,-0.23326277790000027,-1.4181974520193448,0.21533761998292744,0.6096571578737426,PA0371,False
PA0372_at,-0.5546232384500005,-3.488834484641282,0.01749227777382103,0.16062331821639714,PA0372,False
PA0373_ftsY_at,-0.1764020429500004,-1.0219418954354824,0.3536825841892145,0.7408646357378956,PA0373,False
PA0374_ftsE_at,-0.4045673014000002,-1.6984563355467988,0.15017534514100062,0.5101686442237969,PA0374,False
PA0375_ftsX_at,-0.22346768480000012,-1.39842603184912,0.22084734006108703,0.6170040533051258,PA0375,False
PA0376_rpoH_at,0.27060306789999977,1.0711396581699757,0.333063754098641,0.725541545752998,PA0376,False
PA0377_at,-0.06724788530000048,-0.38011501472923487,0.7194715100450464,0.9246308533024329,PA0377,False
PA0378_at,-0.2632570285499991,-1.44209176013263,0.20885308295234575,0.6045507749273665,PA0378,False
PA0379_at,-0.25908407014999923,-1.6093122993897357,0.1684619454617757,0.5430268406287031,PA0379,False
PA0380_i_at,-0.8602277674999996,-2.688427006248371,0.04338024898073278,0.2676479512584834,PA0380,False
PA0381_thiG_at,-1.0754912777500003,-5.069779127966033,0.003867787404871053,0.06598781642049571,PA0381,False
PA0382_micA_at,-0.5583453928999997,-3.1209179860523575,0.02622501414218342,0.203280813282466,PA0382,False
PA0383_at,0.22468684405000028,1.4415454103408574,0.20899925294060692,0.6045507749273665,PA0383,False
PA0384_at,0.12885208554999927,0.6039063184628338,0.572256054782512,0.868430666681381,PA0384,False
PA0385_at,-0.1567952229999996,-0.8486605004962141,0.43480751094602604,0.7972939790657073,PA0385,False
PA0386_at,-0.519609494800001,-3.1189924088609327,0.026282143885143838,0.203280813282466,PA0386,False
PA0387_at,0.4558880493999995,2.946778493722048,0.0320044709835765,0.22642295717757224,PA0387,False
PA0388_at,0.5096891242000003,2.728584105960848,0.04134992098426572,0.25947295832983797,PA0388,False
PA0389_at,-0.6392618168500004,-3.659818273274952,0.014597677215084603,0.14563038658981015,PA0389,False
PA0390_metX_at,-0.7266535756500012,-3.8906147333834897,0.011517781198457186,0.12814075587517929,PA0390,False
PA0391_at,0.11342300439999953,0.6944822924089613,0.5183201982775149,0.8433850004784389,PA0391,False
PA0392_at,-0.18100174665000068,-0.9483108856739891,0.3865176406272066,0.7629251618818707,PA0392,False
PA0393_proC_at,0.16180313975000082,1.0346760607941525,0.34824529313541897,0.7357400557771271,PA0393,False
PA0394_at,0.004690927750000462,0.011968141466433213,0.9909138871601457,0.9988900736127108,PA0394,False
PA0395_pilT_at,-0.1591492395500005,-1.0052917396298922,0.36089863901301605,0.7441877068055824,PA0395,False
PA0396_pilU_at,0.8953095426999997,3.076208978922619,0.027588265310084847,0.20925841445252502,PA0396,False
PA0397_at,0.16190073865,1.0419124282911814,0.3451868457869156,0.7340412245299222,PA0397,False
PA0398_at,0.14167769865000013,0.897635848311016,0.4105164435783752,0.7815232419014515,PA0398,False
PA0399_at,-0.1482896291500002,-0.8812563194389357,0.41852011628303887,0.7854818184473107,PA0399,False
PA0400_at,-0.14490868609999996,-0.8811261211607961,0.4185842202981983,0.7854818184473107,PA0400,False
PA0401_at,-0.16240808890000036,-1.0374234057122453,0.3470814574826185,0.735657709305975,PA0401,False
PA0402_pyrB_at,0.19399772184999975,1.1548351132167416,0.300348028123379,0.6948549099851672,PA0402,False
PA0403_pyrR_at,0.09765362175000014,0.5895724727137931,0.5811090274179497,0.8704645258083435,PA0403,False
PA0404_i_at,-0.15310454904999915,-0.5957747406588638,0.57726792953389,0.8696759855192071,PA0404,False
PA0405_at,0.27807458340000046,1.709246332557818,0.14810088872327745,0.5073793920956796,PA0405,False
PA0406_at,0.19652573760000003,1.0966020732731636,0.32279977457585335,0.7166623069899213,PA0406,False
PA0407_gshB_at,-0.002333376599999326,-0.013180492597825251,0.9899935413421801,0.9984753228821234,PA0407,False
PA0408_pilG_at,0.57943334515,1.5002245445045044,0.19384776866460485,0.5812470536728804,PA0408,False
PA0409_pilH_at,1.0772613548,2.6849263976567252,0.043562383706551945,0.26778793127344275,PA0409,False
PA0410_pilI_at,0.048111636999999874,0.13375196410711943,0.8988154902028903,0.9768224065773544,PA0410,False
PA0411_pilJ_at,0.5398884974000007,2.532225463745144,0.05238766147386793,0.2947147894285474,PA0411,False
PA0412_pilK_at,-0.005710151000000607,-0.036453734978543116,0.9723311899522376,0.9940985203938076,PA0412,False
PA0413_at,0.21810195389999976,1.414360470608016,0.2163965861330447,0.6105993796639986,PA0413,False
PA0414_at,0.022525141450000064,0.1311673280059809,0.900757266334061,0.9768224065773544,PA0414,False
PA0415_at,-0.19594201930000033,-1.2678411935502631,0.2606861665860324,0.6602404374033506,PA0415,False
PA0416_at,0.26605127945000007,1.3535131908718612,0.23386108616350285,0.6306106896114232,PA0416,False
PA0417_at,0.03014995779999996,0.19605004455392497,0.8522899051482273,0.9660270328716476,PA0417,False
PA0418_at,0.21242842544999974,1.3115595075656845,0.2466614227769495,0.6435756757750526,PA0418,False
PA0419_at,-0.25883725634999877,-1.4364902616121522,0.21035634018670846,0.604917102092227,PA0419,False
PA0420_bioA_at,-0.18182446584999923,-0.9316714098114045,0.3942709801898264,0.7681823864274473,PA0420,False
PA0421_at,-0.2364017100999991,-1.291390098261811,0.2530433003942036,0.6512517997902415,PA0421,False
PA0422_at,-0.07780621764999918,-0.389978208831842,0.712611761034181,0.9233164875819249,PA0422,False
PA0423_at,0.21194500285000029,0.9593239261566775,0.3814539122712571,0.7592958159041662,PA0423,False
PA0424_mexR_at,1.8333604539000001,6.083865644091544,0.0017347936643652081,0.040681257005791296,PA0424,True
PA0425_mexA_at,0.6537485236999991,3.7824024452647893,0.012858166447176073,0.1352121392339176,PA0425,False
PA0426_mexB_at,-0.22881876870000095,-1.343184512001131,0.2369538093329193,0.6341731182029114,PA0426,False
PA0427_oprM_at,-0.1943253080499998,-1.2179769140576635,0.2775674843776374,0.6712252313257082,PA0427,False
PA0428_at,-0.6875568624499993,-2.8445271355507056,0.036054395744659885,0.2408810140216437,PA0428,False
PA0429_at,-0.39554274690000035,-1.715274160621315,0.14695454553001105,0.5055805261832922,PA0429,False
PA0430_metF_at,-0.4252903913499999,-2.6187626070522767,0.0471681345759345,0.28185953311060963,PA0430,False
PA0431_at,-0.8032667408500007,-4.12542212197011,0.009125571603861403,0.10995794432091813,PA0431,False
PA0432_sahH_at,-0.27577149140000046,-1.2086966854071353,0.28081596828598565,0.6763022869604385,PA0432,False
PA0433_at,0.02515625950000011,0.1256632658555176,0.9048949432593522,0.9775204019061836,PA0433,False
PA0434_at,0.09490199964999935,0.6159805213331556,0.5648648455585837,0.8644421691046412,PA0434,False
PA0435_at,0.013893975849999407,0.08630362661603949,0.9345745647930775,0.9856556456385623,PA0435,False
PA0436_at,0.38679906264999975,1.7869394884595808,0.13399204505883713,0.482666571123816,PA0436,False
PA0437_codA_at,-0.33843679584999986,-1.8877225407330338,0.11770367927671314,0.4551930724196672,PA0437,False
PA0438_codB_at,0.16566061515000108,1.0424772870660521,0.3449490624128077,0.7340412245299222,PA0438,False
PA0439_at,0.24274220439999983,1.575500418089152,0.17596071899243623,0.5518821854408956,PA0439,False
PA0440_at,0.13342379630000067,0.6475104851587394,0.5458529911367057,0.8567979996100656,PA0440,False
PA0441_at,0.19272089060000042,1.0347705539019305,0.34820520942494093,0.7357400557771271,PA0441,False
PA0442_r_at,0.02857423970000017,0.18576339642192874,0.8599313101327629,0.968743750798087,PA0442,False
PA0443_at,0.09878768669999971,0.6365072757536219,0.5524398249427271,0.8612461874403599,PA0443,False
PA0444_at,0.49399006800000045,2.649200821163331,0.04547010842255944,0.27456553705252795,PA0444,False
PA0445_s_at,0.34838921565000014,1.828644503304021,0.12698891022130057,0.4705201128074518,PA0445,False
PA0446_at,0.22816871694999996,1.4477594468631692,0.20734250142346936,0.6017182086054351,PA0446,False
PA0447_gcdH_at,0.09638610160000027,0.6093726671489604,0.5689023053077518,0.8671934076286536,PA0447,False
PA0448_at,0.07675067180000017,0.34156868664813733,0.7465626446005997,0.9346960320958059,PA0448,False
PA0449_at,0.12458581994999918,0.406495979369017,0.7011927833038227,0.9219928867228585,PA0449,False
PA0450_at,-0.05662975165000006,-0.2940590696396644,0.7805288904206494,0.9477250793719353,PA0450,False
PA0451_at,0.5216539325500005,2.1027948504286043,0.08943552504744207,0.3896502593850807,PA0451,False
PA0452_at,-0.32209386505000026,-1.9827733988132776,0.10420799281817668,0.4275007817468924,PA0452,False
PA0453_at,0.2170602658000007,1.3761610952699053,0.22721124789199118,0.6240332480876686,PA0453,False
PA0454_at,0.4168023100999996,2.686418492759911,0.04348464795213134,0.26778793127344275,PA0454,False
PA0455_dbpA_at,0.02557093229999996,0.14699798619144364,0.8888769855582489,0.9742452680640888,PA0455,False
PA0456_at,-1.466619026850001,-3.6299471244544774,0.015061395573228746,0.14692865690378082,PA0456,False
PA0457_at,-0.057377417399999686,-0.2355994625372613,0.8230893420071687,0.9584142186550254,PA0457,False
PA0458_at,-0.0008950247500001396,-0.003939589423391407,0.997009020283667,0.9995707784437029,PA0458,False
PA0459_at,1.6934328697499996,7.9632409448695345,0.0005036629599716584,0.021059156986262557,PA0459,True
PA0460_at,0.5589013425999996,3.594508777327741,0.015633509403264956,0.15085055138953696,PA0460,False
PA0461_at,-0.08635666135000086,-0.47894348172966184,0.6521908638428303,0.9005812459851211,PA0461,False
PA0462_at,0.3654207237499998,1.9055691314271797,0.11503830890547653,0.45050930553402185,PA0462,False
PA0463_creB_at,0.10391409654999961,0.4419958485842673,0.6769548189534884,0.9103395166461579,PA0463,False
PA0464_creC_at,-0.28510545604999926,-1.6484038817571334,0.1601850017616484,0.5290063240161875,PA0464,False
PA0465_creD_at,0.09131014044999963,0.563379330973484,0.5975037756189829,0.8790144020779169,PA0465,False
PA0466_at,0.09302054640000001,0.5884009530806604,0.581836331349609,0.8705360056745801,PA0466,False
PA0467_at,0.2661033533000001,1.6481930520495012,0.16022854082782476,0.5290063240161875,PA0467,False
PA0468_at,0.24641222194999912,1.266093103651231,0.2612618432498822,0.6604639024913935,PA0468,False
PA0469_at,0.25318978899999944,1.2312184956675327,0.2729908271257232,0.6687173127677457,PA0469,False
PA0470_at,0.4177452736499996,1.6924302470945043,0.1513465604554947,0.5119688820925528,PA0470,False
PA0471_at,0.049967372900000306,0.23390214727247868,0.8243362804847664,0.9588489770376764,PA0471,False
PA0472_at,-0.12165197489999979,-0.7647195360543481,0.47895633342366234,0.8233483706293875,PA0472,False
PA0473_at,-0.017421435750000214,-0.09135280510041002,0.9307592569701651,0.9847818379182003,PA0473,False
PA0474_at,0.5265476051000006,3.207596410795773,0.02379247786728849,0.191526726120265,PA0474,False
PA0475_at,0.20645231665000008,1.333099802788509,0.24001020739062837,0.6357786141769751,PA0475,False
PA0476_at,0.25291096845000016,1.5308418897430063,0.18636852063901121,0.5704446762772856,PA0476,False
PA0477_at,0.3888207593499997,2.4262712296285573,0.059654230914044086,0.3146279598208454,PA0477,False
PA0478_at,0.1900997477000006,1.2194622078378552,0.2770507104506848,0.6704913267453659,PA0478,False
PA0479_at,0.25731160630000005,1.654419812397741,0.15894758009642684,0.527376243769768,PA0479,False
PA0480_at,0.08227329509999937,0.4476442017704315,0.6731378353291175,0.9102446694706253,PA0480,False
PA0481_at,-0.15391975140000014,-0.9301452762741647,0.39498829388245915,0.7683211836064958,PA0481,False
PA0482_glcB_at,-0.22983555450000104,-1.2474115319234513,0.2674866873870929,0.6659598053086069,PA0482,False
PA0483_at,0.030638899750000004,0.18311294189344618,0.8619030514345506,0.968743750798087,PA0483,False
PA0484_at,0.4682373954500001,2.421260590548264,0.060023993539357175,0.31558653688804933,PA0484,False
PA0485_at,0.0801506701000001,0.4962593138932251,0.640754770156423,0.8949887463551747,PA0485,False
PA0486_at,0.20867898779999994,1.2669048937906089,0.2609943624797178,0.6604526300755026,PA0486,False
PA0487_at,0.17678590070000055,0.9395072196562173,0.39060439514996786,0.7640736024768064,PA0487,False
PA0488_at,0.21075741489999977,1.3378010276858785,0.23858086043533958,0.6355487228609914,PA0488,False
PA0489_at,0.19338901249999996,1.0059426970882357,0.3606142396363939,0.7439801663160934,PA0489,False
PA0490_at,-0.07589844905000032,-0.43091749180948896,0.6844731459941102,0.9133100369862714,PA0490,False
PA0491_at,0.15663641959999985,0.9720986625041402,0.37564771548233367,0.7546689988179981,PA0491,False
PA0492_at,0.47710367790000063,2.5838574019604295,0.049201558368145284,0.28636846552291045,PA0492,False
PA0493_at,0.10462135934999983,0.6774445976126933,0.5281964219486843,0.8492117289237793,PA0493,False
PA0494_at,0.15393878070000078,0.9984487866540578,0.36389953681434695,0.7456464797937983,PA0494,False
PA0495_at,-0.010872090549999491,-0.052147609828710445,0.9604303554870316,0.9898604574324404,PA0495,False
PA0496_at,0.12888681879999986,0.7997043106967981,0.46017049934004445,0.8134629494571259,PA0496,False
PA0497_at,0.02585694965000007,0.1668598975253282,0.8740184738308944,0.9711271364615739,PA0497,False
PA0498_at,0.1997259950000001,0.9751143116310891,0.37428764427871375,0.7536972542677075,PA0498,False
PA0499_at,-0.022619324349999914,-0.1451133087925647,0.8902896985466684,0.9743854900791541,PA0499,False
PA0500_bioB_at,0.9654042128000002,3.1422349395408236,0.025601807268066407,0.20172990305199312,PA0500,False
PA0501_bioF_at,0.17636997165000068,0.804794773507002,0.4574829192333242,0.8118194464359063,PA0501,False
PA0502_at,0.1295529894999996,0.8233890049421655,0.4477650618551171,0.8036796273119354,PA0502,False
PA0503_at,0.11239232309999903,0.6091900770896927,0.5690141283369736,0.8671934076286536,PA0503,False
PA0504_bioD_at,0.3115763051,1.4232350789456698,0.21395475561498994,0.6086182216614947,PA0504,False
PA0505_at,1.7252377588999996,5.512348924402722,0.002688482599732498,0.05310204222156202,PA0505,False
PA0506_at,1.7576332759500009,4.484997536996648,0.006488690753449482,0.09068410385587891,PA0506,False
PA0507_at,0.20108898740000036,1.2565387556812702,0.26442877438580314,0.6644447425025011,PA0507,False
PA0508_at,0.5294813618999994,2.3968079673084604,0.06186447819836518,0.32041213148211645,PA0508,False
PA0509_nirN_at,0.48647720565000085,2.218773180613155,0.07724731354530719,0.36114192813953777,PA0509,False
PA0510_at,0.049057536649999456,0.2362835646505933,0.8225869311144866,0.9584142186550254,PA0510,False
PA0511_nirJ_at,0.49224753160000034,2.9502961369328187,0.03187446982194761,0.22631258066584273,PA0511,False
PA0512_at,0.6305919363000001,2.8922797749113376,0.03409605223488108,0.2336313893533295,PA0512,False
PA0513_at,0.7068523973499996,3.864947957848119,0.01182057899507887,0.1300484634860453,PA0513,False
PA0514_nirL_at,0.6992146344999997,3.6303916774596243,0.015054372134210531,0.14692865690378082,PA0514,False
PA0515_at,1.2034922263499999,7.277978238642759,0.0007659224662677881,0.025470167437583055,PA0515,True
PA0516_nirF_at,0.7520832539500004,4.5234060684374455,0.006263266314958424,0.08780129197833157,PA0516,False
PA0517_nirC_at,1.5517793527499997,8.812659234841577,0.0003123533820405396,0.01544968072849257,PA0517,True
PA0518_nirM_at,2.6286439567500004,16.99121836057921,1.2918061381458929e-05,0.0037321889738165344,PA0518,True
PA0519_nirS_at,3.4484445053500004,17.035517621405315,1.2753389334977164e-05,0.0037321889738165344,PA0519,True
PA0520_nirQ_at,2.1445648714,8.254593363781105,0.00042545197328682714,0.0194124830602036,PA0520,True
PA0521_at,0.7866134497000004,3.49017247688997,0.017467221684424324,0.16062331821639714,PA0521,False
PA0522_r_at,0.31634548009999897,1.4775508949633742,0.19957276178655536,0.5905908878208471,PA0522,False
PA0523_norC_at,3.52177939085,18.967456929465772,7.506036483334902e-06,0.0036817108950757695,PA0523,True
PA0524_norB_at,2.65465264955,9.473548782058849,0.00022143319580674784,0.013576622817901228,PA0524,True
PA0525_at,0.8834662422999999,5.105721593611962,0.0037520013573822154,0.06457391809810445,PA0525,False
PA0526_at,0.8280804141499996,3.7592262846300892,0.01316800477901926,0.1364557678332876,PA0526,False
PA0527_dnr_at,0.6325920858499998,4.0894153599896175,0.009452228569348731,0.11239559062461946,PA0527,False
PA0528_at,0.15153092299999926,0.9728503379869469,0.3753083295638745,0.7546689988179981,PA0528,False
PA0529_at,0.04390094369999975,0.2736752943812359,0.7952795250280316,0.9522000171511378,PA0529,False
PA0530_at,0.1821326131500003,1.0153124902890516,0.3565411975514293,0.7419122237266862,PA0530,False
PA0531_at,0.2382928204999999,1.3559034851524177,0.23315074815743722,0.6302806799769415,PA0531,False
PA0532_at,0.12501736575000066,0.8106096057096717,0.45442717994245874,0.8095515681420435,PA0532,False
PA0533_at,0.19771632100000014,1.1270766687614509,0.3108746220498992,0.7045853004950737,PA0533,False
PA0534_at,-0.14490673609999938,-0.6943595630151228,0.5183908874626267,0.8433850004784389,PA0534,False
PA0535_at,0.007050140500000079,0.043019293440383216,0.9673512602834443,0.9935141368048077,PA0535,False
PA0536_at,0.13413107570000005,0.8138884783584477,0.4527108254124053,0.8084514315465465,PA0536,False
PA0537_at,0.09077364024999923,0.49354072895232026,0.6425428980332724,0.8957177877796154,PA0537,False
PA0538_dsbB_at,0.030956977300000688,0.17083042075483618,0.8710549824535712,0.9708999186200188,PA0538,False
PA0539_at,0.003112052900000606,0.019069037435197958,0.9855235844334879,0.9970322577668501,PA0539,False
PA0540_at,0.012672480700000044,0.08127133045645042,0.9383790986036339,0.9864272489053094,PA0540,False
PA0541_at,-0.4430556069999998,-2.5822604103369624,0.04929686413367043,0.28636846552291045,PA0541,False
PA0542_at,0.6375183165500005,2.624679201838864,0.046832691131651095,0.28013945122042516,PA0542,False
PA0543_at,0.3926468029999999,1.5053462303499068,0.19257669368729016,0.5786148131921337,PA0543,False
PA0544_at,0.17391773485000073,1.0907226594805448,0.32514537223980333,0.7189352595805719,PA0544,False
PA0545_at,0.42578163239999967,2.4212898911399012,0.060021824077411336,0.31558653688804933,PA0545,False
PA0546_metK_at,-1.5000860853999995,-3.7357805356980025,0.01349018119091293,0.1388167945624362,PA0546,False
PA0547_at,-0.8562761218999988,-4.166152335954954,0.008771652017016577,0.1071160659173435,PA0547,False
PA0548_tktA_at,-0.6959929731000001,-2.5142339985420845,0.05355031232034108,0.29612564245069156,PA0548,False
PA0549_at,-0.1848293495500002,-1.0364020656881905,0.34751373739487257,0.7357400557771271,PA0549,False
PA0550_at,-0.03998693085000049,-0.24190130253030337,0.818464880681172,0.9576661144626002,PA0550,False
PA0551_epd_at,-0.6845385169000009,-2.664180714063923,0.044659215431892066,0.2721160890601622,PA0551,False
PA0552_pgk_at,-0.6766472338999998,-3.6781908709354605,0.014320570915403253,0.14347636337461722,PA0552,False
PA0553_at,-0.21155696319999961,-1.1355710113548447,0.3076196477613356,0.7022099969664496,PA0553,False
PA0554_at,-0.6900816155999996,-3.9132753871243793,0.01125783512318249,0.1266990775048798,PA0554,False
PA0555_fda_at,-0.9604281447999989,-3.279401785923835,0.021969039265122007,0.18286865939658942,PA0555,False
PA0556_at,-0.15007447009999986,-0.9766810736959112,0.3735826172151875,0.7533084223804706,PA0556,False
PA0557_at,-0.04151676714999919,-0.2492417123782692,0.8130888349579369,0.9573859051829984,PA0557,False
PA0558_at,0.4054020697000009,2.5245942193165685,0.0528774101885053,0.2955711646434399,PA0558,False
PA0559_at,-0.21675810770000048,-1.3339228242012944,0.2397594049268369,0.6357786141769751,PA0559,False
PA0560_at,-0.0905146672499999,-0.5748931231629164,0.5902627969139126,0.8759445710736805,PA0560,False
PA0561_at,0.008707340249999973,0.05292482827897097,0.9598412569633954,0.9897732372961713,PA0561,False
PA0562_at,0.1253967242499998,0.7848707450276978,0.46806858123312767,0.817765410845411,PA0562,False
PA0563_at,-1.7511307577000004,-11.183788717075291,9.973748195888077e-05,0.009172731543905816,PA0563,True
PA0564_at,0.05015257989999977,0.27445882457322096,0.7947106819151373,0.9519062014148348,PA0564,False
PA0565_at,0.20881903554999992,1.2419370867307824,0.2693361555085526,0.666879128600975,PA0565,False
PA0566_at,0.26228609420000026,1.5974638950335072,0.17105315587731804,0.5474817158748744,PA0566,False
PA0567_i_at,0.22662772094999983,1.362561486106978,0.23118277148295982,0.6288085919356291,PA0567,False
PA0568_at,0.09723881520000077,0.5543101706466247,0.6032448139716151,0.8801012814699356,PA0568,False
PA0569_at,0.07154293104999976,0.44749595609849424,0.6732378735453891,0.9102446694706253,PA0569,False
PA0570_at,0.19251826804999972,1.224933838959829,0.2751544377627435,0.6687173127677457,PA0570,False
PA0571_at,-0.19385272194999992,-1.0458186890174979,0.34354528458748185,0.7336820831306067,PA0571,False
PA0572_at,0.08236041365000002,0.45736592000283793,0.6665942885419414,0.9074571680385142,PA0572,False
PA0573_at,0.17463674364999937,1.1108941138929271,0.317158678051272,0.7115524385386591,PA0573,False
PA0574_at,0.3627233175000004,1.549314725969281,0.1819924185657461,0.5632005129747537,PA0574,False
PA0575_at,0.08593184595000025,0.5242259600202203,0.6225216419579873,0.8860352334992487,PA0575,False
PA0576_rpoD_at,0.06378542389999886,0.2990832480814331,0.7769088883985871,0.9459838057745311,PA0576,False
PA0577_dnaG_at,-0.5928592525000003,-3.8060170919678775,0.012551029303960053,0.1343188336056525,PA0577,False
PA0578_at,-1.0471325047999986,-5.601808017548997,0.0025046413937502626,0.05154657078186729,PA0578,False
PA0579_rpsU_at,-2.642345014,-5.955653679687207,0.0019084082501305704,0.043203426770263606,PA0579,True
PA0580_gcp_at,-0.24717358955000002,-1.3777399814241147,0.22675433402987316,0.6239719542308712,PA0580,False
PA0581_i_at,0.23514125360000016,1.220471301274815,0.2767001130404736,0.6700680971236955,PA0581,False
PA0582_folB_at,-0.2849751504500002,-1.8486286332332658,0.12376674566583779,0.46585931133902353,PA0582,False
PA0583_at,-0.1654159397999999,-0.984595043522677,0.3700380032710833,0.7513086192665045,PA0583,False
PA0584_cca_at,0.07388805595000036,0.39754029239653055,0.7073731433948718,0.9229260131256318,PA0584,False
PA0585_at,0.2406465246999998,1.1423095174374966,0.3050587121660141,0.7004662077707676,PA0585,False
PA0586_at,0.5531100205999997,2.460678444555884,0.05718094008175998,0.3068067578133448,PA0586,False
PA0587_at,0.3626765197499999,2.3241393025665404,0.06770355562217652,0.33565489198573606,PA0587,False
PA0588_at,2.1941645481500007,14.247897379779522,3.068296230110999e-05,0.005817180082025807,PA0588,True
PA0589_at,0.1579766112500005,0.8995214872950082,0.40960279871997696,0.7814980716445111,PA0589,False
PA0590_apaH_at,0.20156029820000043,0.7680849356389153,0.4771253364927671,0.8230564392945308,PA0590,False
PA0591_at,0.21311280634999896,1.0195341001271956,0.3547186123583354,0.7408646357378956,PA0591,False
PA0592_ksgA_at,-0.4200620357500009,-1.9985988440096158,0.10212205267174009,0.4221140463664762,PA0592,False
PA0593_pdxA_at,-0.24622226195000074,-1.5238669807643852,0.18804733218710773,0.5710528290339326,PA0593,False
PA0594_surA_at,-1.07832255695,-6.291362911610426,0.0014916388653609188,0.03800564394360272,PA0594,True
PA0595_ostA_at,-1.0062670092500001,-5.741606376215411,0.002246059961025211,0.04824930266640289,PA0595,True
PA0596_at,0.6985263188999999,3.7643563337644315,0.013098691454402447,0.13597689224093967,PA0596,False
PA0597_at,0.4975707487499994,3.19923640230358,0.024015659752860453,0.1925833423778428,PA0597,False
PA0598_at,0.5508172717000006,3.0825078889041033,0.027391470082506787,0.2088342468039544,PA0598,False
PA0599_at,0.026949103550000686,0.1637119019692588,0.8763697212417118,0.9711271364615739,PA0599,False
PA0600_at,-0.07281899649999968,-0.4312625987510714,0.6842383068091739,0.9133100369862714,PA0600,False
PA0601_at,0.19133224419999983,1.2069325364538506,0.2814373384486207,0.6769677867219376,PA0601,False
PA0602_at,0.2906827548000006,1.7221618039941193,0.14565560153478063,0.5019489874904677,PA0602,False
PA0603_at,-0.056794256449999914,-0.2892588398475756,0.783993433419512,0.9483772246905642,PA0603,False
PA0604_at,0.38153288080000003,2.2657617486241843,0.07282422309110276,0.34787067595772586,PA0604,False
PA0605_at,0.2786553585,1.5066697148772514,0.19224955096782065,0.5782854610280836,PA0605,False
PA0606_at,-0.2634592156999993,-1.5667358828451374,0.17795745085083953,0.5546718417538335,PA0606,False
PA0607_rpe_at,-0.6521025332500008,-3.6805804504353405,0.01428497375187009,0.14347636337461722,PA0607,False
PA0608_at,-0.3204793206000005,-1.999061362746427,0.10206174770355242,0.4221140463664762,PA0608,False
PA0609_trpE_at,-0.46212609589999953,-1.8485703855764277,0.12377601462116411,0.46585931133902353,PA0609,False
PA0610_prtN_at,0.05046232985000021,0.32491729400251,0.7583982082672581,0.9403203852199687,PA0610,False
PA0611_prtR_at,0.10731310600000032,0.41334764088196546,0.6964820070956764,0.919097873896883,PA0611,False
PA0612_i_at,-0.15961605069999996,-0.7827197787324104,0.4692220676604534,0.8178481568844493,PA0612,False
PA0613_at,-0.001389309600000388,-0.00886843192201473,0.9932670737357003,0.9995707784437029,PA0613,False
PA0614_at,-0.04176605294999991,-0.26835287160520693,0.7991474041751844,0.9546948692866116,PA0614,False
PA0615_at,0.20210517034999942,1.2628168215713302,0.2623439030658013,0.6620991061474077,PA0615,False
PA0616_at,-0.08503764710000006,-0.44711098846200065,0.6734976907526286,0.9102446694706253,PA0616,False
PA0617_at,-0.12153367459999931,-0.7676776400061583,0.477346662125695,0.8230564392945308,PA0617,False
PA0618_at,0.05032496934999919,0.2907079535841902,0.7829469399665052,0.9477613507551366,PA0618,False
PA0619_at,0.07174669890000018,0.4336735967737809,0.68259879446094,0.9128252554564805,PA0619,False
PA0620_at,0.019723904100000134,0.10165181361890938,0.9229836805994772,0.9824017981932229,PA0620,False
PA0621_at,-0.08211599650000068,-0.47505086711232913,0.6547768511543944,0.9021158247267792,PA0621,False
PA0622_at,-0.1812887233999998,-1.1495214215887997,0.30233856872884346,0.6975949884507929,PA0622,False
PA0623_at,0.04786794239999992,0.2615979826378532,0.8040656797790057,0.9547965555015031,PA0623,False
PA0624_at,-0.09679575164999932,-0.5288487797761326,0.6195365367683704,0.8842366768716363,PA0624,False
PA0625_at,-0.18214497205000058,-0.7340849265143152,0.4958561727256241,0.8317496245833639,PA0625,False
PA0626_at,-0.012993427650000555,-0.07599630916993547,0.9423691386035372,0.9870191639405336,PA0626,False
PA0627_at,-0.11055247865000029,-0.6155555957878742,0.5651239296953224,0.8644421691046412,PA0627,False
PA0628_at,0.07322696860000022,0.3746369544171631,0.7232944670711525,0.9261683535206953,PA0628,False
PA0629_at,0.1333069927499997,0.7247661123346087,0.5010798111226398,0.8348020855555782,PA0629,False
PA0630_at,0.04038127844999995,0.251462722744082,0.8114644689484085,0.9573464196762103,PA0630,False
PA0631_at,0.2020490205500005,1.1363537682837197,0.30732120309612304,0.7022099969664496,PA0631,False
PA0632_at,0.030777900399999947,0.18358214927068164,0.86155391243292,0.968743750798087,PA0632,False
PA0633_at,0.07018883895000094,0.37276686873122583,0.7246016425353043,0.9261683535206953,PA0633,False
PA0634_at,0.09091253494999973,0.5597181550166858,0.5998174482661585,0.8796707799607085,PA0634,False
PA0635_at,-0.04130896235000048,-0.1976995525670034,0.8510662549001242,0.9660270328716476,PA0635,False
PA0636_at,-0.2202571652999996,-1.4252274173906725,0.21341017619053357,0.6086182216614947,PA0636,False
PA0637_at,-0.09552897400000004,-0.5952782671471617,0.5775748149408404,0.8696759855192071,PA0637,False
PA0638_at,-0.21552894214999974,-1.386071490681322,0.22435755397659318,0.621444029508813,PA0638,False
PA0639_at,0.21423519945000002,1.1441753178221878,0.3043529312281634,0.699500723627087,PA0639,False
PA0640_at,0.1139077023999997,0.6688102418280195,0.5332496953713864,0.8495240691935472,PA0640,False
PA0641_at,0.031004598099999114,0.20052566106433245,0.8489708763900361,0.9660270328716476,PA0641,False
PA0642_at,0.07094783750000033,0.4606227642382722,0.6644096049622872,0.90724880000784,PA0642,False
PA0643_at,-0.029742488250000143,-0.14782402912042392,0.888257948864705,0.9741543296101459,PA0643,False
PA0644_at,-0.1375275573999999,-0.7960919471278387,0.4620847732117812,0.8148085605525897,PA0644,False
PA0645_at,-0.043339551949999944,-0.2793585020359312,0.7911568085571219,0.9513555075943022,PA0645,False
PA0646_at,0.06121576510000004,0.34756339999041785,0.7423207870606328,0.9324824408336669,PA0646,False
PA0647_at,-0.09386613145000045,-0.6028562398941952,0.5729017277311946,0.868430666681381,PA0647,False
PA0648_at,0.07023950804999934,0.2837963388325899,0.7879428752351108,0.95049202662675,PA0648,False
PA0649_trpG_at,-0.4145724600500005,-1.972268079013959,0.10561717579934388,0.4299188774238853,PA0649,False
PA0650_trpD_at,-0.8459711409000006,-4.32190911185361,0.0075569452692532705,0.09884484412183277,PA0650,False
PA0651_trpC_at,-0.3939645507499998,-2.2262013688039746,0.07652940100656948,0.3587478899912585,PA0651,False
PA0652_vfr_at,-0.18491731999999939,-0.5928834153087993,0.5790565729072651,0.8696759855192071,PA0652,False
PA0653_at,-0.14919076030000067,-0.8388251190634247,0.4398161858199576,0.7994929183867419,PA0653,False
PA0654_speD_at,-2.1536483223000005,-7.773826688463597,0.00056371277486436,0.022672778065204718,PA0654,True
PA0655_at,0.9229515188500006,5.17176378493717,0.0035496455173849068,0.06274238292891159,PA0655,False
PA0656_at,0.14846794129999985,0.9445530555500102,0.38825783411247095,0.763916206553885,PA0656,False
PA0657_at,0.23241818089999988,1.473030818340152,0.20073336856404592,0.5916457723425009,PA0657,False
PA0658_at,-0.23433961380000135,-1.076134220501357,0.33102870406173646,0.7235072582738843,PA0658,False
PA0659_at,-0.21224347084999984,-1.0119446600750355,0.3580007671779565,0.7419691956371308,PA0659,False
PA0660_at,0.20810301254999963,1.3013043325998692,0.24988753566585492,0.6467702353811251,PA0660,False
PA0661_at,0.008371567800000257,0.04575674668794668,0.9652754049249592,0.9929414598721269,PA0661,False
PA0662_argC_at,-0.26547641265,-1.6005877990141473,0.17036617670029716,0.5467695289301795,PA0662,False
PA0663_at,-0.41359769010000136,-2.546640990998553,0.05147598577591296,0.2933817750485776,PA0663,False
PA0664_at,-0.31519257690000124,-1.7674555149007507,0.13739724066292844,0.48747447772272257,PA0664,False
PA0665_at,1.3685701773000005,4.411011975848505,0.006950004669613979,0.09506370563560775,PA0665,False
PA0666_at,-0.5479752604499994,-3.2640527046143157,0.022345150340357618,0.18354860459431183,PA0666,False
PA0667_at,-0.11123378070000012,-0.709461357658816,0.5097422306601607,0.8399615816533331,PA0667,False
PA0668_tyrZ_at,-1.1899713444500009,-7.3286526764252615,0.0007416994027490382,0.025391280318639766,PA0668,True
PA0669_at,-0.012242928500000971,-0.07825553980407447,0.9406600081347961,0.9865867440986119,PA0669,False
PA0670_at,0.04676530809999946,0.2612157933765802,0.8043442641675643,0.9547965555015031,PA0670,False
PA0671_at,0.2539544698500009,1.5812661152323442,0.17465918350607515,0.5518217681786143,PA0671,False
PA0672_at,-0.13783343169999984,-0.844508014549317,0.4369168418450187,0.7973269324804781,PA0672,False
PA0673_at,0.3976064608500005,2.1849012484806734,0.08061316818297529,0.36769308093716063,PA0673,False
PA0674_at,0.0996144548000002,0.5777197180874756,0.5884933587341852,0.8759445710736805,PA0674,False
PA0675_at,0.06065820300000091,0.2946693632002033,0.7800888252429415,0.94769924156449,PA0675,False
PA0676_at,0.17966353524999956,1.0620082569602476,0.3368119346579745,0.7286822302124286,PA0676,False
PA0677_at,-0.11860739145000032,-0.7036895672390626,0.5130358553756179,0.8425018918629256,PA0677,False
PA0678_i_at,0.20772180879999969,1.2003580201808637,0.2837638714256405,0.6794816525195073,PA0678,False
PA0679_at,0.06540219044999951,0.4163418087444503,0.6944282451428354,0.9177211764755437,PA0679,False
PA0680_at,0.21617373780000015,1.167520550298202,0.2956425698025168,0.6908107049851584,PA0680,False
PA0681_at,0.27313362485000026,1.6899297646527809,0.15183523004702115,0.5133269178959027,PA0681,False
PA0682_at,0.15518827054999917,0.7833938749006577,0.4688603503594142,0.8178481568844493,PA0682,False
PA0683_at,0.33596360089999955,1.9290284563663544,0.11162919118505035,0.4430542274546233,PA0683,False
PA0684_at,-0.04246445779999952,-0.19856104452511503,0.8504273651604493,0.9660270328716476,PA0684,False
PA0685_at,0.10753747834999983,0.6751676969951554,0.5295258441693587,0.8495240691935472,PA0685,False
PA0686_at,-0.46949578185000007,-2.90538224230144,0.03357962994237693,0.23171125655431493,PA0686,False
PA0687_at,0.11063893935000024,0.6755994120391661,0.5292736042447231,0.8495240691935472,PA0687,False
PA0688_at,0.19282871344999997,1.1905096864524722,0.2872810549982159,0.6840357159059461,PA0688,False
PA0689_at,0.05449140204999914,0.30316843565337825,0.7739701630816257,0.9444021952716097,PA0689,False
PA0690_at,0.20450093974999994,1.092661958453736,0.32437007261730566,0.7177602433930305,PA0690,False
PA0691_at,-0.21072730805000006,-1.3255010596286647,0.24233733650494657,0.6382092002989331,PA0691,False
PA0692_at,-0.26420988035000015,-1.2971350319977122,0.25121021347019235,0.6484029667778449,PA0692,False
PA0693_exbB2_at,-0.18453243439999945,-1.1011552658662613,0.3209932964872243,0.7154840942772229,PA0693,False
PA0694_exbD2_at,0.30360235870000096,1.804247376125634,0.13103912017807326,0.4767851942052486,PA0694,False
PA0695_at,0.15424278915000045,0.8559898244685196,0.43110343809924767,0.795137115236702,PA0695,False
PA0696_at,0.18432441899999974,1.0390143941754169,0.3464089755985911,0.7350263988368086,PA0696,False
PA0697_at,0.14953630880000013,0.8719386063117295,0.4231270502144413,0.7896403987197849,PA0697,False
PA0698_at,0.11999206604999912,0.7490561959462151,0.48754485671599823,0.8280814467735754,PA0698,False
PA0699_at,0.14205619004999992,0.8962995669621697,0.41116487771049204,0.7819439322145253,PA0699,False
PA0700_at,0.5415288811500005,2.05341562081034,0.09522786538930748,0.40587343640945966,PA0700,False
PA0701_at,-0.40002630605,-1.493569277538387,0.19551155901181402,0.5838564365010337,PA0701,False
PA0702_at,-0.09970681980000018,-0.6385959284372643,0.5511855343235792,0.8606656555992579,PA0702,False
PA0703_at,-0.36050459189999984,-1.731229863437772,0.1439630558340554,0.4993320840537714,PA0703,False
PA0704_at,0.1798484937499989,1.135898603888293,0.30749471452948546,0.7022099969664496,PA0704,False
PA0705_at,-0.6801752500000005,-2.602102913631406,0.04812691592587909,0.28413576991756434,PA0705,False
PA0706_cat_at,-0.3220797233999999,-2.095341637717096,0.09028547254848117,0.3916693272490975,PA0706,False
PA0707_toxR_at,0.26511810199999886,1.639831525749609,0.16196481910836796,0.5317933007739452,PA0707,False
PA0708_at,-0.3807752770000006,-2.3274333881351454,0.0674263852777474,0.3350739426087965,PA0708,False
PA0709_at,0.1815995486500004,1.1696027775857125,0.294876449374541,0.6902252654284895,PA0709,False
PA0710_gloA2_at,0.013289196199999687,0.0798325869694684,0.9394671702487016,0.986586209865634,PA0710,False
PA0711_at,0.10502027255000002,0.6036657197012273,0.5724039538805532,0.868430666681381,PA0711,False
PA0712_at,-0.01866268200000043,-0.09327692469134402,0.9293058839889455,0.9846825255841157,PA0712,False
PA0713_at,0.5057243589000002,2.5677467796975284,0.050172343068353345,0.290377985546045,PA0713,False
PA0714_at,0.030686484449999885,0.1896175471933543,0.8570661762803787,0.9680217709771984,PA0714,False
PA0715_at,0.09264779135000012,0.5898370013732644,0.5809448804372479,0.8704645258083435,PA0715,False
PA0716_at,-0.10157516170000003,-0.6290197618718724,0.5569514786123295,0.8621078650334085,PA0716,False
PA0717_at,0.10103800869999979,0.5999406969406722,0.5746968355178064,0.8693563541140602,PA0717,False
PA0718_at,0.0812253593000003,0.5073549895187589,0.6334853641053126,0.8897718150267977,PA0718,False
PA0719_at,0.2601483586499995,1.6087060549134635,0.16859358409706568,0.5431537142831574,PA0719,False
PA0720_at,0.2013122216499994,1.2479233881991991,0.267314353330302,0.6659598053086069,PA0720,False
PA0721_r_at,0.6924252187000004,3.1334903261210285,0.02585542087850086,0.2024836250620265,PA0721,False
PA0722_at,0.41270427475000027,2.09407033850524,0.09043129727005156,0.3916693272490975,PA0722,False
PA0723_coaB_at,0.1772006378000004,1.081531510352379,0.3288415102428425,0.7227636778526405,PA0723,False
PA0724_at,0.00902979830000028,0.05607416438093291,0.9574544960517745,0.988962068775564,PA0724,False
PA0725_at,0.05196334040000039,0.32031117009767973,0.7616856396821333,0.9403203852199687,PA0725,False
PA0726_at,0.022655023049999556,0.14568065722859622,0.889864377713212,0.9742452680640888,PA0726,False
PA0727_at,0.35718974540000037,2.319209965349038,0.06812061207559567,0.33565489198573606,PA0727,False
PA0728_at,0.1296751664500002,0.6729445852461791,0.5308260308637996,0.8495240691935472,PA0728,False
PA0729_at,0.1207098166499998,0.6917706561876527,0.5198835716001452,0.8450466550236271,PA0729,False
PA0730_at,-0.8710042382500003,-3.5572731810762743,0.01626151649040061,0.15460884191488125,PA0730,False
PA0731_at,0.33914050345000035,2.195363808730855,0.07955713261933747,0.36484834107016156,PA0731,False
PA0732_at,0.4457199203499993,2.713296567407326,0.04211022045386396,0.26368165701217366,PA0732,False
PA0733_at,0.028098573050000297,0.1809456942960877,0.8635161713279946,0.968743750798087,PA0733,False
PA0734_i_at,-0.20121617569999994,-0.8440802820880294,0.4371345584632183,0.7973269324804781,PA0734,False
PA0735_at,-0.015093044449999926,-0.09820121957086604,0.9255877833963533,0.9832476314923846,PA0735,False
PA0736_at,-0.35070417774999996,-2.1166347781227115,0.08787957825169075,0.3863144354292171,PA0736,False
PA0737_at,0.3588651664000002,1.7652477720854383,0.13778858107134997,0.48801827276918164,PA0737,False
PA0738_at,0.07945169549999997,0.4300519011302099,0.685062342920052,0.9133100369862714,PA0738,False
PA0739_at,0.09931332304999962,0.6361494103372979,0.5526549184441453,0.8612461874403599,PA0739,False
PA0740_at,0.3690098830499995,2.3284221619557024,0.06734342661057931,0.3350711893550248,PA0740,False
PA0741_at,-0.14041474899999962,-0.903650035146264,0.407607985054151,0.7792077297917288,PA0741,False
PA0742_at,-0.008892419849999555,-0.05302441390310633,0.9597657773879879,0.9897732372961713,PA0742,False
PA0743_at,0.2684270541,1.727569521396828,0.1446438586099961,0.5002195956395047,PA0743,False
PA0744_at,0.2609527819500004,1.5684956516722455,0.1775547672981235,0.5544230028205597,PA0744,False
PA0745_at,0.26029239604999965,1.3213641293920146,0.24361306011467687,0.6396408159161827,PA0745,False
PA0746_at,0.19618364975000002,1.232579985087122,0.2725241356123435,0.6686440442743867,PA0746,False
PA0747_at,0.03433769919999996,0.1686117157347847,0.8727106719047667,0.9710349744482906,PA0747,False
PA0748_at,0.16992372904999975,0.9157958822418676,0.4017838187021271,0.7760005115100056,PA0748,False
PA0749_at,-0.07241658614999924,-0.42752547336510394,0.6867835016714693,0.9141582294975731,PA0749,False
PA0750_ung_at,-0.3602317150500003,-1.9257969620295947,0.11209251796364571,0.4437280737954091,PA0750,False
PA0751_at,0.2198738900999997,1.1892005830081012,0.2877514952692241,0.6843923358411268,PA0751,False
PA0752_at,0.13257293544999982,0.730008988518077,0.4981361911622605,0.8332808863978363,PA0752,False
PA0753_at,-0.016231967800000024,-0.10544233360516028,0.9201243035504266,0.9806506362456895,PA0753,False
PA0754_at,-0.06785158824999993,-0.4308535832882002,0.6845166390506539,0.9133100369862714,PA0754,False
PA0755_at,0.17088535285000006,0.9668831911979783,0.3780094299045404,0.7555294361706256,PA0755,False
PA0756_at,0.15167130534999984,0.8745519348345018,0.421830999155957,0.7888218804522329,PA0756,False
PA0757_at,0.009136677450000796,0.05837707023049471,0.9557095304436439,0.988925396370607,PA0757,False
PA0758_at,-0.17804322445000054,-0.9650908599837701,0.3788238347555851,0.7563915046871141,PA0758,False
PA0759_at,-0.35062388925000043,-2.2340305303775345,0.07578044007501204,0.35598058282643325,PA0759,False
PA0760_at,-0.198392912200001,-0.8607723008368088,0.4286995542302353,0.7925017513188333,PA0760,False
PA0761_nadB_at,-0.08769736874999978,-0.41951829961175774,0.6922526680835555,0.9170828729101524,PA0761,False
PA0762_algU_at,1.2091989070500002,2.753222174480581,0.040156309257015785,0.25580090507228886,PA0762,False
PA0763_mucA_at,0.9719446947000003,3.3258241408420055,0.020874373607442143,0.17678642165957476,PA0763,False
PA0764_mucB_at,0.41514811269999985,2.3208506451689845,0.06798149293866304,0.33565489198573606,PA0764,False
PA0765_mucC_at,-0.13154608249999988,-0.7994799510930244,0.4602892215417851,0.8134629494571259,PA0765,False
PA0766_mucD_at,-0.41432581974999927,-2.247542358590611,0.07450621942769213,0.3519611617587447,PA0766,False
PA0767_lepA_at,-0.8845820065499996,-3.375742279401963,0.019765625018611316,0.1726119716017006,PA0767,False
PA0768_lepB_at,-1.1180530947499996,-4.166446847038197,0.008769151247832828,0.1071160659173435,PA0768,False
PA0769_at,-0.46267263615000065,-2.0913334612710233,0.09074607505534457,0.3918084538968609,PA0769,False
PA0770_rnc_at,0.003976333950000743,0.021222178598549968,0.9838892892277911,0.9965259596864794,PA0770,False
PA0771_era_at,0.05181994620000019,0.1437450153494099,0.8913156310604461,0.9745229179117672,PA0771,False
PA0772_recO_at,-0.05113166920000012,-0.3275151228344915,0.7565466582710211,0.9403203852199687,PA0772,False
PA0773_pdxJ_at,-0.04460276415000042,-0.27188544731383957,0.7965794949098558,0.9535061745074133,PA0773,False
PA0774_at,0.05846328705000037,0.3441880842532914,0.7447078965581261,0.9331930364751981,PA0774,False
PA0775_at,-0.5390596275999999,-3.117028988762315,0.026340540490436687,0.20328730718436433,PA0775,False
PA0776_at,0.20985283235000018,1.3038748450608333,0.24907525999272342,0.646752358754688,PA0776,False
PA0777_at,-0.0032424912500008674,-0.01857852100338203,0.9858959119042535,0.9970322577668501,PA0777,False
PA0778_at,-0.27282019545000047,-1.7235568791808393,0.1453939136547922,0.5013407005109004,PA0778,False
PA0779_at,0.79243978485,3.2298870758843985,0.023208746040819548,0.18868325855837548,PA0779,False
PA0780_at,0.02099163434999962,0.13108189689904975,0.9008214622358613,0.9768224065773544,PA0780,False
PA0781_at,0.0440570969999996,0.2747167269167023,0.7945234763625082,0.9519062014148348,PA0781,False
PA0782_putA_at,-0.06874037709999925,-0.443470169106938,0.6759574515287146,0.9103325403858161,PA0782,False
PA0783_putP_at,-0.39162057174999987,-2.5346918809514896,0.052230435828569816,0.2946097836546965,PA0783,False
PA0784_at,0.24197627985000025,1.3580365586412453,0.2325185532689267,0.6298224595218144,PA0784,False
PA0785_at,0.14235706354999955,0.9174485887648292,0.40099643345121305,0.7760005115100056,PA0785,False
PA0786_at,0.0360080661000004,0.2019720097331016,0.8478990469438589,0.9660270328716476,PA0786,False
PA0787_at,0.3531550724499999,2.015432103708185,0.09995105099423683,0.41811391029239886,PA0787,False
PA0788_at,0.5489822732000009,2.1845625885505915,0.08064759896192225,0.36769308093716063,PA0788,False
PA0789_at,-0.055402893300000144,-0.35345259706388854,0.7381636633280853,0.9309687855901242,PA0789,False
PA0790_at,0.010293174050000076,0.05740774693549617,0.9564439757241779,0.988925396370607,PA0790,False
PA0791_at,0.015036822000000782,0.073143427110188,0.9445278735468183,0.9880596857207466,PA0791,False
PA0792_prpD_at,0.0843510448,0.5471894429068823,0.6077753842383511,0.8816252712378155,PA0792,False
PA0793_at,-0.18414676764999882,-1.172332717995058,0.2938746737229985,0.6885932840499878,PA0793,False
PA0794_at,0.06048500419999936,0.375598832106841,0.7226225378670339,0.9261683535206953,PA0794,False
PA0795_prpC_at,-0.2444580794000002,-1.5024499367001993,0.19329448804667157,0.5801791721788417,PA0795,False
PA0796_prpB_at,0.19945294940000036,1.0797028613893462,0.32958116224900474,0.7233089936605674,PA0796,False
PA0797_at,0.4586391407000008,1.4360062514577048,0.21048671567522978,0.604943754133009,PA0797,False
PA0798_at,0.04507965160000005,0.2703336630990142,0.7977071649850798,0.9541339196972819,PA0798,False
PA0799_at,0.1629594217500001,1.0534708144627967,0.3403486550780696,0.731167641237817,PA0799,False
PA0800_at,0.2096510054499996,1.3247434947742494,0.24257048606344758,0.6382520701696256,PA0800,False
PA0801_at,0.06470107250000012,0.4038785574436911,0.7029963998358091,0.9219928867228585,PA0801,False
PA0802_i_at,-0.024071386849999765,-0.1563293576786902,0.8818893939785286,0.9724243111572911,PA0802,False
PA0803_at,0.08100732940000022,0.3350182328595618,0.7512093978717103,0.9365851548131512,PA0803,False
PA0804_at,0.03674012634999979,0.21718902979519908,0.8366454011649544,0.9627207267263256,PA0804,False
PA0805_at,0.2974941684000001,1.3013847376826333,0.2498620909249093,0.6467702353811251,PA0805,False
PA0806_i_at,0.3277939753000001,1.873906490872062,0.1198107389555723,0.4594175957605854,PA0806,False
PA0807_at,-0.09387560294999986,-0.591081837436547,0.5801728128111708,0.8700374971226883,PA0807,False
PA0808_at,-0.1333072244000002,-0.8539807375094425,0.4321163727210199,0.7959034613889279,PA0808,False
PA0809_at,-0.20287439374999927,-1.310157579118069,0.2471001674422214,0.6444092093774546,PA0809,False
PA0810_at,0.2767514929000008,1.334596261368381,0.23955436704042543,0.6357786141769751,PA0810,False
PA0811_at,0.09671318944999996,0.5663525976964531,0.5956287826058076,0.8780042610613032,PA0811,False
PA0812_at,0.05980087664999978,0.38910891453438823,0.7132151228409142,0.9234457133835505,PA0812,False
PA0813_at,0.10349112585000064,0.5346353586237729,0.615811631233211,0.8840461541097148,PA0813,False
PA0814_i_at,-0.042219258999999454,-0.2567051116373315,0.807634654258099,0.9551490518682015,PA0814,False
PA0815_at,0.40896334094999887,2.3265917906307725,0.06749708245238072,0.3350739426087965,PA0815,False
PA0816_at,-0.1433700059499996,-0.8382491443893856,0.4401108545983031,0.7997815653490621,PA0816,False
PA0817_at,0.08640760790000002,0.5183654863241245,0.6263177795169482,0.8879156288552206,PA0817,False
PA0818_at,0.213305805600001,1.3119142528789767,0.24655051653424412,0.6435756757750526,PA0818,False
PA0819_f_at,0.14212501554999957,0.5936252533887875,0.5785973255460651,0.8696759855192071,PA0819,False
PA0820_at,-0.17021491534999988,-1.0974798923001718,0.32245082013373033,0.7166623069899213,PA0820,False
PA0821_at,0.03863819595000084,0.25009126432402645,0.8124673772618325,0.9573464196762103,PA0821,False
PA0822_at,0.16188484394999936,0.5827292651104102,0.5853653831515094,0.8741984390023763,PA0822,False
PA0823_at,-0.027096940599999897,-0.14683557096912764,0.8889987101315344,0.9742452680640888,PA0823,False
PA0824_at,-0.07199893259999968,-0.46280242975067937,0.662949594862275,0.9061273847359798,PA0824,False
PA0825_at,-0.040994330050000194,-0.2432565333898406,0.817471460189698,0.9574709315240111,PA0825,False
PA0826_at,0.07944576850000029,0.5122079594213761,0.6303205050997559,0.8884554059058952,PA0826,False
PA0827_at,0.12906328269999978,0.8285514951667685,0.445094655311704,0.8013892766037469,PA0827,False
PA0828_at,-0.016422539400000158,-0.09004823974987304,0.9317448276191739,0.9847818379182003,PA0828,False
PA0829_at,0.1310741060499998,0.7822677235203919,0.46946475299485985,0.8178481568844493,PA0829,False
PA0830_at,0.32855700284999934,1.9425370039651466,0.10971373292727736,0.43840803259331607,PA0830,False
PA0831_oruR_at,-0.00534610099999977,-0.03030730175109711,0.9769945171112786,0.9950099926325614,PA0831,False
PA0832_at,-0.0689926055499992,-0.40062729275070497,0.7052398717432169,0.9219928867228585,PA0832,False
PA0833_at,0.6598439310500002,3.567364341746333,0.016088524504856982,0.15397895160258243,PA0833,False
PA0834_at,0.17796959160000014,1.0875871370915033,0.3264022692594192,0.7203613636523964,PA0834,False
PA0835_pta_at,1.5247641557999998,6.6206057850615485,0.001183352805694345,0.03265173664446347,PA0835,True
PA0836_at,2.1002196070499997,9.036334473265384,0.00027732005179674464,0.015113942822922584,PA0836,True
PA0837_slyD_at,-0.6506515144499998,-2.8887449412775905,0.034236885599783204,0.2337799404180092,PA0837,False
PA0838_at,0.23016679925000005,1.2344279778651435,0.2718918325550904,0.6685665309882775,PA0838,False
PA0839_at,0.46678869444999993,2.5825883354226913,0.049277277625871634,0.28636846552291045,PA0839,False
PA0840_at,0.2561615449500003,1.3587509095950807,0.2323071942929568,0.629561682552716,PA0840,False
PA0841_at,-0.10217629240000026,-0.5680976092465028,0.5945300041778231,0.8774833512012705,PA0841,False
PA0842_at,-0.021432685399999762,-0.127825356111402,0.90326917609199,0.9774235342072395,PA0842,False
PA0843_plcR_at,0.2472724652,1.2312807495901386,0.27296947199506977,0.6687173127677457,PA0843,False
PA0844_plcH_at,0.09762071530000016,0.6208299973497211,0.5619134018770632,0.8631485328685342,PA0844,False
PA0845_at,-0.11509296034999972,-0.7257394651914773,0.5005324001398094,0.8341261911729666,PA0845,False
PA0846_at,-0.17062165464999968,-1.0282521085661829,0.3509794062205658,0.7375094160199852,PA0846,False
PA0847_at,0.039714409450000154,0.20241761618995702,0.847568901315155,0.9660270328716476,PA0847,False
PA0848_at,0.004721660800000471,0.0288817185630394,0.9780762702696745,0.9953245032516085,PA0848,False
PA0849_trxB2_at,-0.013055127949999523,-0.08337168482852679,0.93679094814215,0.9864272489053094,PA0849,False
PA0850_at,0.06592596044999999,0.42841504728109475,0.6861772228269658,0.913971290690093,PA0850,False
PA0851_at,-0.14553212435000074,-0.5479627432745954,0.6072823990127422,0.8816252712378155,PA0851,False
PA0852_cpbD_at,0.0504185961000001,0.3226055053891515,0.760047434459624,0.9403203852199687,PA0852,False
PA0853_at,0.31161867725000025,1.6405346449163305,0.1618180989397118,0.5317933007739452,PA0853,False
PA0854_fumC2_at,0.5061635123499997,1.6314833849332406,0.16371694994428465,0.5350571723331813,PA0854,False
PA0855_at,0.33710941345000034,1.454903955487725,0.20545318366378543,0.5995418187477776,PA0855,False
PA0856_at,-0.6508993397499996,-2.906478075870995,0.033536835111540035,0.23168757214380828,PA0856,False
PA0857_bolA_at,-0.5182089059999999,-2.7352073070213523,0.041025245946315,0.2582616017540215,PA0857,False
PA0858_at,-0.35392266319999965,-2.100034292208155,0.08974934426019004,0.39043949764632563,PA0858,False
PA0859_at,-0.20679029490000023,-0.9376698239046455,0.3914616984130511,0.7647340049317022,PA0859,False
PA0860_at,0.003814105050000016,0.02461272909099745,0.9813159504184364,0.9960382279984337,PA0860,False
PA0861_at,0.44115346335000005,2.859708749822083,0.03541855097298343,0.23859808513134953,PA0861,False
PA0862_at,0.76062736035,4.293065156758217,0.0077664193818286495,0.10091201872283317,PA0862,False
PA0863_at,0.1322985536500001,0.801604848980263,0.4591657189447499,0.8134629494571259,PA0863,False
PA0864_at,0.0517631378499992,0.3134610816425398,0.7665851445905658,0.9417779876340429,PA0864,False
PA0865_hpd_at,0.44574598085000083,2.871088591305151,0.03495010921832945,0.23700039499894832,PA0865,False
PA0866_aroP2_at,0.3062299247500002,1.7139114878579549,0.14721290960000588,0.5058349012875859,PA0866,False
PA0867_at,-0.8660760010499997,-3.6016915536511753,0.015515574833495466,0.150700781303555,PA0867,False
PA0868_at,-0.10047395429999995,-0.651511222415303,0.5434708481147281,0.8555414313996496,PA0868,False
PA0869_pbpG_at,0.23028611025000068,1.2899169708932376,0.2535153199503887,0.6514123826499377,PA0869,False
PA0870_phhC_at,0.27554580355,1.259956463475541,0.2632919316567387,0.6634145161522106,PA0870,False
PA0871_phhB_at,0.8485666573499993,3.3315937797768918,0.02074268724397427,0.17668807108253626,PA0871,False
PA0872_phhA_at,0.8953815345500002,3.8486363890538238,0.012017760210486393,0.13123330973402073,PA0872,False
PA0873_phhR_at,0.3135462691999997,1.9322297291376642,0.1111721526109405,0.4418361176691396,PA0873,False
PA0874_at,0.13960372375000007,0.8708666115246847,0.42365958480278465,0.7900225487857434,PA0874,False
PA0875_at,0.09490403690000004,0.6167484762059141,0.5643968026241881,0.8644421691046412,PA0875,False
PA0876_at,0.49311815025000083,2.862279116542792,0.035312136553563495,0.23859808513134953,PA0876,False
PA0877_at,0.3463562780000009,2.0359025431647733,0.09737583614278848,0.41086320540247523,PA0877,False
PA0878_at,0.26357197595000015,1.5818129819754916,0.17453622701670135,0.5518217681786143,PA0878,False
PA0879_at,-0.003476707249999933,-0.02229853806021233,0.9830723348956616,0.9965259596864794,PA0879,False
PA0880_at,0.25519545244999975,1.0415935866890966,0.34532112652452507,0.7340412245299222,PA0880,False
PA0881_at,0.0897199926999992,0.5652796942961807,0.5963049642160924,0.8785609560390287,PA0881,False
PA0882_at,0.009043419500000205,0.05865459535233422,0.9554992619432269,0.988925396370607,PA0882,False
PA0883_at,0.4185050994500008,2.4898915866098825,0.05516841165745376,0.30150535841761633,PA0883,False
PA0884_at,0.0034985637999995767,0.022148399009389877,0.9831862887005117,0.9965259596864794,PA0884,False
PA0885_at,0.11064883719999985,0.6792892694442856,0.5271210178789092,0.8484558007751901,PA0885,False
PA0886_at,-0.013540807799999666,-0.06423266260609904,0.9512739036706832,0.988617529154029,PA0886,False
PA0887_acsA_at,1.4148121162500011,6.269161090781943,0.0015156436649692386,0.03828789103866497,PA0887,True
PA0888_aotJ_at,0.09006293599999982,0.32586458703089244,0.7577228307984953,0.9403203852199687,PA0888,False
PA0889_aotQ_at,-0.0015611483500004297,-0.009805530217146089,0.9925556534165155,0.9995179770760668,PA0889,False
PA0890_aotM_at,-0.027071468749999994,-0.1677623659070742,0.8733446880410102,0.9711271364615739,PA0890,False
PA0891_at,-0.12963889965000064,-0.6630349277874104,0.5366477146076838,0.8509451638418176,PA0891,False
PA0892_aotP_at,-0.22441666025000018,-1.404715555157067,0.21908032145546186,0.6140508438508803,PA0892,False
PA0893_argR_at,-0.05960096280000027,-0.3737373113689561,0.7239231775021197,0.9261683535206953,PA0893,False
PA0894_at,0.14355347569999966,0.8538896739357926,0.43216232799847326,0.7959034613889279,PA0894,False
PA0895_aruC_at,0.037617434250000414,0.23954956757880003,0.8201896811527563,0.9578426542611856,PA0895,False
PA0896_aruF_at,-0.20571582509999953,-1.1782832316603795,0.2917015157077168,0.6871795196199438,PA0896,False
PA0897_aruG_at,-0.12771089044999995,-0.8241101833711724,0.4473912946798907,0.8033466322693099,PA0897,False
PA0898_aruD_at,-0.01440263515000062,-0.08813324677199225,0.9331918137257622,0.985249688895038,PA0898,False
PA0899_aruB_at,0.37763563109999954,1.897198752140419,0.11628057829508374,0.4532632343343463,PA0899,False
PA0900_at,-0.11667931840000012,-0.7110880824940721,0.5088166023138866,0.8396115843060096,PA0900,False
PA0901_aruE_at,-0.196592421350001,-0.976861454222673,0.37350151755017885,0.7533084223804706,PA0901,False
PA0902_at,-0.03547673859999989,-0.18354345002458722,0.8615827073346312,0.968743750798087,PA0902,False
PA0903_alaS_at,-0.6533070242000001,-3.1429514737943816,0.025581150528070078,0.20172990305199312,PA0903,False
PA0904_lysC_at,-2.0227897947500004,-9.092636122762789,0.0002692514924613194,0.01509781939552357,PA0904,True
PA0905_csrA_at,1.2566867528000003,3.116642311555048,0.026352058338713895,0.20328730718436433,PA0905,False
PA0906_at,0.17391009324999995,1.1252297509214406,0.3115863082879201,0.7057690776847838,PA0906,False
PA0907_at,-0.04792270080000094,-0.29381013282812735,0.7807084183755001,0.9477250793719353,PA0907,False
PA0908_at,0.16364792515000026,1.01497424688947,0.3566875634025696,0.7419122237266862,PA0908,False
PA0909_i_at,-0.10911369455000042,-0.3496261218119501,0.7408635900636413,0.9319775787806353,PA0909,False
PA0910_at,0.19348035185000034,1.2271496341152466,0.2743898513921396,0.6687173127677457,PA0910,False
PA0911_at,0.1835801254999998,1.147428354244599,0.3031258196406477,0.6980432607217733,PA0911,False
PA0912_at,0.25425993174999917,1.2000656887517234,0.2838677172180544,0.6794816525195073,PA0912,False
PA0913_mgtE_at,0.07189006299999967,0.4607444829847382,0.6643280292692734,0.90724880000784,PA0913,False
PA0914_at,-0.014581444750000117,-0.09302913096703987,0.9294930362007174,0.9847005059534598,PA0914,False
PA0915_at,-0.21220258584999963,-1.2728921856679896,0.25902928461705504,0.6574585464665744,PA0915,False
PA0916_at,-0.23437895210000015,-0.9936337479876668,0.36602345123601854,0.7477572906800188,PA0916,False
PA0917_kup_at,-0.16565206285000045,-1.0475149651577382,0.34283449674918604,0.7333180413028116,PA0917,False
PA0918_at,0.4233882018999999,2.581171618574728,0.049361957350335973,0.28636846552291045,PA0918,False
PA0919_at,-0.1488041005999996,-0.8867638392390977,0.4158154462490846,0.785239186085221,PA0919,False
PA0920_at,0.030249913100000025,0.19577084126940453,0.8524970725390176,0.966038828217298,PA0920,False
PA0921_at,-0.43746717355,-2.788895644308561,0.03849507831967963,0.251199590897599,PA0921,False
PA0922_at,-0.3787405479499997,-1.7831383947263695,0.13464956615710844,0.48385063882829077,PA0922,False
PA0923_dinP_at,-0.1681198575999998,-1.0618973278208628,0.33685768746313594,0.7286822302124286,PA0923,False
PA0924_at,0.037049497049999935,0.19995625590774127,0.8493929407834431,0.9660270328716476,PA0924,False
PA0925_at,-0.13271056499999911,-0.7734781815701988,0.47420163958583483,0.8218936544765088,PA0925,False
PA0926_at,-0.13880218050000082,-0.9029324607374994,0.40795414926022616,0.7796162735537958,PA0926,False
PA0927_ldhA_at,-0.13477130530000014,-0.8670659444902192,0.4255518174845295,0.7904064366405619,PA0927,False
PA0928_at,0.022220559400000006,0.1371392717636272,0.896271903237767,0.9762367188243717,PA0928,False
PA0929_at,-0.06029292634999983,-0.3819338176295927,0.7182042730834521,0.924053348898532,PA0929,False
PA0930_at,0.16824576690000015,0.7772945480884517,0.4721406534191906,0.8199051532180511,PA0930,False
PA0931_at,0.1388097756000004,0.8986266027616132,0.41003619591191093,0.7814980716445111,PA0931,False
PA0932_cysM_at,-0.4323816014499995,-2.764087850435078,0.039642063272238334,0.2533476486649238,PA0932,False
PA0933_ygcA_at,-0.2713767519000001,-1.757465550770725,0.13917706779283426,0.4900714227648822,PA0933,False
PA0934_relA_at,-0.7334848527000002,-3.0462757564928453,0.02854540724383757,0.21187675540634038,PA0934,False
PA0935_at,0.022301251050000026,0.11771508271730927,0.9108759928003547,0.9779955293250645,PA0935,False
PA0936_at,-0.17662676269999977,-1.0448653822621274,0.3439452925285298,0.7337665791311803,PA0936,False
PA0937_at,-0.7422103678499994,-4.365590935870806,0.007252040801456364,0.09635555791731865,PA0937,False
PA0938_at,-1.0282559532000004,-4.009946311003992,0.010222067975148082,0.11793292592354031,PA0938,False
PA0939_at,-0.03429928959999984,-0.22282271372559873,0.8324900878772439,0.9615456548754823,PA0939,False
PA0940_at,0.13450983014999984,0.8471392033879579,0.43557937819927023,0.7972939790657073,PA0940,False
PA0941_at,0.21543795154999978,1.246789115247997,0.2676963811349242,0.6659598053086069,PA0941,False
PA0942_at,0.46868164534999934,3.048231898457312,0.02848173286984683,0.21167106019181622,PA0942,False
PA0943_at,-0.6865211367999997,-3.0417037262516033,0.028694854696813585,0.21224550104187795,PA0943,False
PA0944_purN_at,-0.40021293209999875,-2.145778795650553,0.08469592030088313,0.37738091361922643,PA0944,False
PA0945_purM_at,-0.8210051623000005,-4.71657034105962,0.005258687584673686,0.0791627496761875,PA0945,False
PA0946_at,-0.13427497669999955,-0.8557865200647972,0.4312058565809638,0.795137115236702,PA0946,False
PA0947_at,-0.11451197800000035,-0.664350252963345,0.53587255086419,0.8507079727871568,PA0947,False
PA0948_at,-0.2787040718,-1.7890182908635006,0.13363383045069027,0.48256953061823726,PA0948,False
PA0949_wrbA_at,-0.5017107860500012,-2.7708685311106955,0.039324845794196144,0.2530327825761595,PA0949,False
PA0950_at,-0.3573431493999992,-2.097475654820416,0.09004124684474941,0.3911312021610296,PA0950,False
PA0951_at,0.006744266850001068,0.043664460374019616,0.9668619925916795,0.9934899812347289,PA0951,False
PA0952_at,0.2667458518500001,1.7088341215468978,0.1481796083949156,0.5073793920956796,PA0952,False
PA0953_at,0.10462408374999921,0.6771566689186738,0.5283644115905968,0.8492498434249733,PA0953,False
PA0954_at,0.07577454389999971,0.4631092070585417,0.6627442413973215,0.9061273847359798,PA0954,False
PA0955_at,-0.6875152689999995,-3.0733020293309696,0.027679621197501503,0.2096811459053975,PA0955,False
PA0956_proS_at,-0.7872294370499997,-4.68261672711234,0.005420846990694138,0.08098250098280634,PA0956,False
PA0957_at,-0.11066450920000026,-0.7202840635091516,0.503605914490917,0.8363812241303636,PA0957,False
PA0958_oprD_at,-0.8180273806000002,-4.729914775238678,0.005196506314412522,0.0789692974478556,PA0958,False
PA0959_at,-0.3257916808000001,-1.2107605248716498,0.28009060092957794,0.675384382249691,PA0959,False
PA0960_at,-0.12028929714999936,-0.6334801295569608,0.5542609927218967,0.8616957747387967,PA0960,False
PA0961_at,-0.6763699895500004,-3.2275345547341825,0.02326958308130282,0.18891691864351504,PA0961,False
PA0962_at,1.4127954773499996,7.01849532138972,0.0009056803406592523,0.028355502580427443,PA0962,True
PA0963_aspS_at,-1.3806413701000002,-7.7663814415272405,0.000566241654023971,0.022672778065204718,PA0963,True
PA0964_at,-1.4270745914500003,-4.663389725152973,0.005515251722158411,0.08144277705195234,PA0964,False
PA0965_ruvC_at,-0.18858337500000033,-0.7703132291104753,0.47591579078141716,0.8229143689508978,PA0965,False
PA0966_ruvA_at,-0.08923469100000059,-0.5777890697138184,0.5884499856504349,0.8759445710736805,PA0966,False
PA0967_ruvB_at,-0.12998678970000022,-0.8121707293438472,0.4536093917849245,0.8086256056215789,PA0967,False
PA0968_at,-1.3029127918000007,-7.179566517772422,0.0008156953435477473,0.026525871779679782,PA0968,True
PA0969_tolQ_at,-0.9524447134499994,-6.097577547093785,0.00171735053072141,0.04059568362982417,PA0969,False
PA0970_tolR_at,-0.5958083697500003,-3.2185014583961187,0.023504860163968282,0.1897799820646328,PA0970,False
PA0971_tolA_at,-0.6642892244999992,-2.6436830240327085,0.04577286954533397,0.27576162757813283,PA0971,False
PA0972_tolB_at,-0.6161590332999998,-2.4693902946120487,0.05657253681140033,0.3052427699385471,PA0972,False
PA0973_oprL_at,-1.5660341461499998,-7.560360035814452,0.0006418677115490347,0.023863461429319003,PA0973,True
PA0974_at,-1.4590116140499996,-5.306161623071899,0.0031759637528262817,0.0584717593794549,PA0974,False
PA0975_at,-0.30499858690000003,-1.9399048043529246,0.11008427792898867,0.4395902712958123,PA0975,False
PA0976_at,-0.1319940021499999,-0.8260405821349674,0.4463919760059148,0.8024455074640803,PA0976,False
PA0977_at,-0.03793654354999987,-0.2439597223944973,0.8169561567247892,0.9574709315240111,PA0977,False
PA0978_s_at,-0.1002616833500003,-0.6421955977459992,0.5490281929651484,0.8590395887435436,PA0978,False
PA0979_s_at,0.10885895935,0.6409113324961919,0.5497972414545891,0.8594082210426666,PA0979,False
PA0980_at,0.08024267525000006,0.47394430965577705,0.6555129769548819,0.9021158247267792,PA0980,False
PA0981_at,-0.06413644785000017,-0.3737444953439088,0.7239181560438159,0.9261683535206953,PA0981,False
PA0982_at,0.06307493310000023,0.34850457679606156,0.7416557463046716,0.9323762756833185,PA0982,False
PA0983_at,0.2609617551500003,1.2261649875117644,0.2747293787895483,0.6687173127677457,PA0983,False
PA0984_at,-0.033049411999999556,-0.1693581154816968,0.8721535945680511,0.9710349744482906,PA0984,False
PA0985_at,-0.22096146895000013,-1.2991072930306584,0.25058372802683965,0.647753984701791,PA0985,False
PA0986_i_at,0.08540643230000011,0.48945282728257117,0.6452368518489167,0.8965684867759026,PA0986,False
PA0987_at,0.09980014560000017,0.6078137278242174,0.5698574884036178,0.8673858745134974,PA0987,False
PA0988_at,0.20385474135000026,1.2396704035214874,0.2701053079484751,0.666879128600975,PA0988,False
PA0989_at,-0.02118554325000055,-0.12621233728675982,0.9044820227989037,0.9775204019061836,PA0989,False
PA0990_at,0.2545269159000001,1.6143598960567591,0.16736985503748356,0.5412851465662792,PA0990,False
PA0991_at,-0.07717907785000033,-0.4845792054233948,0.6484566728974056,0.8982857087959825,PA0991,False
PA0992_at,0.17937911320000044,1.1205665249807795,0.31338953447445883,0.7073296231167602,PA0992,False
PA0993_at,-0.03795719115000029,-0.24302903871122764,0.8176381928092413,0.9574709315240111,PA0993,False
PA0994_at,0.25145081915,1.51634477601387,0.18987433625141353,0.573754947973369,PA0994,False
PA0995_ogt_at,0.27401108675000074,1.7288235086697463,0.14441025963822818,0.49999928719447706,PA0995,False
PA0996_at,0.026719815649999035,0.15058146811808396,0.8861921802941897,0.9734987698676052,PA0996,False
PA0997_at,-0.12346371610000029,-0.717043240597706,0.5054379908650533,0.8363812241303636,PA0997,False
PA0998_at,-0.027089223049999944,-0.1729326420683241,0.8694869084098868,0.9702803940776634,PA0998,False
PA0999_fabH1_at,0.14350184715000047,0.6208654910486885,0.5618918364199359,0.8631485328685342,PA0999,False
PA1000_at,-0.0592312042500005,-0.38534631386257745,0.7158294138909235,0.924053348898532,PA1000,False
PA1001_phnA_at,-0.01964469340000008,-0.12748208630211547,0.9035272595347588,0.9774235342072395,PA1001,False
PA1002_phnB_at,0.10692049694999994,0.6762848004137345,0.5288733157083294,0.8495240691935472,PA1002,False
PA1003_at,0.6922571470000003,4.329023748538659,0.00750628682417867,0.09840090032765178,PA1003,False
PA1004_nadA_at,-0.4677523000999999,-2.9929152716429854,0.030345393957988954,0.218737639334969,PA1004,False
PA1005_at,0.045159812550000566,0.29157044950785826,0.7823243257902899,0.9477613507551366,PA1005,False
PA1006_at,-0.17482756834999957,-1.0464262496535284,0.34329055665547253,0.7336820831306067,PA1006,False
PA1007_at,-0.28817316680000005,-1.7885581094620806,0.13371304391344024,0.48256953061823726,PA1007,False
PA1008_bcp_at,-0.6685238767500001,-3.2590273167346715,0.02246986868282312,0.183691176482079,PA1008,False
PA1009_at,-0.514908533749999,-2.115045639530647,0.08805677402313461,0.386792665597142,PA1009,False
PA1010_dapA_at,-1.0674645478500002,-3.390618330112647,0.019448234065802344,0.1705995614177535,PA1010,False
PA1011_at,-0.5726241437999997,-2.2865954207829713,0.07095059232575501,0.34261348530714303,PA1011,False
PA1012_at,-0.29251089225000015,-1.7688359361324888,0.13715312216236356,0.48713760053178856,PA1012,False
PA1013_purC_at,-1.1944380587500003,-5.146208706135319,0.0036263955665236077,0.06371631135688942,PA1013,False
PA1014_at,-0.13917484380000023,-0.5247530636375087,0.6221808569944961,0.8858627296249647,PA1014,False
PA1015_at,-0.1276789983500004,-0.7656326049324506,0.4784590631056674,0.8233483706293875,PA1015,False
PA1016_at,0.020486923049999994,0.1325724089767851,0.8997015635067115,0.9768224065773544,PA1016,False
PA1017_pauA_at,0.1907367949999994,1.2414455010692793,0.2695027964970094,0.666879128600975,PA1017,False
PA1018_at,0.1342002711500001,0.7178404705302769,0.5049868767735872,0.8363812241303636,PA1018,False
PA1019_mucK_at,-0.12246030109999984,-0.7933348458032836,0.46354977535677977,0.8154589636612436,PA1019,False
PA1020_at,0.1051638024999999,0.6384737773723322,0.5512588381938841,0.8606656555992579,PA1020,False
PA1021_at,0.14961949285000076,0.9023289684521635,0.40824545845563687,0.77991975607591,PA1021,False
PA1022_at,-0.03823485539999982,-0.20626825816780028,0.8447174810737477,0.9650956058711717,PA1022,False
PA1023_at,0.02468790714999969,0.15981134597102323,0.8792850623128202,0.9713567895581238,PA1023,False
PA1024_at,-0.04434030614999962,-0.21861917759359212,0.835589968917312,0.9626702988935796,PA1024,False
PA1025_at,-0.02737786984999957,-0.16888627382988639,0.8725057450310286,0.9710349744482906,PA1025,False
PA1026_at,-0.3383787390999995,-1.7753080359265143,0.13601442366225322,0.48543820376893027,PA1026,False
PA1027_at,0.04217715019999968,0.25744893887152337,0.8070917445730453,0.9551490518682015,PA1027,False
PA1028_at,0.19056747970000032,1.0111870777980545,0.3583297760836577,0.7421284525082368,PA1028,False
PA1029_at,0.3085026676000009,1.4522142096303383,0.2061625282272344,0.5995418187477776,PA1029,False
PA1030_at,0.18153770530000024,0.9399178260702067,0.39041301810443974,0.7640318039346785,PA1030,False
PA1031_at,-0.21282083810000074,-1.335829947721108,0.2391791757356511,0.6357786141769751,PA1031,False
PA1032_at,-0.08937818010000065,-0.5766962179651195,0.589133691472922,0.8759445710736805,PA1032,False
PA1033_at,-0.18841440559999967,-0.94613737870037,0.3875233903895033,0.763629955082898,PA1033,False
PA1034_at,-0.15323796550000024,-0.9490960500861149,0.38615483836245823,0.7627205968461171,PA1034,False
PA1035_at,-0.2347984241999992,-1.275378595415774,0.2582172031816274,0.6562463117128924,PA1035,False
PA1036_at,0.08235409694999962,0.5323216856725966,0.6172994141778926,0.8840461541097148,PA1036,False
PA1037_at,-0.0855493086500001,-0.5457611531667574,0.6086865514561667,0.8816252712378155,PA1037,False
PA1038_at,-0.023963511199998955,-0.14461907702417015,0.8906602405386351,0.9743911940813509,PA1038,False
PA1039_at,0.0009480866499993468,0.00406685320900248,0.996912400844009,0.9995707784437029,PA1039,False
PA1040_at,0.3332637620000001,1.9194518835777297,0.11300806542224091,0.4452245469044913,PA1040,False
PA1041_at,0.22204120389999948,1.3611870623419817,0.23158774712925664,0.6294679636516453,PA1041,False
PA1042_at,-0.28324349090000034,-1.629681992893146,0.16409748968459176,0.5351510844395948,PA1042,False
PA1043_at,-0.07992107485000055,-0.42251138927405696,0.6902057749662952,0.9165629056089744,PA1043,False
PA1044_at,-0.09785505299999997,-0.4505335370973525,0.6711896036745415,0.9100035492983665,PA1044,False
PA1045_at,-0.48741211065000023,-2.29847415587218,0.0699055093650754,0.34025845727433934,PA1045,False
PA1046_at,0.06482617155000003,0.4213193060376122,0.6910206502148168,0.9168952991804356,PA1046,False
PA1047_at,-0.33380896839999963,-1.8170911472638276,0.1288907332136045,0.4744533181333809,PA1047,False
PA1048_at,-1.0344105864,-6.126943815117051,0.0016806834410621572,0.04054304399217974,PA1048,True
PA1049_pdxH_at,0.6798394879999998,2.456889786622515,0.05744774235367258,0.307118448223176,PA1049,False
PA1050_at,0.0016805080000006356,0.007984952295039363,0.9939377946861733,0.9995707784437029,PA1050,False
PA1051_at,0.25535464450000056,1.581343445696123,0.17464179150612752,0.5518217681786143,PA1051,False
PA1052_at,0.11700402215000061,0.7299223238279959,0.49818475012470026,0.8332808863978363,PA1052,False
PA1053_at,0.2654313120999987,1.0788026804463304,0.3299457898641231,0.7234696658487291,PA1053,False
PA1054_at,-0.07346602435000005,-0.26212249967621765,0.8036834038847429,0.9547965555015031,PA1054,False
PA1055_at,0.07338759095000036,0.4191721373118393,0.6924895917709148,0.9171903098928004,PA1055,False
PA1056_at,0.11400225920000029,0.7232174835437711,0.5019516203566973,0.83572730171654,PA1056,False
PA1057_at,0.04171170594999918,0.2544165954586214,0.8093057807208794,0.9565251642295042,PA1057,False
PA1058_at,-0.1012311525999996,-0.29761404186954904,0.7779668165639098,0.9466844495131637,PA1058,False
PA1059_at,-0.29695096664999987,-1.8966769027387054,0.11635848416881672,0.45326673581578775,PA1059,False
PA1060_at,0.1566419986500005,0.9433059894456703,0.38883672355342164,0.763916206553885,PA1060,False
PA1061_at,0.06507122210000027,0.3678471973804277,0.7280455269902677,0.9275489116590294,PA1061,False
PA1062_at,-0.0003398834000005735,-0.0013668597842428122,0.9989622621514666,0.9995707784437029,PA1062,False
PA1063_at,0.17261433724999975,1.0304750312054538,0.35003127451966887,0.7364996213014565,PA1063,False
PA1064_at,-0.34348899919999987,-1.9904630192172283,0.10318893468076434,0.42514541367238995,PA1064,False
PA1065_at,0.5251067332000003,3.40461252051833,0.01915492704256171,0.16991442994231554,PA1065,False
PA1066_at,0.2679538853500003,1.6837468236208217,0.15305035464420197,0.5150682603978117,PA1066,False
PA1067_at,0.05017378789999993,0.32419763620494685,0.7589114553715317,0.9403203852199687,PA1067,False
PA1068_at,-0.21565676295000014,-0.8696456799044253,0.42426673798169096,0.7902886662940853,PA1068,False
PA1069_at,-0.19130299070000056,-0.8514789153496474,0.4333802795155353,0.7966509447933918,PA1069,False
PA1070_braG_at,-0.026673620999999592,-0.15093711521301573,0.8859258171980843,0.9734987698676052,PA1070,False
PA1071_braF_at,-0.059388480950000044,-0.29587321720842213,0.7792210344587581,0.9470989880857337,PA1071,False
PA1072_braE_at,-0.16806639555000036,-1.0569678750539488,0.3388961757542932,0.7304075029255839,PA1072,False
PA1073_braD_at,-0.4533513297499998,-2.9292000667407843,0.03266304725553316,0.22935921759630776,PA1073,False
PA1074_braC_at,0.04517258065000007,0.26313456286462045,0.8029459729539251,0.9547965555015031,PA1074,False
PA1075_at,0.07172369685000035,0.3020890873948638,0.7747461897710252,0.9444021952716097,PA1075,False
PA1076_at,1.5305132215000006,9.010185757572902,0.0002811650732877368,0.015182913957537788,PA1076,True
PA1077_flgB_at,-1.6605057275500004,-10.080902980765504,0.0001644657922868277,0.011126961533336411,PA1077,True
PA1078_flgC_at,-1.2537137232999997,-4.391518013010009,0.007077812035260075,0.09551350214531605,PA1078,False
PA1079_flgD_at,-1.2811783923500002,-6.555905307515267,0.0012374987154741858,0.03387868576409794,PA1079,True
PA1080_flgE_at,-1.829343069650001,-6.9755946227151036,0.0009315969668256845,0.02888702513974449,PA1080,True
PA1081_flgF_at,-0.76714669395,-3.523207455004834,0.016861354968046097,0.1570347078194926,PA1081,False
PA1082_flgG_at,-0.3866585209500002,-1.7537766519078761,0.1398401713095463,0.4914025363152176,PA1082,False
PA1083_flgH_at,-0.38466386604999947,-2.466311498109422,0.0567867403726838,0.3055271972884981,PA1083,False
PA1084_flgI_at,-0.4712520444499999,-2.356767642109824,0.06501138069723589,0.3282317340780869,PA1084,False
PA1085_flgJ_at,-0.3120154241499993,-1.864087472785734,0.12133177115907874,0.462538086167317,PA1085,False
PA1086_flgK_at,-0.5864542611999992,-3.7777134362783245,0.012920172964817745,0.1352121392339176,PA1086,False
PA1087_flgL_at,0.19419959885000004,0.737366714310805,0.49402575128577303,0.8308294916730041,PA1087,False
PA1088_at,-0.013919599200000299,-0.0868728443759348,0.9341443453124029,0.9855873903563185,PA1088,False
PA1089_at,-0.061099356850000675,-0.3827902873264918,0.7176078894903489,0.924053348898532,PA1089,False
PA1090_at,-0.11400218999999989,-0.71265939191028,0.5079236132895806,0.8390789749712241,PA1090,False
PA1091_at,-0.005466501049999906,-0.02160601341112357,0.9835979568686413,0.9965259596864794,PA1091,False
PA1092_fliC_at,1.46072342135,6.258668294304958,0.0015271469197603142,0.03841361867397098,PA1092,True
PA1093_at,0.5127886217499995,1.8085304625315772,0.13031865746242924,0.47643206076016054,PA1093,False
PA1094_fliD_at,0.3184400130000009,1.3930851434151934,0.22235840605928603,0.6186655791956824,PA1094,False
PA1095_at,1.1208253599999995,3.8853387460834807,0.011579288965459662,0.12814075587517929,PA1095,False
PA1096_at,0.7174791553499995,2.599788505362281,0.048261795826747854,0.28413576991756434,PA1096,False
PA1097_fleQ_at,-0.12007207855000068,-0.7355243871222109,0.4950527225390827,0.8311133693911577,PA1097,False
PA1098_fleS_at,-0.21666766519999925,-0.9443994522955186,0.38832909943295424,0.763916206553885,PA1098,False
PA1099_fleR_at,-0.059052170050000186,-0.35767876905384616,0.7351866799560511,0.9305276192227117,PA1099,False
PA1100_fliE_at,-0.2148550485999996,-0.8468581464790721,0.43572209360620445,0.7972939790657073,PA1100,False
PA1101_fliF_at,-0.41289170294999966,-2.4019172170446943,0.061474926124821826,0.3202136417439834,PA1101,False
PA1102_fliG_at,-0.4551070267999995,-2.177661384211245,0.08135264594612314,0.3698597558227018,PA1102,False
PA1103_at,-0.2141493145499993,-1.3659632916956563,0.23018327543644018,0.6266691763269597,PA1103,False
PA1104_fliI_at,0.04038358430000066,0.21053643386744286,0.8415600243980189,0.9650694143402389,PA1104,False
PA1105_fliJ_at,0.1878226590500005,0.8291488462558424,0.44478643905970294,0.8013892766037469,PA1105,False
PA1106_at,0.4249990826000003,2.394902496204631,0.06201044317903926,0.32045080645463137,PA1106,False
PA1107_at,0.031504937799999855,0.1697982894145508,0.871825109001119,0.9710349744482906,PA1107,False
PA1108_at,0.3260144887500003,1.7629817970353003,0.138191417826084,0.48860826645497896,PA1108,False
PA1109_at,-0.08861028199999943,-0.4041545207865368,0.7028061339146254,0.9219928867228585,PA1109,False
PA1110_at,-0.04751949374999942,-0.2661602933393522,0.8007426902720739,0.9547965555015031,PA1110,False
PA1111_at,-0.14994467859999894,-0.9169452768545171,0.4012360923970388,0.7760005115100056,PA1111,False
PA1112_at,0.23680486224999964,1.5319125957269442,0.18611210288047228,0.5700011011387552,PA1112,False
PA1113_at,-0.03952234444999991,-0.2463022696693414,0.8152402739908994,0.9574355326739455,PA1113,False
PA1114_at,0.1524662262500005,0.5106096304493072,0.6313618668829633,0.8886253221601184,PA1114,False
PA1115_at,0.5217752949500003,3.0647628992164275,0.027949947299590657,0.21064454520536569,PA1115,False
PA1116_at,-0.2899795038500006,-1.4118356069083453,0.2170961139246217,0.6116935024223663,PA1116,False
PA1117_at,-0.16523812950000005,-1.0406368443604037,0.34572432435498623,0.7341714512118943,PA1117,False
PA1118_at,0.49268029394999946,2.6320222957181065,0.04642001119967984,0.27852006719807904,PA1118,False
PA1119_at,-0.28437867979999965,-1.4099989140425955,0.21760632608268457,0.612544636691861,PA1119,False
PA1120_at,-0.10674859020000005,-0.6641841570883191,0.5359703953718123,0.8507079727871568,PA1120,False
PA1121_at,0.2530529639500001,1.4075152615950546,0.2182980628156716,0.6136549506953156,PA1121,False
PA1122_at,0.3765490811999994,2.2778953377281224,0.07172665281222032,0.3439551559777162,PA1122,False
PA1123_at,0.05054922555000019,0.3219420106433742,0.760521038055633,0.9403203852199687,PA1123,False
PA1124_dgt_at,0.2607332532000002,1.6261100412355436,0.1648546497753028,0.5366894184609691,PA1124,False
PA1125_at,0.1395056503499994,0.8834497125504853,0.4174413324400092,0.7854818184473107,PA1125,False
PA1126_at,-0.32063503750000066,-1.4346896131546087,0.21084176198595583,0.6051856529386457,PA1126,False
PA1127_at,-0.9872680688500006,-4.417687835639405,0.00690685248502274,0.09506370563560775,PA1127,False
PA1128_at,0.28911817824999986,1.821567795318882,0.1281503942031514,0.4735048463777459,PA1128,False
PA1129_at,0.05379670555000082,0.3439983922476777,0.7448421483792866,0.9331930364751981,PA1129,False
PA1130_at,0.12026616094999998,0.7567461229194757,0.48331461744134124,0.8265292778648552,PA1130,False
PA1131_at,0.2903647850499995,1.6364458939912012,0.16267315109743738,0.5328292528433591,PA1131,False
PA1132_at,-0.1956884288499996,-1.2346100598890497,0.2718296037229049,0.6685665309882775,PA1132,False
PA1133_at,-0.013198524250000787,-0.0713847899269977,0.9458588794758079,0.9880596857207466,PA1133,False
PA1134_at,0.2745373941500002,1.5185733440959046,0.18933127012253756,0.5733823930532104,PA1134,False
PA1135_at,0.18267196979999945,1.1596539161761872,0.29855285270892423,0.6947669087376258,PA1135,False
PA1136_at,-0.07353072509999992,-0.46229834651824886,0.6632870956669698,0.9062460178959573,PA1136,False
PA1137_at,-0.14683773485000007,-0.9419058265773526,0.3894875078826104,0.7640318039346785,PA1137,False
PA1138_at,0.36822593584999996,2.381775530710087,0.06302619063244182,0.3231464791485649,PA1138,False
PA1139_at,0.14057529349999998,0.7319726126426191,0.497036848906474,0.8329451599421382,PA1139,False
PA1140_at,0.30449652494999935,1.5564524436917981,0.18032852579761668,0.559522247150644,PA1140,False
PA1141_at,0.050538341800000275,0.279765536175329,0.790861832435326,0.9513555075943022,PA1141,False
PA1142_at,0.005862902749999677,0.02380325163086195,0.9819303004759017,0.9963545771522022,PA1142,False
PA1143_at,-0.1391561021499994,-0.86985425422472,0.4241629691095129,0.7902886662940853,PA1143,False
PA1144_at,-0.1557217570999998,-0.8360825517381189,0.4412206247814108,0.8001689940156543,PA1144,False
PA1145_at,-0.09605988284999967,-0.6056945024793093,0.5711575888320997,0.868430666681381,PA1145,False
PA1146_at,0.2045986365500001,1.0193102548877726,0.3548150571628483,0.7408646357378956,PA1146,False
PA1147_at,0.11392040110000012,0.5592838893631175,0.6000922375217294,0.8796707799607085,PA1147,False
PA1148_toxA_at,0.17578008784999977,1.1429383905257946,0.3048206667637917,0.7003022812535824,PA1148,False
PA1149_at,0.3138098871500006,1.1150193497930685,0.31554637666932306,0.7099793475059769,PA1149,False
PA1150_pys2_at,-0.08493106260000083,-0.5410906680133115,0.6116716661453022,0.8826426641165112,PA1150,False
PA1151_imm2_at,0.01566912205000026,0.06883415969015183,0.9477896516150179,0.9885470903369254,PA1151,False
PA1152_at,-0.13234959665000012,-0.7619724144194083,0.4804547050524483,0.8247175252081397,PA1152,False
PA1153_at,0.20912465695000026,1.0587705238405465,0.33814951198613336,0.7300784247862756,PA1153,False
PA1154_at,0.11722942794999991,0.7525398498381223,0.48562522350967224,0.8270804587899105,PA1154,False
PA1155_nrdB_at,-1.5674968125500008,-8.956168474748084,0.0002893107418228475,0.01544968072849257,PA1155,True
PA1156_nrdA_at,-1.7070404012999996,-6.148598197336432,0.0016542355656326442,0.04006926147865738,PA1156,True
PA1157_at,-0.2992604483499992,-1.8790859690395636,0.11901631458355172,0.45846205997302714,PA1157,False
PA1158_at,0.16194713060000065,1.0121436191294104,0.35791440328340207,0.7419691956371308,PA1158,False
PA1159_at,-1.8623428731999994,-6.248585717007222,0.0015382975460973408,0.038529444069484886,PA1159,True
PA1160_at,-0.06781462125000015,-0.43355353721740586,0.6826803898266102,0.9128252554564805,PA1160,False
PA1161_rrmA_at,-0.33021027955000015,-2.039590408846117,0.0969193339324821,0.4101130118810853,PA1161,False
PA1162_dapE_at,-0.41333673020000017,-2.089991386339029,0.09090085369877522,0.39197247243296046,PA1162,False
PA1163_at,0.18481931125000006,1.1385329137114137,0.30649168472832816,0.7019494382532838,PA1163,False
PA1164_at,-0.4129044897499998,-2.015160026119079,0.0999857548805446,0.41811391029239886,PA1164,False
PA1165_at,0.29954059030000035,1.3791016471373716,0.22636097526292695,0.623180870157899,PA1165,False
PA1166_at,0.2840865082499997,1.592012884600662,0.17225843149868372,0.5487244835830739,PA1166,False
PA1167_at,0.040607466400000014,0.26387128958067785,0.8024093096396229,0.9547965555015031,PA1167,False
PA1168_at,-0.16631403199999983,-1.0600816627281109,0.3376073101826323,0.7296414865771873,PA1168,False
PA1169_at,0.1135769800999995,0.6857458411921952,0.5233686347628201,0.8465240076447071,PA1169,False
PA1170_at,-0.41149135680000004,-2.3128532603015266,0.06866251904617653,0.3370705480448666,PA1170,False
PA1171_at,0.25136474210000026,1.2338657482052562,0.27208406284602377,0.6685665309882775,PA1171,False
PA1172_napC_at,0.011300759200000066,0.07157745757911352,0.9457130511441705,0.9880596857207466,PA1172,False
PA1173_napB_at,0.3329182068999996,2.16370932889799,0.08279811595352506,0.372735486756025,PA1173,False
PA1174_napA_at,0.16771573999999934,1.0067923260333769,0.36024332139770354,0.7439801663160934,PA1174,False
PA1175_napD_at,0.02079544165000069,0.12593056242692524,0.9046939228463506,0.9775204019061836,PA1175,False
PA1176_napF_at,0.35276099375000003,1.8978465873790265,0.11618393908625858,0.453186657032285,PA1176,False
PA1177_napE_at,0.0854426582500003,0.4709047442122498,0.6575372963190805,0.9030632452228946,PA1177,False
PA1178_oprH_at,-0.6814505323999995,-1.9808506716166547,0.10446443564243385,0.42759875393998187,PA1178,False
PA1179_phoP_at,-0.4992645428999998,-1.8885570369242397,0.11757764020028695,0.4551930724196672,PA1179,False
PA1180_phoQ_at,-0.8807860215499996,-4.201286992349227,0.008479041534978493,0.10655470642614895,PA1180,False
PA1181_at,0.1489084127999991,0.9597922400708356,0.3812397808595866,0.7591263024829251,PA1181,False
PA1182_at,0.1457583536999998,0.9341199685782582,0.3931222850598809,0.7667056891525709,PA1182,False
PA1183_dctA_at,1.3071510996000004,7.373946823073955,0.0007208129220244256,0.025254195589498627,PA1183,True
PA1184_at,0.005850471949999658,0.03579552226712849,0.9728305227623113,0.9940985203938076,PA1184,False
PA1185_at,0.02643717064999951,0.1406031032563827,0.8936723138873233,0.9755480785498487,PA1185,False
PA1186_at,0.13876629534999996,0.8744442382259993,0.42188434924628426,0.7888218804522329,PA1186,False
PA1187_at,0.29199928350000093,1.8882231163238974,0.11762805758032688,0.4551930724196672,PA1187,False
PA1188_at,0.02960688815000001,0.1876880644824385,0.8585002240727732,0.968096620274794,PA1188,False
PA1189_at,-0.38167833614999935,-1.961680642093532,0.10705745237330337,0.43249153374692084,PA1189,False
PA1190_at,0.5977982197500005,2.773520369740835,0.03920155138030419,0.2530327825761595,PA1190,False
PA1191_at,0.2210003055000005,1.2799492953969442,0.25673044670537404,0.6542085221758865,PA1191,False
PA1192_at,-0.3638254353000008,-1.5351692773171741,0.18533428556336126,0.5690545669410247,PA1192,False
PA1193_at,-0.33307311824999974,-1.4562708338703896,0.20509360380028735,0.5995418187477776,PA1193,False
PA1194_at,0.11502530255000032,0.7482807582574936,0.48797289063165444,0.8280814467735754,PA1194,False
PA1195_at,0.0013279021999998974,0.008602983802328731,0.9934685962716924,0.9995707784437029,PA1195,False
PA1196_at,0.7660264885999997,4.542740913601228,0.006153235593887355,0.08706236708081964,PA1196,False
PA1197_at,0.5785917327500005,3.5980479111248793,0.015575272733685723,0.15078298570801674,PA1197,False
PA1198_at,-0.6365846577499994,-1.1236510769496233,0.31219575385038273,0.7057690776847838,PA1198,False
PA1199_at,-0.2752057590499999,-1.5789162502852094,0.17518849163894562,0.5518821854408956,PA1199,False
PA1200_at,0.08655757474999959,0.47522212244532014,0.6546629650038703,0.9021158247267792,PA1200,False
PA1201_at,0.09892812530000006,0.630514452972347,0.5560489457720629,0.8619710547311988,PA1201,False
PA1202_at,-0.15131270819999987,-0.7386633412628525,0.49330387514058277,0.8303078664791165,PA1202,False
PA1203_at,0.4224880796499999,1.8564892276859897,0.12252239385482853,0.464071306454003,PA1203,False
PA1204_at,0.04207904039999999,0.2697725223813044,0.798115079702988,0.9541339196972819,PA1204,False
PA1205_at,0.4291877304999998,1.9143038200305043,0.11375657457354807,0.44715077531784103,PA1205,False
PA1206_at,0.02441529189999958,0.10721090735550254,0.9187906458525683,0.9806506362456895,PA1206,False
PA1207_kefB_at,-0.10670289194999949,-0.6801995150611252,0.5265909092651017,0.848188929941994,PA1207,False
PA1208_at,-0.12475240144999988,-0.6490972973447078,0.5449073422899677,0.8559713415315585,PA1208,False
PA1209_at,0.4086807230499998,2.5222102323583244,0.0530314298991283,0.2955899586991185,PA1209,False
PA1210_at,0.3164880805000001,2.0117020778624384,0.10042792051353926,0.41811391029239886,PA1210,False
PA1211_at,-0.10825004784999948,-0.6055475868300245,0.5712477877466959,0.868430666681381,PA1211,False
PA1212_at,0.005463372549999956,0.031053332568998324,0.9764284403113197,0.9950099926325614,PA1212,False
PA1213_at,0.1995538852499994,1.0653440446156588,0.33543855082455,0.727823157762282,PA1213,False
PA1214_at,-0.041206257900000764,-0.1943542214976675,0.8535484044866668,0.9664709764685491,PA1214,False
PA1215_at,-0.04896003250000014,-0.3100688988701869,0.7690159967217846,0.9422206820783563,PA1215,False
PA1216_at,0.013752011849999857,0.08629502435031261,0.9345810666511751,0.9856556456385623,PA1216,False
PA1217_at,-0.22524707674999966,-1.3989024177090017,0.22071303109295765,0.6170040533051258,PA1217,False
PA1218_at,-0.037819515149999816,-0.2391313294797606,0.8204965448156469,0.9578426542611856,PA1218,False
PA1219_at,-0.25612668439999986,-1.3411333891793082,0.23757249840934758,0.6341731182029114,PA1219,False
PA1220_at,0.3151052960000005,1.7447041564879553,0.14148463125237562,0.49435093674751396,PA1220,False
PA1221_at,-0.01590291740000005,-0.08682374220947242,0.9341814561328408,0.9855873903563185,PA1221,False
PA1222_at,-0.3500347342499994,-1.6796104542075303,0.15386869509205905,0.5162046042739173,PA1222,False
PA1223_at,0.08800068309999975,0.402758779643752,0.7037686955505588,0.9219928867228585,PA1223,False
PA1224_at,-0.013663173150000318,-0.0827830442013591,0.9372360063944347,0.9864272489053094,PA1224,False
PA1225_at,0.012644515799999922,0.056849857558955795,0.9568667044603261,0.988925396370607,PA1225,False
PA1226_at,0.06811164455000007,0.3974709134476256,0.7074211228006229,0.9229260131256318,PA1226,False
PA1227_at,-0.21630856860000058,-1.0504785784844233,0.3415956380634228,0.7319373591704793,PA1227,False
PA1228_at,-0.6262460824000007,-2.519734831111692,0.05319187392475889,0.29612564245069156,PA1228,False
PA1229_at,-0.0687271959000002,-0.3165665280595538,0.7643624336634107,0.9408275375455533,PA1229,False
PA1230_at,0.1719109886000001,1.0715352955227098,0.3329021621959844,0.725541545752998,PA1230,False
PA1231_at,0.34555760624999987,1.9061705467324095,0.11494958048217792,0.45050930553402185,PA1231,False
PA1232_at,-0.00943710665000097,-0.05847351864602436,0.9556364552842558,0.988925396370607,PA1232,False
PA1233_at,0.1409101906000001,0.8719541119277527,0.4231193512955661,0.7896403987197849,PA1233,False
PA1234_at,-0.0778370929500003,-0.46468874385803893,0.6616874479515292,0.9061273847359798,PA1234,False
PA1235_at,-0.07655337489999958,-0.36392891320663595,0.7307936356758961,0.9286380266814172,PA1235,False
PA1236_at,0.34170747829999915,1.9687777661266128,0.1060897449777475,0.4309484050648873,PA1236,False
PA1237_at,0.23603812305000016,0.8511856343098446,0.4335286284695799,0.7966748383302988,PA1237,False
PA1238_at,0.35522657009999925,2.3001701757926587,0.06975764838461145,0.33989529668197266,PA1238,False
PA1239_at,0.2465870610000005,1.227336691677902,0.27432539265799466,0.6687173127677457,PA1239,False
PA1240_at,0.23358019529999963,1.1640592087911144,0.2969200037558036,0.6921469869729345,PA1240,False
PA1241_at,0.11900414005000037,0.5540526499395667,0.6034083110612557,0.8801012814699356,PA1241,False
PA1242_at,0.10154425630000041,0.581747702672515,0.585977467988956,0.8743546174480521,PA1242,False
PA1243_at,-0.024693999599999295,-0.13749921083737274,0.8960017012724417,0.9762367188243717,PA1243,False
PA1244_at,-0.7740068624500003,-2.6020946519022647,0.04812739666980704,0.28413576991756434,PA1244,False
PA1245_at,-0.01619809570000097,-0.06846198923446234,0.948071410967031,0.9885470903369254,PA1245,False
PA1246_aprD_at,0.22801397970000004,0.7935686906098643,0.4634253878057663,0.8154589636612436,PA1246,False
PA1247_aprE_at,0.04542610699999994,0.2953708501574783,0.7795831184314115,0.9472803953524541,PA1247,False
PA1248_aprF_at,0.04627123649999998,0.2653583041434264,0.8013264809011439,0.9547965555015031,PA1248,False
PA1249_aprA_at,0.17159070710000002,0.9691663326331763,0.3769740737415209,0.7552697306419403,PA1249,False
PA1250_aprI_at,-0.04265308095000009,-0.21633753029497566,0.8372739830578403,0.9629141587101305,PA1250,False
PA1251_at,-0.014797202799999631,-0.09327310138151454,0.9293087715969696,0.9846825255841157,PA1251,False
PA1252_at,-0.029301266650000102,-0.16687565505126806,0.8740067081709392,0.9711271364615739,PA1252,False
PA1253_at,0.4239412740000006,2.4227518351436266,0.05991368730979767,0.31558653688804933,PA1253,False
PA1254_at,0.23449250415000034,1.209623256444009,0.2804901030282694,0.6760707397315289,PA1254,False
PA1255_at,0.08221497535000033,0.5281012049261551,0.6200187099113387,0.8846403510074855,PA1255,False
PA1256_at,0.2685898836499998,1.747269856094439,0.14101760664522958,0.49369589049831863,PA1256,False
PA1257_at,-0.12735699390000033,-0.8082590367395334,0.455660587643287,0.810522278292048,PA1257,False
PA1258_at,0.2031503145000002,1.2543693559257072,0.2651527024993244,0.6645802547909756,PA1258,False
PA1259_at,0.25741694420000005,1.4711841665069594,0.20120939216287995,0.5924554688697906,PA1259,False
PA1260_at,0.40918045509999956,2.4348309762988847,0.05902826289248018,0.31272759260588506,PA1260,False
PA1261_at,-0.015576652750000086,-0.08231400248665656,0.9375906571497358,0.9864272489053094,PA1261,False
PA1262_at,0.07091159485000098,0.39685340353755,0.7078482330716892,0.9230261025758334,PA1262,False
PA1263_at,0.4750849646999997,2.532536155470234,0.05236782750993836,0.2947147894285474,PA1263,False
PA1264_at,0.16206866070000014,0.950014701505247,0.3857307043751203,0.7627205968461171,PA1264,False
PA1265_at,-0.11206572539999993,-0.5305732533476772,0.6184251068095515,0.8840952051428437,PA1265,False
PA1266_at,0.14730190259999976,0.9066747815505951,0.4061513647285067,0.7783078150186777,PA1266,False
PA1267_at,0.07283576224999955,0.4086320711710278,0.6997224927897656,0.9217746940009427,PA1267,False
PA1268_at,0.39189055425000063,2.2973282064533924,0.07000560512389142,0.34025845727433934,PA1268,False
PA1269_at,0.03514572729999976,0.22736264896941927,0.8291460053744886,0.9606994857547716,PA1269,False
PA1270_at,0.21767892200000016,1.0504911366002618,0.34159039653954315,0.7319373591704793,PA1270,False
PA1271_at,0.014551649149999513,0.07786493821778062,0.9409554765215732,0.9866164654515683,PA1271,False
PA1272_cobO_at,-0.49918228040000034,-2.790223577353075,0.038434726541493845,0.25108412921557466,PA1272,False
PA1273_cobB_at,0.09551030399999938,0.5694253832782482,0.5936947689975935,0.87691182439829,PA1273,False
PA1274_at,0.00449934189999901,0.02085664274002939,0.9841667352459234,0.9965259596864794,PA1274,False
PA1275_cobD_at,0.10479154415000025,0.6111930207960681,0.5677882323468494,0.8669264683770572,PA1275,False
PA1276_cobC_at,-0.2676597147499997,-1.4111623488364688,0.21728300553798133,0.6119271629648603,PA1276,False
PA1277_cobQ_at,0.04485704550000058,0.2797155569731514,0.7908980500404168,0.9513555075943022,PA1277,False
PA1278_cobP_at,-0.06818396830000051,-0.38681731536416886,0.7148068197497979,0.924053348898532,PA1278,False
PA1279_cobU_at,0.03687103529999991,0.15219411563823249,0.8849845195992608,0.9734987698676052,PA1279,False
PA1280_at,0.01900017105000007,0.1218237063614612,0.9077833674449741,0.9779955293250645,PA1280,False
PA1281_cobV_at,-0.22134923080000046,-1.2403885527007963,0.2698614039399732,0.666879128600975,PA1281,False
PA1282_at,0.2463337095,1.4597826065913828,0.20417253520042375,0.5984858277837123,PA1282,False
PA1283_at,0.5268685090999998,2.7904269170686127,0.038425494438480236,0.25108412921557466,PA1283,False
PA1284_at,0.5342894991499989,2.5300531636648027,0.05252656639755108,0.295010849061055,PA1284,False
PA1285_at,0.6766628595999999,2.6665684843237725,0.04453143746339156,0.27190045737502355,PA1285,False
PA1286_at,0.4821628298500005,3.078570943014189,0.027514285685951233,0.20900972016982589,PA1286,False
PA1287_at,-0.15264510190000014,-0.6951092956591087,0.5179591623535756,0.8433850004784389,PA1287,False
PA1288_at,-0.6342887851999999,-3.5998961954036957,0.015544957516624255,0.15073742988937458,PA1288,False
PA1289_at,0.5325867589999991,3.1121667452935498,0.026485783590098254,0.20405146886298212,PA1289,False
PA1290_at,0.5796556602500003,2.6482516849708997,0.04552203021729567,0.27456553705252795,PA1290,False
PA1291_at,0.0005139622000003286,0.0032592538163333123,0.9975255361520935,0.9995707784437029,PA1291,False
PA1292_at,-0.12229892279999977,-0.5327242304442027,0.6170404122368157,0.8840461541097148,PA1292,False
PA1293_at,-0.5750503650500001,-3.185104970755515,0.02439830551561985,0.1945913635026266,PA1293,False
PA1294_rnd_at,-0.13129506010000114,-0.7883894101949894,0.4661861284115649,0.81641282802254,PA1294,False
PA1295_at,-0.23838221439999963,-1.434550397395379,0.21087933642153622,0.6051856529386457,PA1295,False
PA1296_at,0.26481938525000004,1.6196326432040704,0.16623652328488392,0.5402916488430849,PA1296,False
PA1297_at,-0.034987559149999736,-0.22008557328841044,0.8345081933692977,0.9623839965013165,PA1297,False
PA1298_i_at,-0.04356951199999948,-0.2404469727587229,0.8195313730497569,0.9578426542611856,PA1298,False
PA1299_at,-0.11013256129999993,-0.6207734504688648,0.5619477600360441,0.8631485328685342,PA1299,False
PA1300_at,0.02579348169999962,0.16424028172251282,0.8759749710411049,0.9711271364615739,PA1300,False
PA1301_at,0.24353247330000016,1.4019195076121993,0.2198642041475919,0.6159546433187654,PA1301,False
PA1302_at,0.34959251425000026,1.5913391885505075,0.17240797211150488,0.5487244835830739,PA1302,False
PA1303_at,-0.2530967125500001,-1.3153880357432595,0.2454669183492826,0.6421414584017232,PA1303,False
PA1304_at,0.0555171069,0.2977519473067865,0.7778674920538181,0.9466844495131637,PA1304,False
PA1305_at,0.08373016859999982,0.4971834311790093,0.6401475666443115,0.894474220434925,PA1305,False
PA1306_at,0.03723789200000027,0.20104426047525947,0.8485865210263374,0.9660270328716476,PA1306,False
PA1307_at,0.2925573068,1.7317324160531484,0.14386983632252315,0.4993029814825302,PA1307,False
PA1308_at,0.035473377800000705,0.20890468623750946,0.8427667430757759,0.9650826945027271,PA1308,False
PA1309_at,-0.08664917154999952,-0.5460613652732503,0.6084949664544471,0.8816252712378155,PA1309,False
PA1310_phnW_at,0.2598591714499996,1.4374162195879092,0.21010713380390128,0.604917102092227,PA1310,False
PA1311_phnX_at,0.17594414410000025,1.1016528479619252,0.3207964101899951,0.7154840942772229,PA1311,False
PA1312_at,0.0741782849499999,0.45683282960168814,0.6669522421136485,0.9074571680385142,PA1312,False
PA1313_at,0.07229624565000003,0.4313459224375142,0.6841816125696009,0.9133100369862714,PA1313,False
PA1314_at,0.14769927024999951,0.8212586740699881,0.4488705244915115,0.8042972761723287,PA1314,False
PA1315_at,-0.10073343670000057,-0.6364421629014183,0.5524789567016548,0.8612461874403599,PA1315,False
PA1316_at,0.03442483009999986,0.2101952549662988,0.8418122941866498,0.9650694143402389,PA1316,False
PA1317_cyoA_at,-0.8867243506499998,-3.0783892618394506,0.027519968252058286,0.20900972016982589,PA1317,False
PA1318_cyoB_at,-0.28388865364999916,-1.0011083210144769,0.36273078599339703,0.744692503089339,PA1318,False
PA1319_cyoC_at,-0.09134237970000036,-0.5744534805479777,0.590538302910256,0.8759849926738323,PA1319,False
PA1320_cyoD_at,-0.24852628794999987,-1.4311807314910396,0.21179075972706543,0.6066182052328501,PA1320,False
PA1321_cyoE_at,-0.19466796744999915,-1.2541383338817225,0.2652299005124897,0.6645802547909756,PA1321,False
PA1322_at,0.11927416840000049,0.7484100213152401,0.487901520082736,0.8280814467735754,PA1322,False
PA1323_at,1.0510185098999996,5.679164197072968,0.002357479330883914,0.04955758336279542,PA1323,True
PA1324_at,0.9883107093499994,4.796381359511236,0.004899258620997451,0.07649194210322367,PA1324,False
PA1325_at,-0.16088464249999923,-0.9983215159129116,0.36395554475833886,0.7456464797937983,PA1325,False
PA1326_ilvA2_at,-1.0261207583500003,-5.398827411246459,0.0029450604397737823,0.05573834645822663,PA1326,False
PA1327_at,-0.19680880290000058,-1.2539655030076589,0.26528766679560833,0.6645802547909756,PA1327,False
PA1328_at,0.2918945058500002,1.7299298979784081,0.14420447154027838,0.49964418348860756,PA1328,False
PA1329_at,-0.1733887789000006,-1.0488131857355882,0.34229134437722625,0.7328944536210817,PA1329,False
PA1330_at,-0.11240009204999968,-0.5603033666104893,0.5994472645985265,0.8796707799607085,PA1330,False
PA1331_at,0.23155900250000006,1.474783100227259,0.2002826721682035,0.5914719326576344,PA1331,False
PA1332_at,0.0887059180000005,0.5600829178022599,0.5995866964508845,0.8796707799607085,PA1332,False
PA1333_r_at,1.9402572287500002,8.212916913155977,0.00043570569665603233,0.019727413311672357,PA1333,True
PA1334_at,0.017946645049999432,0.1120516322277716,0.9151418829987903,0.9789443973938837,PA1334,False
PA1335_at,0.28868499614999976,1.726963254716447,0.14475693342405194,0.5003166824039752,PA1335,False
PA1336_at,-0.02907792365000006,-0.18761218081245734,0.8585566357177072,0.968096620274794,PA1336,False
PA1337_ansB_at,-0.3865524518000001,-1.783987494783213,0.13450240331529512,0.4836417432606873,PA1337,False
PA1338_ggt_at,0.09190099649999972,0.5734749307694609,0.5911518011092414,0.8762325614024162,PA1338,False
PA1339_at,-0.25450180685000046,-0.8678487338692517,0.425161558479834,0.7902886662940853,PA1339,False
PA1340_at,-0.2508759022499998,-1.4364221959244263,0.21037467006163588,0.604917102092227,PA1340,False
PA1341_at,0.03176277649999992,0.20118233454736456,0.848484196685511,0.9660270328716476,PA1341,False
PA1342_at,-0.24501572785000025,-1.1819460225482827,0.2903709412149868,0.6846530268288182,PA1342,False
PA1343_at,0.18853163355000024,1.0318329672124733,0.3494531377145979,0.7364996213014565,PA1343,False
PA1344_at,0.4359774747999996,2.831372672343907,0.036615606341120724,0.2432499536386417,PA1344,False
PA1345_at,0.2166498470999998,1.38049897444276,0.22595798160063477,0.623180870157899,PA1345,False
PA1346_at,0.07239001824999969,0.41746203448900426,0.6936606209205615,0.9173779950287364,PA1346,False
PA1347_at,0.05983398475000001,0.385140996821441,0.7159721976495412,0.924053348898532,PA1347,False
PA1348_at,0.47098399664999935,2.7709561606180717,0.03932076470022142,0.2530327825761595,PA1348,False
PA1349_at,0.006602577300000245,0.03928941211532028,0.9701801584020692,0.9940985203938076,PA1349,False
PA1350_at,0.05061458389999984,0.3290363644434843,0.7554632820313032,0.9395007137198923,PA1350,False
PA1351_at,0.062198216649999694,0.393395496799987,0.7102421940140414,0.9233164875819249,PA1351,False
PA1352_at,-0.0007944093499996363,-0.004083474332875793,0.9968997819901169,0.9995707784437029,PA1352,False
PA1353_at,0.016959915800000225,0.09955555982172178,0.9245655585194407,0.9831965451572588,PA1353,False
PA1354_at,0.04828904150000035,0.3051481766477738,0.7725475528849688,0.9439730807977795,PA1354,False
PA1355_at,-0.009626877300000114,-0.06136576934096018,0.9534453442933412,0.988925396370607,PA1355,False
PA1356_at,0.026058309999999807,0.11432089643290529,0.9134322031455955,0.9785876178211647,PA1356,False
PA1357_at,-0.1693222839999997,-1.035927123224162,0.3477149097768423,0.7357400557771271,PA1357,False
PA1358_at,-0.06978789290000087,-0.4511976999546565,0.6707421821202685,0.9099450595487288,PA1358,False
PA1359_at,0.0715283033499996,0.4627182782570769,0.6630059308412645,0.9061273847359798,PA1359,False
PA1360_at,-0.17366606294999976,-1.0850101577070612,0.3274383891525039,0.7218360893451827,PA1360,False
PA1361_at,-0.24421279485000014,-1.5303706899506453,0.18648147467137835,0.5704937421599444,PA1361,False
PA1362_i_at,0.17131521770000013,1.0392021128329385,0.34632970265095175,0.7350263988368086,PA1362,False
PA1363_at,0.09487010500000004,0.5587926362093446,0.6004031774929119,0.8796707799607085,PA1363,False
PA1364_at,0.03799964850000048,0.22925471176201154,0.8277535313048051,0.9606994857547716,PA1364,False
PA1365_at,-0.1877149113500005,-1.1572327788773784,0.2994536280565691,0.6948549099851672,PA1365,False
PA1366_at,0.29477361129999924,1.6161136111101837,0.16699206372071163,0.5407840788476568,PA1366,False
PA1367_at,-0.042488895900000045,-0.2657202494478411,0.8010629924435965,0.9547965555015031,PA1367,False
PA1368_at,0.5810009406500001,2.938055772109475,0.03232939687683888,0.2278932096012858,PA1368,False
PA1369_at,-0.10100068559999986,-0.5991167200670803,0.575204798351967,0.8694911453485579,PA1369,False
PA1370_at,-0.1383236769499998,-0.7997303852089743,0.4601567032124099,0.8134629494571259,PA1370,False
PA1371_at,-0.057014982799999725,-0.36751161526879667,0.7282807087232707,0.927647749739271,PA1371,False
PA1372_at,-0.18608796270000028,-0.9500394668104265,0.38571927563903907,0.7627205968461171,PA1372,False
PA1373_fabF2_at,0.049179613999999816,0.3188334702705007,0.7627414998133437,0.9403203852199687,PA1373,False
PA1374_at,0.17651398554999975,0.8134135241205837,0.4529591442152507,0.8086256056215789,PA1374,False
PA1375_pdxB_at,-0.07383478119999864,-0.37497333351892975,0.7230594539397533,0.9261683535206953,PA1375,False
PA1376_aceK_at,0.09642539274999962,0.6149192866606805,0.5655120392655262,0.8644421691046412,PA1376,False
PA1377_at,0.1294246129000003,0.8327981525870356,0.44290699668756406,0.8001689940156543,PA1377,False
PA1378_at,0.059087641050000084,0.3508791246303797,0.7399790143878017,0.9316038727402709,PA1378,False
PA1379_at,0.011813901800000082,0.06626037357779489,0.9497383641998862,0.988617529154029,PA1379,False
PA1380_at,0.25556463770000004,1.4905031923758358,0.19628269927598002,0.5855651129946368,PA1380,False
PA1381_at,-0.005443588900000407,-0.03249792965877297,0.9753323471499639,0.9950099926325614,PA1381,False
PA1382_at,0.17040927989999988,1.0107005681228522,0.3585411938556301,0.7423051238249169,PA1382,False
PA1383_at,0.08318091474999978,0.5273021959130568,0.6205342964737902,0.8848025361057968,PA1383,False
PA1384_galE_at,-0.02236471895000003,-0.1387372627719341,0.8950724327779853,0.9761313738943151,PA1384,False
PA1385_at,0.04049929349999992,0.24561492805043256,0.8157436208179661,0.9574355326739455,PA1385,False
PA1386_at,-0.17551380319999943,-0.9955459507548554,0.36517875719389725,0.7473721018231152,PA1386,False
PA1387_at,0.2548695345499996,1.5087089484669476,0.1917465400628408,0.5778136116278162,PA1387,False
PA1388_at,0.021739833999999902,0.13961676902050263,0.894412400636964,0.9759939544214258,PA1388,False
PA1389_at,0.05716538810000049,0.35715058461723403,0.7355584549183772,0.9305276192227117,PA1389,False
PA1390_at,0.17429228730000013,1.0694659879206956,0.333748078322007,0.7260483579100777,PA1390,False
PA1391_at,0.18722634180000064,0.7711945126982495,0.4754380329338791,0.8226575523032424,PA1391,False
PA1392_at,0.30147922475,1.744469429574766,0.14152743562142,0.49435093674751396,PA1392,False
PA1393_cysC_at,0.04379056289999994,0.26104825022919764,0.8044663996604717,0.9547965555015031,PA1393,False
PA1394_at,-0.03501255039999984,-0.20810579686163214,0.8433577206859652,0.9650956058711717,PA1394,False
PA1395_at,-0.07034007489999894,-0.360291050647299,0.7333491745514189,0.9295220595054161,PA1395,False
PA1396_at,0.18621330825000015,1.0948130464378136,0.3235119628929459,0.7168000199685136,PA1396,False
PA1397_at,0.04564612530000023,0.262503228141878,0.803405962221745,0.9547965555015031,PA1397,False
PA1398_at,0.1439060271999999,0.7983130648922838,0.4609070568194895,0.8134629494571259,PA1398,False
PA1399_at,0.2702911960500005,1.2530022512159276,0.2656098295433678,0.6645802547909756,PA1399,False
PA1400_at,-0.029155017500000824,-0.17451784036504872,0.8683049377012685,0.9699834623855886,PA1400,False
PA1401_at,0.19170496660000058,1.094426944054296,0.3236658425034535,0.7168000199685136,PA1401,False
PA1402_at,0.1425235854000002,0.7497260113775793,0.4871753410962838,0.8280814467735754,PA1402,False
PA1403_at,0.17224229204999997,0.9762967583377027,0.3737554546595285,0.7533988377143783,PA1403,False
PA1404_at,0.030078689449999807,0.17978573256575436,0.8643798613824597,0.968743750798087,PA1404,False
PA1405_at,0.3134207039000003,1.739274789520141,0.1424780740637852,0.49593491658157285,PA1405,False
PA1406_at,0.0546326860500006,0.3133602505210033,0.7666573568860525,0.9417779876340429,PA1406,False
PA1407_at,0.18121333099999948,1.1452281202042722,0.30395531688654637,0.6992775610495594,PA1407,False
PA1408_at,0.03846931384999985,0.20288181118363777,0.8472250213061965,0.9660270328716476,PA1408,False
PA1409_aphA_at,0.11968063984999944,0.5558838026813752,0.6022463055746895,0.8801012814699356,PA1409,False
PA1410_at,0.2207302903499997,1.0876338766315305,0.32638350279990264,0.7203613636523964,PA1410,False
PA1411_at,-0.11756771890000017,-0.7418200658384819,0.49154954601245804,0.8293227938644733,PA1411,False
PA1412_at,-0.039054559550001144,-0.2197460401817029,0.834758633704028,0.9623839965013165,PA1412,False
PA1413_at,-0.028496193599999664,-0.18472016069491956,0.8607072628571708,0.968743750798087,PA1413,False
PA1414_at,4.84050494715,29.297599382019715,8.684360835143528e-07,0.0024296733670220285,PA1414,True
PA1415_at,0.38670785614999925,2.4000349448781417,0.061618129181463185,0.32041213148211645,PA1415,False
PA1416_at,0.17855021545000005,1.1247224635202457,0.3117820331194856,0.7057690776847838,PA1416,False
PA1417_at,0.20024554714999976,1.0408958000590651,0.34561515412539023,0.7341714512118943,PA1417,False
PA1418_at,0.029520840749999167,0.1638490200877249,0.8762672769743272,0.9711271364615739,PA1418,False
PA1419_at,0.0245381530500004,0.1585507729478216,0.8802277022848791,0.9715020168102003,PA1419,False
PA1420_at,0.07075291085000046,0.41009227316384533,0.6987182798755844,0.9211251904257411,PA1420,False
PA1421_speB2_at,0.1842042292999997,1.1356885316749674,0.30757482419950866,0.7022099969664496,PA1421,False
PA1422_at,-0.14601891030000003,-0.9348250495094244,0.3927920069092644,0.7665695466405605,PA1422,False
PA1423_at,0.22772956634999986,1.1887334334150157,0.28791953639754436,0.6843923358411268,PA1423,False
PA1424_at,0.04179697380000036,0.21958450789798586,0.8348777880550929,0.9623839965013165,PA1424,False
PA1425_at,0.2818663956999998,1.6058870732994104,0.169207026831828,0.5445339310727937,PA1425,False
PA1426_at,0.23267595919999984,1.3300442812408606,0.24094346163862762,0.6359610830515525,PA1426,False
PA1427_at,0.024920448050000488,0.1586491485735126,0.8801541301666235,0.9715020168102003,PA1427,False
PA1428_at,-0.0062165867499999194,-0.037862844918790356,0.9712622607297687,0.9940985203938076,PA1428,False
PA1429_at,0.7142430729499996,3.906094973764465,0.011339466791606755,0.12713162197218544,PA1429,False
PA1430_lasR_at,0.2724747508500007,1.5479369023858165,0.18231532889719793,0.5636071564542579,PA1430,False
PA1431_rsaL_at,-0.5380098883500004,-1.0932055794825413,0.32415302728181017,0.7175497249269405,PA1431,False
PA1432_lasI_at,-1.4132221499000002,-7.495610794598519,0.0006680689403559456,0.024550373015708556,PA1432,True
PA1433_at,0.1583282001000006,0.9789019556906282,0.37258510406725226,0.752969129749159,PA1433,False
PA1434_at,0.025663616499999264,0.16456076177517853,0.8757355617084518,0.9711271364615739,PA1434,False
PA1435_at,0.02273687130000024,0.11679570468469115,0.9115682703543929,0.9779955293250645,PA1435,False
PA1436_at,-0.19763520545000013,-1.2528104221627059,0.26567402982044946,0.6645802547909756,PA1436,False
PA1437_at,0.09020005650000051,0.5687678101065673,0.5941083260125696,0.877300955070242,PA1437,False
PA1438_at,0.1721121863999997,1.0821420337273835,0.3285948822456717,0.7227636778526405,PA1438,False
PA1439_at,-0.33391658975000027,-2.163403465223123,0.08283010816800555,0.372735486756025,PA1439,False
PA1440_at,-0.47114624449999987,-0.9665063525175618,0.37818054061952466,0.7555908561054047,PA1440,False
PA1441_at,-0.7260031172999994,-3.1581220295901877,0.025148175754009107,0.19895451947324946,PA1441,False
PA1442_at,-0.3130994024499998,-1.9802950095858285,0.10453866920143287,0.42759875393998187,PA1442,False
PA1443_fliM_at,-0.45649126090000003,-2.3042681674031815,0.06940176570546011,0.3392847117461281,PA1443,False
PA1444_fliN_at,0.06741598450000019,0.4059443609880554,0.701572708304533,0.9219928867228585,PA1444,False
PA1445_fliO_at,-0.22825852194999996,-0.7234321636812366,0.5018307015912625,0.83572730171654,PA1445,False
PA1446_fliP_at,-0.2179655375999996,-1.2459654786363432,0.2679740954604764,0.6660143782869115,PA1446,False
PA1447_fliQ_at,0.1788101399000004,0.7323128983309253,0.4968465126447437,0.8329360790165086,PA1447,False
PA1448_fliR_at,0.04146676515000003,0.2072891887065025,0.8439619265615979,0.9650956058711717,PA1448,False
PA1449_flhB_at,-0.0408465604499999,-0.25029641728718627,0.8123173287826755,0.9573464196762103,PA1449,False
PA1450_at,-0.03655200079999954,-0.22148964265893145,0.8334727853490227,0.9623030236493424,PA1450,False
PA1451_at,0.009503338700000086,0.05251226911906402,0.9601539556650913,0.9898054386390871,PA1451,False
PA1452_flhA_at,-0.10396478014999921,-0.6635829797317199,0.5363246391466449,0.8507092343461815,PA1452,False
PA1453_flhF_at,-0.3182505069000001,-1.9653172616865502,0.10656045033812207,0.431630601588151,PA1453,False
PA1454_at,-0.027155105300000315,-0.17159704006935872,0.8704830729405001,0.9707585008199666,PA1454,False
PA1455_fliA_at,0.653647155749999,2.9030626086519686,0.033670417880366045,0.23206566703025122,PA1455,False
PA1456_cheY_at,0.07321810934999995,0.3218469716111079,0.7605888868108511,0.9403203852199687,PA1456,False
PA1457_cheZ_at,-0.2803572284499998,-1.0823912920253904,0.32849423699712765,0.7227636778526405,PA1457,False
PA1458_at,0.02078142184999976,0.13035679940324388,0.9013663602457131,0.9768224065773544,PA1458,False
PA1459_at,0.08868224884999965,0.48912761798407883,0.6454514326824955,0.896603800365249,PA1459,False
PA1460_at,-0.06605734840000022,-0.4026167777509791,0.7038666612987112,0.9219928867228585,PA1460,False
PA1461_at,-0.07932635295000079,-0.3696857927115372,0.7267576102831291,0.9265097019983751,PA1461,False
PA1462_at,-0.4744633766000006,-2.860129552943646,0.035401105134303786,0.23859808513134953,PA1462,False
PA1463_at,0.2260038623499998,1.1317120277046946,0.3090946798178521,0.7029873591220547,PA1463,False
PA1464_at,0.6036189104499998,2.084773126495354,0.091505313757524,0.3937136526146099,PA1464,False
PA1465_at,-0.08813105069999949,-0.4998532350393138,0.6383951295776001,0.8937487049919858,PA1465,False
PA1466_at,0.09897027604999975,0.6042955710484795,0.5720168271951598,0.868430666681381,PA1466,False
PA1467_at,0.4781803652500001,2.8058271804969017,0.03773337811351672,0.2484325095930195,PA1467,False
PA1468_at,-0.07038169180000065,-0.4575194175916658,0.6664912383338244,0.9074571680385142,PA1468,False
PA1469_at,0.02887515155000031,0.18262856827190846,0.862263513206757,0.968743750798087,PA1469,False
PA1470_at,0.11073499399999953,0.698801943506861,0.5158363855898858,0.8433850004784389,PA1470,False
PA1471_at,0.35397716430000026,2.2410450253158407,0.07511606172630876,0.35425317724652045,PA1471,False
PA1472_at,0.017452007549999315,0.09558301853783302,0.9275644010727807,0.9837196512998896,PA1472,False
PA1473_at,0.09634711649999961,0.6031625673974074,0.5727133256183169,0.868430666681381,PA1473,False
PA1474_at,-0.0037181021499996803,-0.01829434265103061,0.9861116199159498,0.9970322577668501,PA1474,False
PA1475_ccmA_at,-0.5736475830499996,-3.560740389760122,0.01620184038343927,0.15431073219566913,PA1475,False
PA1476_ccmB_at,-0.08943403705000019,-0.5557202498505088,0.6023500379675957,0.8801012814699356,PA1476,False
PA1477_ccmC_at,-0.4138557731499999,-2.6174279051039706,0.04724417017723804,0.28202757166655484,PA1477,False
PA1478_at,-0.2548992314000005,-1.405880783650373,0.21875442626285269,0.6137219032331511,PA1478,False
PA1479_ccmE_at,-0.6317357249000004,-3.3392640691390456,0.020569074629645245,0.1759732169623429,PA1479,False
PA1480_ccmF_at,-0.6035271360000003,-3.4006373969576,0.019237728853785992,0.1700199279780546,PA1480,False
PA1481_ccmG_at,-0.3813292473499992,-2.39562337274651,0.06195517802409495,0.3204465534708461,PA1481,False
PA1482_ccmH_at,-0.1806129326999999,-0.8275320902952352,0.44562101118016906,0.8013892766037469,PA1482,False
PA1483_cycH_at,-0.16869503669999997,-0.9441559428087622,0.3884420989639157,0.763916206553885,PA1483,False
PA1484_at,0.06902908275000108,0.44560661018417047,0.6745135002043641,0.9102446694706253,PA1484,False
PA1485_at,0.3056645028,1.804104186262945,0.13106327628679787,0.4767851942052486,PA1485,False
PA1486_at,0.09593135860000146,0.6187379348562352,0.5631854435686838,0.8642201500083145,PA1486,False
PA1487_at,0.14131607239999955,0.7035689222758775,0.513104856736526,0.8425018918629256,PA1487,False
PA1488_at,0.10307532844999923,0.63267880763881,0.5547437280726983,0.8617983449997144,PA1488,False
PA1489_at,-0.12959344035000075,-0.7747792593746045,0.4734982730984305,0.8214001872848106,PA1489,False
PA1490_at,-0.0018846969999999352,-0.010733854299888407,0.9918509019801888,0.999305074170967,PA1490,False
PA1491_at,-0.11563860955000038,-0.7267790083169985,0.4999482273564777,0.8340691983543806,PA1491,False
PA1492_at,0.3500513280499993,2.2545319301826416,0.07385608368832362,0.3510217928712797,PA1492,False
PA1493_cysP_at,-1.2863855812500002,-7.480750091379975,0.0006742600890533359,0.024550373015708556,PA1493,True
PA1494_at,0.69836523675,4.011569356007734,0.01020563898505243,0.11793292592354031,PA1494,False
PA1495_at,0.31607754409999966,1.9153045104261566,0.11361067764026635,0.44715077531784103,PA1495,False
PA1496_at,-0.017486965199999815,-0.11203427914670616,0.9151549589522625,0.9789443973938837,PA1496,False
PA1497_at,0.04438005625000008,0.2838973824770688,0.7878697536165887,0.95049202662675,PA1497,False
PA1498_pykF_at,0.11392996029999969,0.6640243642918727,0.5360645380678839,0.8507079727871568,PA1498,False
PA1499_at,0.19593089725000112,1.1022794304094188,0.3205486284543632,0.7154840942772229,PA1499,False
PA1500_at,0.15274044429999956,0.843366775861195,0.43749791822196,0.7977255611898187,PA1500,False
PA1501_at,0.0122072674,0.07657923837962544,0.9419281127645857,0.9870191639405336,PA1501,False
PA1502_gcl_at,0.27784628024999947,1.7906861235418143,0.13334713710572377,0.48232933409990036,PA1502,False
PA1503_at,0.2128947924000002,1.145150012212311,0.30398480046885934,0.6992775610495594,PA1503,False
PA1504_at,-0.3566368907000008,-1.848318650612134,0.12381608141289258,0.46585931133902353,PA1504,False
PA1505_moaA2_at,0.7752914116500005,3.3544190744659894,0.02023086696869044,0.17485885899810855,PA1505,False
PA1506_at,0.2719256878500005,1.2191763968287437,0.27715008460269713,0.6704913267453659,PA1506,False
PA1507_at,0.08888399194999952,0.5334538012803065,0.6165711586998447,0.8840461541097148,PA1507,False
PA1508_at,0.1961390605499993,1.1393634368734868,0.306176051619647,0.7019494382532838,PA1508,False
PA1509_at,0.29327698614999953,1.7960541385016302,0.13242863717856934,0.4805640927454125,PA1509,False
PA1510_at,-0.0007229903499998969,-0.004672875024290059,0.996452306253455,0.9995707784437029,PA1510,False
PA1511_at,-0.10953280194999993,-0.6654904396552315,0.5352012059449286,0.850254871306842,PA1511,False
PA1513_at,-0.11350333604999996,-0.7098842171862241,0.5095015057665048,0.8398732310205803,PA1513,False
PA1514_at,-0.017201007800000223,-0.11125290559347378,0.9157437737089235,0.9789443973938837,PA1514,False
PA1515_alc_at,0.17989364429999988,0.8943267973431355,0.4121236381599446,0.7827556418875231,PA1515,False
PA1516_at,0.29084073749999995,1.5390578679586042,0.1844096897603996,0.5676963566577992,PA1516,False
PA1517_at,0.5938378741499992,2.976118153872221,0.030938026505376606,0.22153433577937554,PA1517,False
PA1518_at,0.10832913745000017,0.7016362058081387,0.5142111211573213,0.8425290708855466,PA1518,False
PA1519_at,-0.23021001874999936,-1.3375884275010492,0.23864532753023235,0.6355487228609914,PA1519,False
PA1520_at,-0.1526270160499994,-0.43921350492571753,0.6788390990274319,0.910405918332983,PA1520,False
PA1521_at,-0.027751728099999262,-0.1389161278777967,0.8949381942829264,0.9761313738943151,PA1521,False
PA1522_at,0.22045956724999893,0.8468205334745282,0.4357411954867388,0.7972939790657073,PA1522,False
PA1523_xdhB_at,0.21828140605000002,1.2613424202802919,0.26283218539955583,0.6625397187416641,PA1523,False
PA1524_xdhA_at,0.4932943977500006,2.585309762681933,0.049115059218366695,0.28636846552291045,PA1524,False
PA1525_at,0.39567100080000017,2.547992299798937,0.05139141856275696,0.2933817750485776,PA1525,False
PA1526_at,0.07143948084999963,0.45608501872410745,0.6674545430237298,0.9077258410900354,PA1526,False
PA1527_at,-0.21700636565000053,-1.3119367955692396,0.2465434704290729,0.6435756757750526,PA1527,False
PA1528_zipA_at,0.1210224666999995,0.516627733248172,0.6274459464941077,0.8884163678287991,PA1528,False
PA1529_lig_at,-0.21595841140000083,-1.1025470043124732,0.3204428668065591,0.7154840942772229,PA1529,False
PA1530_at,-0.1486243508999996,-0.8067779524423665,0.4564390315597512,0.8106819975137887,PA1530,False
PA1531_at,-0.04257337860000021,-0.2656562334569188,0.8011095925372588,0.9547965555015031,PA1531,False
PA1532_dnaX_at,-0.5286915893499993,-2.921033283844881,0.032974149252728686,0.23050575118950242,PA1532,False
PA1533_at,-1.192075527550001,-4.307638584154091,0.007659753905345921,0.09974626435147364,PA1533,False
PA1534_recR_at,-0.21737872079999976,-1.3406370611877771,0.23772243384901653,0.6342856961175481,PA1534,False
PA1535_at,0.4606655646500002,2.8823346187969854,0.03449393845478909,0.23498995572325065,PA1535,False
PA1536_at,0.07626862815000024,0.486164867485524,0.6474081242806347,0.8974343841488972,PA1536,False
PA1537_at,0.5114959403499992,2.6956257825327556,0.04300833332917109,0.2665670312250841,PA1537,False
PA1538_at,-0.020693206899999872,-0.12122201525450042,0.908236155502718,0.9779955293250645,PA1538,False
PA1539_at,0.14581544639999944,0.8861558741115128,0.4161133389005071,0.7852655058571288,PA1539,False
PA1540_at,0.04085489314999968,0.2605740520255782,0.8048121146216118,0.9547965555015031,PA1540,False
PA1541_at,0.12137021025000028,0.6805609990767303,0.5263804882619946,0.848188929941994,PA1541,False
PA1542_at,0.1328338228999999,0.8351319268823089,0.441708221690626,0.8001689940156543,PA1542,False
PA1543_apt_at,-0.3037742830500001,-1.5671346877657892,0.1778661149703948,0.5546718417538335,PA1543,False
PA1544_anr_at,-0.16259922070000066,-0.5926631473735957,0.579192977104195,0.8696759855192071,PA1544,False
PA1545_at,0.7556321816000002,3.883972102350778,0.011595282847811944,0.12814075587517929,PA1545,False
PA1546_hemN_at,4.004551793999999,23.360426433529128,2.6755361782026126e-06,0.003156514640059722,PA1546,True
PA1547_at,-0.04382810704999951,-0.21026635844504427,0.8417597180587006,0.9650694143402389,PA1547,False
PA1548_at,0.21820754335000014,1.273355209712873,0.2588778806138175,0.6574585464665744,PA1548,False
PA1549_at,0.10747930304999898,0.6013454322909866,0.5738314964180625,0.8686913489179267,PA1549,False
PA1550_at,1.327857453,6.098552534914365,0.001716118119176632,0.04059568362982417,PA1550,True
PA1551_at,0.8323961898499994,4.805222591660606,0.004861231223490109,0.07630188528390075,PA1551,False
PA1552_at,-2.0474901245499995,-3.7831474901966042,0.012848345555461467,0.1352121392339176,PA1552,False
PA1553_at,-2.5287970190000006,-14.160092683658167,3.16258516182171e-05,0.005817180082025807,PA1553,True
PA1554_at,-2.6850965185,-15.323069918608535,2.1476258152728245e-05,0.0052670523119566015,PA1554,True
PA1555_at,2.0869429756999995,6.805571139415176,0.0010433272921147117,0.030705122206935966,PA1555,True
PA1556_at,3.276640465549999,8.779660561973317,0.00031795655556880574,0.01559576905064992,PA1556,True
PA1557_at,3.1583830769,8.049701224703739,0.00047879361806786976,0.020570651357280884,PA1557,True
PA1558_at,0.08529347155,0.5325494334804575,0.617152870871119,0.8840461541097148,PA1558,False
PA1559_at,-0.2749511843999999,-1.232867587394366,0.27242564342229086,0.6686440442743867,PA1559,False
PA1560_at,-0.008967277600000045,-0.05547668653186748,0.9579072635866628,0.9891652900826486,PA1560,False
PA1561_aer_at,2.74953874975,16.342577430790993,1.564713226910712e-05,0.004004305240694109,PA1561,True
PA1562_acnA_at,0.36282866180000006,1.4666376435509147,0.20238600439316282,0.5947299160549957,PA1562,False
PA1563_at,0.1774400582499993,1.1143571652180522,0.3158047044034997,0.7102702650704222,PA1563,False
PA1564_at,-0.2892117098999991,-1.0022655846362458,0.36222318860553654,0.7441877068055824,PA1564,False
PA1565_at,-0.026792035600000652,-0.17263893805462283,0.8697059453520023,0.9702803940776634,PA1565,False
PA1566_at,-0.0370874848999998,-0.23471278868581977,0.8237406664299296,0.9584142186550254,PA1566,False
PA1567_at,0.21585666300000028,1.2929839828605583,0.2525334971055479,0.6507934167965214,PA1567,False
PA1568_at,0.026784711849999532,0.1591808988941889,0.8797564741380685,0.9715020168102003,PA1568,False
PA1569_at,0.0867694542000006,0.49905263045211407,0.6389203598137112,0.8939113947857152,PA1569,False
PA1570_at,0.018466452049999305,0.10756115218334131,0.9185265666904893,0.9806506362456895,PA1570,False
PA1571_at,-0.20715289825000038,-1.0582971682418945,0.3383454424546966,0.7300784247862756,PA1571,False
PA1572_at,0.27552777574999965,1.0078915017690082,0.35976392924406403,0.7437901255815107,PA1572,False
PA1573_at,0.5941713143499996,2.6953230865839104,0.04302390072440195,0.2665670312250841,PA1573,False
PA1574_at,-1.7532226390000005,-5.555094834603704,0.002598730747293536,0.052335303264941,PA1574,False
PA1575_at,0.12436113120000059,0.6558503654358717,0.5408949626564848,0.8530232134012584,PA1575,False
PA1576_at,0.3465743770499996,1.9806134818402938,0.10449611624368431,0.42759875393998187,PA1576,False
PA1577_at,0.1092513634000003,0.6572979979209725,0.5400373893497071,0.8521876873223528,PA1577,False
PA1578_at,0.5026436738500006,1.7989514973763474,0.13193555875753882,0.4790701411763562,PA1578,False
PA1579_at,-0.36908556214999955,-1.9881992642948236,0.10348785259399353,0.4256670163300111,PA1579,False
PA1580_gltA_at,-1.1768583692500005,-7.280419666193856,0.0007647341507844773,0.025470167437583055,PA1580,True
PA1581_sdhC_at,-1.9741785732500006,-9.672952990220221,0.00020045657830105608,0.012718907057656844,PA1581,True
PA1582_sdhD_at,-1.8720144092500002,-9.252982969450361,0.00024775759344309114,0.014730315101071055,PA1582,True
PA1583_sdhA_at,-2.0210321275000016,-5.811167287631471,0.002129147920770547,0.04648365252248498,PA1583,True
PA1584_sdhB_at,-1.6348365536500005,-2.527392814964454,0.052697227172540474,0.29512452819940366,PA1584,False
PA1585_sucA_at,-1.205960663,-6.292457088120425,0.0014904674701271881,0.03800564394360272,PA1585,True
PA1586_sucB_at,-1.4245225080500008,-5.346324301695862,0.0030733742998259954,0.05724645926827787,PA1586,False
PA1587_lpdG_at,-1.6053862809500004,-4.5930336910645915,0.005877387492990593,0.0841710530018069,PA1587,False
PA1588_sucC_at,-1.9890782128500017,-4.907977447609012,0.004443578849802411,0.07205208019266389,PA1588,False
PA1589_sucD_at,-1.9778410223000007,-3.991135989411398,0.01041471084486054,0.11926262263200221,PA1589,False
PA1590_braB_at,-0.09004046974999991,-0.5741639288211029,0.590719795891374,0.875989821723951,PA1590,False
PA1591_at,0.04157746354999947,0.19634625457953658,0.8520701336065103,0.9660270328716476,PA1591,False
PA1592_i_at,0.833160016499999,1.9518581282970493,0.10841193300357889,0.4350473865156334,PA1592,False
PA1593_at,-0.12499242325000015,-0.753938067649245,0.48485627247604657,0.8268057339639412,PA1593,False
PA1594_at,0.06833150429999968,0.41671881785640486,0.6941698567625437,0.9177211764755437,PA1594,False
PA1595_at,0.022501402449999652,0.14608783138213505,0.8895591596920979,0.9742452680640888,PA1595,False
PA1596_htpG_at,0.11221468609999974,0.5036838064139607,0.6358854415723849,0.892210180952338,PA1596,False
PA1597_at,0.07500547114999989,0.4869825499956101,0.6468677781413507,0.8972848369689418,PA1597,False
PA1598_at,-0.04942464320000006,-0.3065850069123581,0.7715157031515607,0.9439730807977795,PA1598,False
PA1599_at,-0.24513420589999946,-1.3701468800651204,0.22895963359302704,0.6256567086918847,PA1599,False
PA1600_at,0.19292712224999953,1.1960593969100044,0.2852943078396877,0.6809579464494735,PA1600,False
PA1601_at,0.49379221900000037,2.754432142329978,0.04009868083123491,0.2557105475326638,PA1601,False
PA1602_at,0.5923569569499998,3.727663443924668,0.013603817453217608,0.13949837897149622,PA1602,False
PA1603_at,0.21711482849999975,0.9036503700874284,0.4076078235296347,0.7792077297917288,PA1603,False
PA1604_at,0.2621090787,1.6449230696171993,0.16090534265445788,0.5305819870387334,PA1604,False
PA1605_at,0.019076819499999953,0.11931763044047154,0.9096695136853055,0.9779955293250645,PA1605,False
PA1606_at,0.2618165475499996,1.575257215900275,0.17601582765303597,0.5518821854408956,PA1606,False
PA1607_at,0.3454139814000001,1.6806519258144188,0.15366223892990602,0.5160524688490578,PA1607,False
PA1608_at,0.2255636966500001,1.2816672605325996,0.25617365618494337,0.6540263974369792,PA1608,False
PA1609_fabB_at,-1.8715587196500003,-6.632615782013742,0.0011736124847988223,0.03265173664446347,PA1609,True
PA1610_fabA_at,-1.5929349298500002,-6.851990828711156,0.0010113205731050092,0.03011587907972094,PA1610,True
PA1611_at,-0.32520246825000054,-2.085486988836919,0.09142237363581328,0.393644543687196,PA1611,False
PA1612_at,-0.06832751414999994,-0.44042110449445165,0.6780209514975938,0.910405918332983,PA1612,False
PA1613_at,-0.007690683849999935,-0.04763661971833212,0.963850046098429,0.9918219180656211,PA1613,False
PA1614_gpsA_at,-0.046665447699999696,-0.19795302578252813,0.8508782635371426,0.9660270328716476,PA1614,False
PA1615_at,-0.005581335199999593,-0.03524263018373716,0.9732499682383512,0.9940985203938076,PA1615,False
PA1616_at,-0.4361435245499994,-2.8081108551521545,0.03763192760092591,0.24804202223857771,PA1616,False
PA1617_at,0.35939632929999954,2.3393794211795935,0.06643142965497842,0.3327083231873359,PA1617,False
PA1618_at,0.1660526530500004,0.7355234283081984,0.4950532574049267,0.8311133693911577,PA1618,False
PA1619_at,-0.02243103894999976,-0.1122997904071045,0.9149548933237395,0.9789443973938837,PA1619,False
PA1620_at,0.17323748820000073,1.115925486502835,0.31519317661598517,0.7099793475059769,PA1620,False
PA1621_at,-0.3441527459499998,-1.9852311863059848,0.10388114149318901,0.42668834530977706,PA1621,False
PA1622_at,-0.014450627099999558,-0.08515452115863549,0.9354431451760022,0.9856817673659057,PA1622,False
PA1623_at,0.17350187720000054,0.9914934737424944,0.36697080267877674,0.7479343901316724,PA1623,False
PA1624_at,0.2079017064999995,0.9189697665142049,0.4002727942671331,0.7755120694721348,PA1624,False
PA1625_at,0.08906978765000018,0.5178693750250055,0.6266397421448499,0.8879156288552206,PA1625,False
PA1626_at,0.051293006499999905,0.1969196501855628,0.8516447488823479,0.9660270328716476,PA1626,False
PA1627_at,0.047775160800000105,0.26725107721632546,0.7999489145210144,0.9547965555015031,PA1627,False
PA1628_at,0.28796630290000014,1.5482996183490831,0.18223026764282174,0.5636071564542579,PA1628,False
PA1629_at,0.35624731239999985,1.7378205305235082,0.1427453616048998,0.4965716302638536,PA1629,False
PA1630_at,-0.061646404999999405,-0.36624766094617145,0.7291668137489772,0.9280039336791278,PA1630,False
PA1631_at,0.09621237604999955,0.5897223381985977,0.581016028421063,0.8704645258083435,PA1631,False
PA1632_kdpF_at,0.0695836873500002,0.44722442023553616,0.6734211295333352,0.9102446694706253,PA1632,False
PA1633_kdpA_at,0.37791949524999957,2.007769306038104,0.10093328709797714,0.4198539419496067,PA1633,False
PA1634_kdpB_at,0.21576270940000075,1.343131928980369,0.23696965141692494,0.6341731182029114,PA1634,False
PA1635_kdpC_at,0.31197682685000006,1.8300143504605497,0.1267653259518064,0.47015797640348606,PA1635,False
PA1636_kdpD_at,0.11289773269999959,0.5553165834495793,0.6026061065422426,0.8801012814699356,PA1636,False
PA1637_kdpE_at,-0.4039795973000002,-2.5961823151631274,0.04847278571589052,0.28474133405562035,PA1637,False
PA1638_at,0.004671908899999799,0.027117660915619436,0.9794149364366181,0.9953535143593676,PA1638,False
PA1639_at,-0.15394043479999908,-0.9469130628534027,0.3871642152637297,0.7634333571331031,PA1639,False
PA1640_at,-0.27663901130000035,-1.7799799895627368,0.13519840590083176,0.4849346844194368,PA1640,False
PA1641_at,0.06398408350000029,0.27642969840158915,0.7932804671373869,0.9519062014148348,PA1641,False
PA1642_selD_at,-0.004632780249999691,-0.025652426678749087,0.9805268972210255,0.9957524701592401,PA1642,False
PA1643_at,-0.37553374390000016,-2.248014834966968,0.07446207960242426,0.3519611617587447,PA1643,False
PA1644_at,0.21129456440000016,1.3306515153465677,0.24075772499235704,0.635804725939017,PA1644,False
PA1645_at,0.20789663084999965,1.257840648080044,0.2639951964577943,0.6640494557053749,PA1645,False
PA1646_at,0.16672557515000008,0.7986129929232357,0.4607481943637462,0.8134629494571259,PA1646,False
PA1647_at,0.16678959709999974,1.075541967794603,0.3312694633109273,0.7235072582738843,PA1647,False
PA1648_at,-0.06996250954999983,-0.4440936895201105,0.6755358707260918,0.9103325403858161,PA1648,False
PA1649_at,-0.062251002550000045,-0.38851570183956474,0.7136269977926073,0.9237526901846429,PA1649,False
PA1650_at,0.12276753805000018,0.7920664560070971,0.46422489024158065,0.8158936112158686,PA1650,False
PA1651_at,0.22283297444999972,1.4461250901243674,0.20777702464674216,0.6024510182614405,PA1651,False
PA1652_at,0.12084127154999891,0.7699965986000924,0.4760875262045515,0.8229143689508978,PA1652,False
PA1653_at,0.1879303027999999,1.0306711062354617,0.34994774673104234,0.7364996213014565,PA1653,False
PA1654_at,0.2986368799500001,1.8183352244233366,0.12868455324869849,0.4742875894939507,PA1654,False
PA1655_at,-0.1508275210499992,-0.8228164598448445,0.448061963477985,0.8038075943405729,PA1655,False
PA1656_at,0.4029662166500003,2.515785539491499,0.05344894662157677,0.29612564245069156,PA1656,False
PA1657_at,0.06271717319999937,0.401657464738761,0.7045286526379837,0.9219928867228585,PA1657,False
PA1658_at,0.11501478279999988,0.6737261360047682,0.5303686966987567,0.8495240691935472,PA1658,False
PA1659_at,0.42605867399999964,2.693255586553338,0.04313039681602771,0.26686141541709657,PA1659,False
PA1660_at,-0.07655168094999976,-0.4496906728322704,0.6717576319574248,0.9100035492983665,PA1660,False
PA1661_at,0.09602204189999952,0.610203930438334,0.5683933931503201,0.867108940151076,PA1661,False
PA1662_at,0.12308787409999988,0.7535992824783727,0.4850425075394986,0.8268057339639412,PA1662,False
PA1663_at,0.030791033249999877,0.19537246868622346,0.8527926862754129,0.966038828217298,PA1663,False
PA1664_at,-0.32996450025,-2.1254499969847758,0.08690346466562868,0.3825832408540691,PA1664,False
PA1665_at,-0.10563854199999989,-0.6841370455404515,0.5243019244627267,0.846650515058329,PA1665,False
PA1666_at,-0.04450667729999935,-0.2754120284606972,0.7940188506480893,0.9519062014148348,PA1666,False
PA1667_at,-0.07970291869999979,-0.5183012201849833,0.6263594811646812,0.8879156288552206,PA1667,False
PA1668_at,0.07482581804999988,0.44538710981383733,0.6746617803948006,0.9102446694706253,PA1668,False
PA1669_at,-0.05152389980000027,-0.31331379449877544,0.7666906282319369,0.9417779876340429,PA1669,False
PA1670_stp1_at,-0.10098861360000022,-0.5190292051587402,0.6258871916374021,0.8879156288552206,PA1670,False
PA1671_stk1_at,0.1577825928500003,0.8707159180177763,0.42373448632629834,0.7900225487857434,PA1671,False
PA1672_at,0.11792068779999987,0.7222594625234764,0.5024914750766004,0.835953074860001,PA1672,False
PA1673_at,4.01289031075,17.899696109397954,9.992201540786095e-06,0.0037321889738165344,PA1673,True
PA1674_folE2_at,-0.6650419195499997,-3.008178141034295,0.029817887027618693,0.217482135123375,PA1674,False
PA1675_at,-0.13412906504999977,-0.7454226955940723,0.48955282762394675,0.8284956709012509,PA1675,False
PA1676_at,-0.1918702568500006,-1.0591705671714575,0.33798400182471033,0.7300454439413743,PA1676,False
PA1677_at,1.2236295256999998,4.54424213777557,0.006144786756465721,0.08706236708081964,PA1677,False
PA1678_at,0.1963876246500007,1.2462728715016427,0.26787041800559896,0.6660143782869115,PA1678,False
PA1679_at,0.4652539743499995,2.283715406050394,0.07120649184431395,0.34261348530714303,PA1679,False
PA1680_at,0.22792457535000032,1.3179989316112386,0.24465538611059692,0.6405879015333511,PA1680,False
PA1681_aroC_at,-0.6508581642499998,-4.143643953059657,0.008965236037798785,0.10902764322000753,PA1681,False
PA1682_at,-0.1915067394500003,-1.1349423558976144,0.30785952089432883,0.7022099969664496,PA1682,False
PA1683_at,-0.2585888170500006,-1.6000501221595431,0.17048422341930894,0.5468502120141975,PA1683,False
PA1684_at,-0.05513549435000087,-0.34794993520345374,0.7420476282496206,0.9324824408336669,PA1684,False
PA1685_masA_at,-0.43390979164999965,-1.820103026049077,0.12839215573299825,0.47353254693794805,PA1685,False
PA1686_alkA_at,0.27143196515000056,1.5371923512819494,0.18485269433540238,0.5682065977139961,PA1686,False
PA1687_speE_at,-0.24997895854999985,-1.392153866658352,0.22262288368078023,0.6186771923253411,PA1687,False
PA1688_at,-0.47161380254999985,-3.0418233543548725,0.02869093321782579,0.21224550104187795,PA1688,False
PA1689_at,-0.12567557329999968,-0.7986533343400444,0.46072682987194463,0.8134629494571259,PA1689,False
PA1690_pscU_at,-0.05386377274999976,-0.347488263094291,0.7423738902049887,0.9324824408336669,PA1690,False
PA1691_pscT_at,-0.12111607069999986,-0.7470706320801435,0.4886414039345416,0.8281228969217181,PA1691,False
PA1692_at,0.13313777090000034,0.8007928314854219,0.45959481900595617,0.8134629494571259,PA1692,False
PA1693_pscR_at,0.05052057035000024,0.2819929592638072,0.7892483313527053,0.9507809411260792,PA1693,False
PA1694_pscQ_at,-0.0571967674499998,-0.34611044265079727,0.7433479551700125,0.9330925994737957,PA1694,False
PA1695_pscP_at,0.38405108695000045,1.7778058866640825,0.13557752152469152,0.48543820376893027,PA1695,False
PA1696_pscO_at,0.19015380190000064,1.2253703758541659,0.2750036539263862,0.6687173127677457,PA1696,False
PA1697_at,0.29769765514999946,1.3037372230458677,0.24911868649369417,0.646752358754688,PA1697,False
PA1698_popN_at,0.24616738070000022,1.0786173869694728,0.3300208876988816,0.7234696658487291,PA1698,False
PA1699_at,-0.1380797151000004,-0.8498273645261321,0.4342161818424064,0.7972939790657073,PA1699,False
PA1700_at,0.3357078680499992,1.8349213676678517,0.1259677085267508,0.46952522152536763,PA1700,False
PA1701_at,0.1524275007,0.8482770955179613,0.43500194237336315,0.7972939790657073,PA1701,False
PA1702_i_at,-0.09041946005000057,-0.5752979812014896,0.5900091582969506,0.8759445710736805,PA1702,False
PA1703_pcrD_at,-0.18359014825000042,-1.1856939039679153,0.2890150372077205,0.6843923358411268,PA1703,False
PA1704_pcrR_at,0.15976818925000025,0.7481558105007914,0.48804188563668593,0.8280814467735754,PA1704,False
PA1705_pcrG_i_at,0.18213099899999996,0.9783301517986542,0.3728417222384235,0.7531044533614827,PA1705,False
PA1706_pcrV_at,-0.24124264415000019,-1.482745962358212,0.19824681261888913,0.5878492388286052,PA1706,False
PA1707_pcrH_at,0.041460935600000415,0.2655558536761804,0.8011826653426648,0.9547965555015031,PA1707,False
PA1708_popB_at,0.03545032470000109,0.223009287775482,0.8323525790579873,0.9615456548754823,PA1708,False
PA1709_popD_at,0.1688864586500003,1.0577679636256654,0.33856460380056114,0.7302276504104445,PA1709,False
PA1710_exsC_at,-0.08690616285000008,-0.5237559731729446,0.6228255899251195,0.8861041284539662,PA1710,False
PA1711_at,-0.1771174869000003,-1.0804123630343805,0.329294014176842,0.7232087153225869,PA1711,False
PA1712_exsB_at,0.09682562429999964,0.6257050830636947,0.5589563336659928,0.862673404851344,PA1712,False
PA1713_exsA_at,-0.2118044666500003,-1.3230023818754817,0.2431071224862277,0.6391442546638224,PA1713,False
PA1714_at,0.0985556301500008,0.6023827529499043,0.5731930153187037,0.8686442039562023,PA1714,False
PA1715_pscB_at,0.1400517748000003,0.8923481003709035,0.4130870387104841,0.7840003567040036,PA1715,False
PA1716_pscC_at,0.09061562105000043,0.47900437735217477,0.6521504527718588,0.9005812459851211,PA1716,False
PA1717_pscD_at,0.13965645449999986,0.8453761453015387,0.4364752155571562,0.7973269324804781,PA1717,False
PA1718_pscE_at,-0.0030826928499996242,-0.020020996463105345,0.9848010100653841,0.9968252356396993,PA1718,False
PA1719_pscF_at,-0.12033236944999981,-0.7798468609629967,0.4707659518550963,0.8193164969305432,PA1719,False
PA1720_pscG_at,0.07313706229999895,0.424118984535282,0.6891076201571152,0.9164042828052175,PA1720,False
PA1721_pscH_at,0.05864226185000021,0.37048249357967783,0.7261998468772348,0.9264015327050465,PA1721,False
PA1722_pscI_at,-0.16210148610000097,-0.9341797067999802,0.39309429351132685,0.7667056891525709,PA1722,False
PA1723_pscJ_at,-0.2428433387500002,-1.2847178096496938,0.25518770202445895,0.6529279916917288,PA1723,False
PA1724_pscK_at,0.06942800850000008,0.45084312875880667,0.6709810241852803,0.9099986885609584,PA1724,False
PA1725_pscL_at,0.1262494281000004,0.7868350918080634,0.4670169880992002,0.81641282802254,PA1725,False
PA1726_bglX_at,-0.14590865014999999,-0.8865479773637768,0.41592119586255544,0.785239186085221,PA1726,False
PA1727_at,-0.052817995450000765,-0.2932594184543173,0.7811056369382016,0.9477608284927342,PA1727,False
PA1728_at,1.0756852488000006,5.442580031892253,0.0028429093672423275,0.05486349028061751,PA1728,False
PA1729_at,0.626236304199999,3.7813862499221904,0.012871575411464914,0.1352121392339176,PA1729,False
PA1730_at,0.27145440719999936,1.5902348846880512,0.17265337132107594,0.5487244835830739,PA1730,False
PA1731_at,0.06571980789999987,0.40455321063220756,0.7025312964223441,0.9219928867228585,PA1731,False
PA1732_at,0.21520188755000014,1.322586952745277,0.24323532627369387,0.6391442546638224,PA1732,False
PA1733_at,0.23273730564999973,1.4871306858865763,0.19713429478485922,0.5866190389806276,PA1733,False
PA1734_at,0.4080708582499999,2.583147893072369,0.04924387571437981,0.28636846552291045,PA1734,False
PA1735_at,-0.05476781700000011,-0.35415796543149486,0.7376664269062424,0.9306492976699215,PA1735,False
PA1736_at,0.2939610393999992,1.7323107582707291,0.14376263372827489,0.4992252873891599,PA1736,False
PA1737_at,0.20057109514999905,1.156595917998802,0.29969096703552267,0.6948549099851672,PA1737,False
PA1738_at,0.18397733309999964,0.9037177089207037,0.4075753505745315,0.7792077297917288,PA1738,False
PA1739_at,0.004786944200000143,0.030867652955877227,0.9765693297122511,0.9950099926325614,PA1739,False
PA1740_at,0.08124921429999965,0.5121757974581398,0.6303414500616749,0.8884554059058952,PA1740,False
PA1741_at,0.10025875829999986,0.6417769210799038,0.5492788292962877,0.8591695958644564,PA1741,False
PA1742_at,1.97180852265,8.835615660231475,0.00030852458002293643,0.01544968072849257,PA1742,True
PA1743_at,0.014593452149999742,0.08764742879231648,0.9335589489930637,0.9854605404901673,PA1743,False
PA1744_at,-0.032290314049999935,-0.1705426515060167,0.871269685720513,0.9708999186200188,PA1744,False
PA1745_at,0.1012175555999999,0.39983731270528006,0.70578549633399,0.9219928867228585,PA1745,False
PA1746_at,3.8157972793999995,16.844027930111782,1.348378985787655e-05,0.0037321889738165344,PA1746,True
PA1747_at,1.2395942804,2.7454612648789745,0.04052813183387875,0.25696218651340297,PA1747,False
PA1748_at,-0.010944208850000692,-0.06566606071978777,0.9501883985436607,0.988617529154029,PA1748,False
PA1749_at,0.4469348991000004,2.669348795157262,0.04438316029816351,0.2714698547052682,PA1749,False
PA1750_at,-1.3047210959999997,-5.905167652884488,0.0019823327451642617,0.04419700961377593,PA1750,True
PA1751_at,-0.08272426514999953,-0.5270219244771066,0.6207152092639096,0.8848461423413349,PA1751,False
PA1752_at,-0.3184464615499989,-1.7816575362627318,0.13490661440424592,0.48447854324795087,PA1752,False
PA1753_at,0.3315189842999997,1.9228737529829294,0.11251335802988041,0.4445883565681383,PA1753,False
PA1754_cysB_at,0.8986360138500009,2.977576573721172,0.030886061076891763,0.22153433577937554,PA1754,False
PA1755_at,0.4033198887499996,2.1658447008039623,0.0825751291127132,0.3721571286044639,PA1755,False
PA1756_cysH_at,-0.7353800313000001,-4.7718901923128145,0.005006421983866552,0.07714083716502232,PA1756,False
PA1757_thrH_at,-0.9206439214500008,-5.917104610443142,0.001964554219766054,0.04396717162563876,PA1757,False
PA1758_pabB_at,-0.08679430860000004,-0.48352054221277585,0.6491572481243394,0.8987766428343772,PA1758,False
PA1759_at,0.2961502132000007,1.7127133845076585,0.14744044827865674,0.5061381276237222,PA1759,False
PA1760_at,0.15306222919999968,0.896349827608296,0.4111404740556067,0.7819439322145253,PA1760,False
PA1761_at,0.5298178023000002,2.5432951125848686,0.05168603199611492,0.2936524945261896,PA1761,False
PA1762_at,0.15248562739999905,0.9561206330005918,0.3829211984045458,0.7609298358572439,PA1762,False
PA1763_at,0.15169940199999976,0.9756368595118478,0.37405238225242365,0.753481287453034,PA1763,False
PA1764_at,-0.03225382179999947,-0.2061583135372888,0.8447988585072786,0.9650956058711717,PA1764,False
PA1765_at,-0.09211117610000041,-0.5581745742005093,0.6007945184237256,0.8796707799607085,PA1765,False
PA1766_at,-0.6032059846499997,-1.7572730625071247,0.13921159002087719,0.4900714227648822,PA1766,False
PA1767_at,-0.3672661899000005,-1.331733638572118,0.24042706200743127,0.635804725939017,PA1767,False
PA1768_at,-1.2578397254999993,-6.050977299235543,0.0017774889646956073,0.04151706367539025,PA1768,True
PA1769_at,0.06488581784999958,0.40442867682033146,0.7026171384782273,0.9219928867228585,PA1769,False
PA1770_ppsA_at,-1.5393629032999998,-8.908963551081944,0.00029665984905602244,0.01544968072849257,PA1770,True
PA1771_at,-0.16576330619999968,-1.0546600207209298,0.3398541363770715,0.7311335697059368,PA1771,False
PA1772_at,0.19368250029999956,0.7633695961948407,0.47969221358508046,0.8236488824859346,PA1772,False
PA1773_at,0.08451619710000013,0.5105547836776455,0.6313976185062973,0.8886253221601184,PA1773,False
PA1774_at,-0.8139405466999996,-4.232882554012121,0.008225501709150285,0.10411893131195393,PA1774,False
PA1775_at,-1.0033664581999995,-4.125181966486849,0.009127706741378177,0.10995794432091813,PA1775,False
PA1776_at,-0.8862524355000003,-4.1976934805037125,0.008508445807048931,0.10655470642614895,PA1776,False
PA1777_oprF_at,-1.1179505379000005,-2.191844046302693,0.07991074585980273,0.3654659286175594,PA1777,False
PA1778_cobA_at,0.12070480314999976,0.7455126834672602,0.4895030268241743,0.8284956709012509,PA1778,False
PA1779_at,-0.0820822896500002,-0.5303283079572342,0.618582904765318,0.8840952051428437,PA1779,False
PA1780_nirD_at,-0.06345444849999993,-0.4014516820264653,0.7046706953826708,0.9219928867228585,PA1780,False
PA1781_nirB_at,0.4461234858999994,2.262481589409772,0.07312401754991059,0.34850847554556574,PA1781,False
PA1782_at,0.12211469525000052,0.763947083812587,0.47937731331072225,0.8233483706293875,PA1782,False
PA1783_nasA_at,-0.05982311280000019,-0.3809956514846819,0.7188578052612623,0.924053348898532,PA1783,False
PA1784_at,0.3396659251499994,1.936862967650788,0.11051410581088321,0.44011233207229944,PA1784,False
PA1785_at,0.09925720729999998,0.4993095383450917,0.6387517912910813,0.8938880274701152,PA1785,False
PA1786_at,0.31262089305000007,1.9902533617614848,0.10321658106317452,0.42514541367238995,PA1786,False
PA1787_acnB_at,-1.5281876955500007,-5.237540055546795,0.003360679772724416,0.06012450195214563,PA1787,False
PA1788_at,0.0026861286999997347,0.01745203573477987,0.9867509880180064,0.9971600046663187,PA1788,False
PA1789_at,3.427030352700001,14.629330162095158,2.6957641497242567e-05,0.005508537057992093,PA1789,True
PA1790_at,-0.038876881600000246,-0.2505459619361443,0.8121348246199508,0.9573464196762103,PA1790,False
PA1791_at,-0.594884400949999,-3.565470450587961,0.01612083077898496,0.15403767851478162,PA1791,False
PA1792_at,-0.42000289264999946,-2.253507885589345,0.0739509545576444,0.3510284826824959,PA1792,False
PA1793_ppiB_at,-1.2835770380999998,-5.6682178829027965,0.0023776740741416756,0.04980423345337332,PA1793,True
PA1794_glnS_at,-0.9691526737,-5.12880012707452,0.00367979113777217,0.06446205546704462,PA1794,False
PA1795_cysS_at,-1.0721781511000001,-4.273990002232111,0.007908641736734402,0.1016381337607395,PA1795,False
PA1796_folD_at,-0.6843144395999996,-4.180124802693988,0.00865391021396358,0.10700847869049113,PA1796,False
PA1797_at,-0.06141933084999973,-0.3577894482766804,0.7351087862080313,0.9305276192227117,PA1797,False
PA1798_at,-0.3882888913500002,-2.1864162171453274,0.08045933611691766,0.3674039196153432,PA1798,False
PA1799_at,-0.35541662274999997,-1.790339001614212,0.13340675431781138,0.48232933409990036,PA1799,False
PA1800_tig_at,-2.1883621898999994,-11.642440128863566,8.210195568685054e-05,0.008324877483478025,PA1800,True
PA1801_clpP_at,-0.7780919051000001,-2.7429675389957024,0.040648412401166664,0.25696218651340297,PA1801,False
PA1802_clpX_at,0.5195895116000004,1.8592977610096229,0.12208091395132181,0.46358165794865985,PA1802,False
PA1803_lon_at,0.8649363576999995,4.812840643697738,0.00482874054613111,0.07599456378215966,PA1803,False
PA1804_hupB_at,-0.9794680105499998,-5.86436694644595,0.0020445456772361214,0.044903715881387356,PA1804,False
PA1805_ppiD_at,-0.7840141447000004,-3.81343580266759,0.012456282651676077,0.1337913862915427,PA1805,False
PA1806_fabI_at,-0.33831710455000064,-1.9539467337286078,0.10812244091323091,0.4345897261814231,PA1806,False
PA1807_at,0.06431621180000047,0.3107215189429891,0.7685480916228807,0.9421101861479049,PA1807,False
PA1808_at,-0.13538605560000017,-0.812457601133458,0.45345923465670374,0.8086256056215789,PA1808,False
PA1809_at,-0.11307058284999982,-0.6493599488807449,0.5447509209680843,0.8559540632189387,PA1809,False
PA1810_at,0.08483690004999911,0.4430383979055155,0.6762494638449927,0.9103395166461579,PA1810,False
PA1811_at,-0.04046817675000014,-0.23747931803541106,0.8217089904006544,0.9584142186550254,PA1811,False
PA1812_mltD_at,-1.7466945015499995,-10.149024332665991,0.00015923415741215827,0.010943521895038158,PA1812,True
PA1813_at,0.16871649649999965,1.0322299917566695,0.34928425714151307,0.7364996213014565,PA1813,False
PA1814_at,0.09898527589999961,0.5292354714340971,0.6192872121651282,0.8840952051428437,PA1814,False
PA1815_rnhA_at,-0.6283009054499997,-2.7460483618026803,0.040499871495114116,0.25696218651340297,PA1815,False
PA1816_dnaQ_at,-0.38179469405000077,-2.4121170784550094,0.06070516363084139,0.3182310434552168,PA1816,False
PA1817_at,0.21331868924999942,1.3729969771139054,0.22812951657853114,0.624055788774202,PA1817,False
PA1818_at,0.22585415159999922,1.4324435725789317,0.21144874929673776,0.6063054216357986,PA1818,False
PA1819_at,0.2505304739500005,1.285065346837,0.25507559706842786,0.6529279916917288,PA1819,False
PA1820_nhaB_at,0.031780441199999565,0.1950942517263557,0.8529991543749892,0.966086785193609,PA1820,False
PA1821_at,-0.5245916341000001,-1.2372304674231254,0.2709354701880974,0.6683680542863123,PA1821,False
PA1822_at,-0.40895333520000055,-2.5047010218545513,0.05417774446655336,0.2977499569842512,PA1822,False
PA1823_at,-0.3704202361500002,-1.3308469411848256,0.24069797774517598,0.635804725939017,PA1823,False
PA1824_at,0.09381012034999969,0.5937777163835628,0.5785029688340801,0.8696759855192071,PA1824,False
PA1825_at,0.052750425499999753,0.3339888376437196,0.7519407235570374,0.9372423521063139,PA1825,False
PA1826_at,-0.15576215244999858,-0.912288941980284,0.40345866114063156,0.7766991102081169,PA1826,False
PA1827_at,0.2605139629000002,1.532317512338703,0.18601522099718173,0.5700011011387552,PA1827,False
PA1828_at,0.3661390642000004,2.0908981282923786,0.09079625061422329,0.3918084538968609,PA1828,False
PA1829_at,-0.012748641299999974,-0.07571464205596651,0.9425822474534091,0.9870191639405336,PA1829,False
PA1830_at,-0.2266329744500002,-0.6991656701723715,0.515627614961183,0.8433850004784389,PA1830,False
PA1831_at,0.06201370094999881,0.3773687625767982,0.7213868759228735,0.9259533203230619,PA1831,False
PA1832_at,-0.26686528129999987,-1.5105842084588903,0.191285100948025,0.5767951353381533,PA1832,False
PA1833_at,-0.027201599549999678,-0.14831360038060792,0.8878911066799876,0.9740238042683056,PA1833,False
PA1834_at,0.2560728597999997,1.5246286867677956,0.1878632824570853,0.5709731196876634,PA1834,False
PA1835_at,-0.044495077399999694,-0.24559816922328756,0.8157558947264418,0.9574355326739455,PA1835,False
PA1836_at,0.2635208475000006,1.3649147317582966,0.2304909240071156,0.6272166337059096,PA1836,False
PA1837_at,-1.8582347122999998,-6.9165404581064935,0.0009687216277293459,0.029633006567593562,PA1837,True
PA1838_cysI_at,-2.0830723284499992,-11.603478585884488,8.344678415310966e-05,0.008324877483478025,PA1838,True
PA1839_at,0.1595046933000006,0.8624415510023565,0.42786294514822704,0.7917035111986916,PA1839,False
PA1840_at,-0.5864198302999997,-3.040348415549778,0.028739324554939983,0.21224550104187795,PA1840,False
PA1841_at,-0.0842995572999996,-0.4870012692953115,0.6468554108196357,0.8972848369689418,PA1841,False
PA1842_at,-0.20403405985000056,-0.6279005055941176,0.5576279324901902,0.8623746743660692,PA1842,False
PA1843_metH_at,-0.5076451803000008,-2.4077634352497372,0.06103243949538842,0.31932172343987225,PA1843,False
PA1844_at,0.007709604449999574,0.03758355627722207,0.9714741194608659,0.9940985203938076,PA1844,False
PA1845_at,-0.18928396044999962,-1.1660601504190968,0.2961809481978562,0.6914431063584522,PA1845,False
PA1846_cti_at,0.1517725613500005,0.939108801072848,0.3907901636378355,0.7641830243097341,PA1846,False
PA1847_at,2.271216867049999,10.64869978665302,0.00012636806056840643,0.009912673903144136,PA1847,True
PA1848_at,0.1953052901000003,1.1587144573691006,0.2989020911735809,0.6947669087376258,PA1848,False
PA1849_at,0.2516723358499995,1.5908527173516456,0.1725160337701721,0.5487244835830739,PA1849,False
PA1850_at,-0.04387578360000077,-0.28332806046534603,0.788281783614347,0.95049202662675,PA1850,False
PA1851_at,0.020174462700000007,0.12787373916190437,0.9032328009423559,0.9774235342072395,PA1851,False
PA1852_at,-0.628783180100001,-3.443974731594081,0.01835649119180468,0.16473860542538213,PA1852,False
PA1853_at,-0.029933809050000093,-0.14602220535372099,0.8896083515425294,0.9742452680640888,PA1853,False
PA1854_at,0.14802928840000007,0.8107191354059503,0.45436976743531304,0.8095515681420435,PA1854,False
PA1855_r_at,0.6350891047500005,3.7714331623364776,0.013003759647571557,0.13570944908795424,PA1855,False
PA1856_at,0.5510888654999997,2.092690518499611,0.09058985102244511,0.3918084538968609,PA1856,False
PA1857_at,-0.5295929789999998,-3.4295698123937317,0.018644217091810366,0.1665248282282182,PA1857,False
PA1858_str_at,-0.06108220359999983,-0.3748339770043234,0.7231568119481746,0.9261683535206953,PA1858,False
PA1859_at,0.007339885749999997,0.04703695312370482,0.9643047094403018,0.9921163292720881,PA1859,False
PA1860_at,0.2851001824499999,1.7885226606612608,0.1337191478828313,0.48256953061823726,PA1860,False
PA1861_modC_at,0.030198483450000424,0.1833073567056327,0.8617583822865545,0.968743750798087,PA1861,False
PA1862_modB_at,-0.048612743349999654,-0.18232505496202547,0.8624894015023866,0.968743750798087,PA1862,False
PA1863_modA_at,0.3314393076000002,1.8306897168329082,0.12665524188561683,0.47004587247083274,PA1863,False
PA1864_at,0.2993605987999999,1.8281533498379903,0.1270691736480386,0.4705201128074518,PA1864,False
PA1865_at,0.03778931355000026,0.24426125421383812,0.8167352234887988,0.9574709315240111,PA1865,False
PA1866_at,0.1378980504499996,0.6920777718054387,0.5197063449011375,0.845025288974612,PA1866,False
PA1867_at,-0.11370301994999998,-0.6824884510819791,0.5252594721407662,0.8472669917842011,PA1867,False
PA1868_xqhA_at,0.09414631244999949,0.39327874730527695,0.7103230877940471,0.9233164875819249,PA1868,False
PA1869_at,0.30110889309999944,1.590325453440265,0.17263323213503085,0.5487244835830739,PA1869,False
PA1870_at,0.15530685379999998,0.9499583773792415,0.385756697948423,0.7627205968461171,PA1870,False
PA1871_lasA_at,0.11579577904999994,0.6943247092500967,0.5184109635968386,0.8433850004784389,PA1871,False
PA1872_at,0.12393035539999975,0.7983341909210604,0.46089586570015406,0.8134629494571259,PA1872,False
PA1873_at,0.41650886510000085,2.0813590109583817,0.09190308044459254,0.39455983333105155,PA1873,False
PA1874_at,0.11819582809999929,0.7303096871550117,0.49796773299283426,0.8332808863978363,PA1874,False
PA1875_at,-0.028668805249999707,-0.1801134371839147,0.8641358356287838,0.968743750798087,PA1875,False
PA1876_at,0.3591842943500003,2.012016429916335,0.10038764016562252,0.41811391029239886,PA1876,False
PA1877_at,0.16508088615000016,1.008554975767172,0.3594748193464471,0.7434535441578312,PA1877,False
PA1878_at,0.026181963099999983,0.16874936371814156,0.8726079316825228,0.9710349744482906,PA1878,False
PA1879_at,0.11495700595000002,0.6280162267620657,0.5575579686356569,0.8623746743660692,PA1879,False
PA1880_at,-0.050339561850000436,-0.2865275964644575,0.7859672369317812,0.9493542287257262,PA1880,False
PA1881_at,0.15212737864999992,0.7114520471647423,0.5086096611301681,0.8396115843060096,PA1881,False
PA1882_at,0.01913315804999982,0.11890337887674572,0.9099813569425288,0.9779955293250645,PA1882,False
PA1883_at,0.04272287249999884,0.27644638731746757,0.7932683603234583,0.9519062014148348,PA1883,False
PA1884_at,0.11559776050000004,0.7288200149031281,0.4988026738039707,0.8336037870556988,PA1884,False
PA1885_at,-0.16788020750000054,-0.915172003387978,0.40208136676174394,0.7760005115100056,PA1885,False
PA1886_polB_at,-0.003564459450000168,-0.019337874704036313,0.9853195247370959,0.9970322577668501,PA1886,False
PA1887_at,0.04088815975000015,0.2542123915185928,0.8094549512448453,0.9565251642295042,PA1887,False
PA1888_at,0.01879439504999958,0.11812399584029107,0.9105681162560479,0.9779955293250645,PA1888,False
PA1889_at,0.11641487119999994,0.7551582010001673,0.48418597236951066,0.8267823131322716,PA1889,False
PA1890_at,0.1341044738000008,0.840275997297592,0.439074579791157,0.7993792071298329,PA1890,False
PA1891_at,0.1802358839500009,0.8845563812889663,0.4168978586282571,0.7854818184473107,PA1891,False
PA1892_at,0.12276587545000073,0.7869186951383699,0.46697227037286687,0.81641282802254,PA1892,False
PA1893_at,-0.02621684520000045,-0.14399557472191676,0.8911277460864384,0.9745229179117672,PA1893,False
PA1894_at,-0.943475446299999,-4.189524905297417,0.008575725380423534,0.10678460073023766,PA1894,False
PA1895_at,-0.3810550149999994,-2.4109396991808554,0.06079348264394064,0.31835448295572477,PA1895,False
PA1896_at,-0.25289349129999916,-1.6440078154350932,0.1610952849587947,0.5306206699767091,PA1896,False
PA1897_at,-0.6555010102500001,-3.830624768083423,0.012239892526343603,0.13194873152025355,PA1897,False
PA1898_at,0.18948522684999958,1.1526080658556177,0.3011808867902556,0.6962885701678887,PA1898,False
PA1901_s_at,0.16593508180000072,1.044273685234702,0.34419376633368737,0.7340306190724941,PA1901,False
PA1902_s_at,-0.049807487099999825,-0.2444726022963187,0.8165803796384138,0.9574709315240111,PA1902,False
PA1903_s_at,0.22805150230000049,1.2450078923619614,0.2682973032676458,0.6660143782869115,PA1903,False
PA1904_s_at,0.08599315334999957,0.5477386335924892,0.6074252464220253,0.8816252712378155,PA1904,False
PA1905_s_at,0.34501584859999923,2.1681585339129286,0.0823342261047528,0.37203787879592376,PA1905,False
PA1906_at,0.1535555701999991,0.6184299385310825,0.5633728704692326,0.8642201500083145,PA1906,False
PA1907_at,0.15855229669999948,1.0321050140070618,0.34933741099106,0.7364996213014565,PA1907,False
PA1908_at,0.2954108148500003,1.7729854033893258,0.1364219596542324,0.4859708867868193,PA1908,False
PA1909_at,-0.03422451749999933,-0.21558763735570424,0.8378276724260616,0.9631745468554295,PA1909,False
PA1910_at,0.036913365049999314,0.23147789597505491,0.8261182833026175,0.9600261037550258,PA1910,False
PA1911_at,0.321938909,1.1279950425834135,0.31052126567382,0.7045853004950737,PA1911,False
PA1912_at,-0.34803335664999935,-1.981884176316588,0.10432651081849044,0.42759875393998187,PA1912,False
PA1913_at,0.08875149490000034,0.5716689438374014,0.5922850759574426,0.8766293557209281,PA1913,False
PA1914_at,0.17568026350000032,1.1238893526714013,0.3121037013362125,0.7057690776847838,PA1914,False
PA1915_at,0.3804337010500003,2.2951602618048486,0.07019539088570528,0.3408993983112717,PA1915,False
PA1916_at,-0.33748407434999983,-1.6132974140090033,0.16759914934889666,0.5417290461656264,PA1916,False
PA1917_at,0.09405669294999974,0.4899983932167958,0.6448769623092308,0.8962800000359226,PA1917,False
PA1918_at,0.08713180379999974,0.475347384603205,0.6545796714164309,0.9021158247267792,PA1918,False
PA1919_at,0.0490059267999996,0.2717272614332616,0.7966944217172033,0.9535061745074133,PA1919,False
PA1920_at,0.3381008176999991,1.5401337572744316,0.18415466859802315,0.5676963566577992,PA1920,False
PA1921_at,0.34542773585,2.1394355642154985,0.08537829967487026,0.37955941985369057,PA1921,False
PA1922_at,-0.07624920095000043,-0.4160832522222709,0.6946054776076364,0.9177211764755437,PA1922,False
PA1923_at,0.2250008165999997,1.4206402318875557,0.2146660028708468,0.6088040778792285,PA1923,False
PA1924_at,0.14947886369999974,0.6620274917274684,0.5372419338695907,0.8510577059403533,PA1924,False
PA1925_at,0.11610022740000003,0.708734830913651,0.5101560106866211,0.8401295336492713,PA1925,False
PA1926_at,-0.1507545732000004,-0.9493042182110555,0.3860586958491659,0.7627205968461171,PA1926,False
PA1927_metE_at,-0.37736220320000013,-2.4119745909207566,0.0607158446823324,0.3182310434552168,PA1927,False
PA1928_rimJ_at,0.18404813345000015,0.7346070766920737,0.4955646226950646,0.8314975396759265,PA1928,False
PA1929_i_at,0.0899021268000002,0.5640105455619753,0.5971054239374851,0.8790144020779169,PA1929,False
PA1930_at,-0.04108465220000035,-0.26702741452403816,0.800111654113215,0.9547965555015031,PA1930,False
PA1931_at,0.06068750829999914,0.39319764233864485,0.7103792866193827,0.9233164875819249,PA1931,False
PA1932_at,0.03870572835000097,0.24652720098049422,0.8150755765712802,0.9574355326739455,PA1932,False
PA1933_at,-0.03697774905000095,-0.18809457099832672,0.8581980449141073,0.968096620274794,PA1933,False
PA1934_at,0.11024527005000095,0.6540592767300737,0.5419572441515825,0.8536152900926451,PA1934,False
PA1935_at,-0.1976674861500003,-1.282254189813527,0.2559836866884204,0.6540263974369792,PA1935,False
PA1936_at,-0.07694156365000016,-0.49404986130352635,0.6422078108610946,0.8957177877796154,PA1936,False
PA1939_at,-0.0889479623499998,-0.5326564962835909,0.6170839887635411,0.8840461541097148,PA1939,False
PA1940_at,-0.08265581629999907,-0.513467605944345,0.629500490117937,0.8884285919135562,PA1940,False
PA1941_at,-0.12142525129999981,-0.6964043298300246,0.5172140112936437,0.8433850004784389,PA1941,False
PA1942_at,0.14377978355000032,0.9134900629785996,0.4028844089328185,0.7764825248783791,PA1942,False
PA1943_at,0.2628852405000002,1.664236898525357,0.15694869732912575,0.5228070359248638,PA1943,False
PA1944_at,0.29994830269999984,1.5964668709387646,0.171272985993984,0.5475897857471971,PA1944,False
PA1945_at,0.24569605549999984,1.5687278707345718,0.17750169591015025,0.5544230028205597,PA1945,False
PA1946_rbsB_at,0.08557866964999983,0.47490465106925184,0.6548740943983443,0.9021158247267792,PA1946,False
PA1947_rbsA_at,0.029549637599999734,0.17347676947999813,0.8690811471844115,0.9702803940776634,PA1947,False
PA1948_rbsC_at,0.34423434730000046,1.7488724745681408,0.1407266785332704,0.4933396246854255,PA1948,False
PA1949_rbsR_at,-0.01678404325000038,-0.09800556011888703,0.925735476165677,0.9832476314923846,PA1949,False
PA1950_rbsK_at,0.1201109470499997,0.7098175481266539,0.5095394538079829,0.8398732310205803,PA1950,False
PA1951_at,0.18050052109999992,1.1177587381565226,0.31447964810632756,0.7089342048080597,PA1951,False
PA1952_at,0.021306022550000137,0.13187509847415796,0.9002254561521523,0.9768224065773544,PA1952,False
PA1953_at,0.25277308099999996,1.2917535840286567,0.2529269564808521,0.6512517997902415,PA1953,False
PA1954_at,0.2310112729,1.3334217223397684,0.2399120786003688,0.6357786141769751,PA1954,False
PA1955_at,0.23793999700000024,1.2951416969478944,0.25184485690193115,0.6493030344830341,PA1955,False
PA1956_at,0.21053391970000002,1.0358126134166632,0.3477634275709354,0.7357400557771271,PA1956,False
PA1957_at,0.04795169090000062,0.31016908745291877,0.7689441578655337,0.9422206820783563,PA1957,False
PA1958_at,-0.0962343919499995,-0.6179112627827084,0.5636885933605675,0.8644421691046412,PA1958,False
PA1959_bacA_at,-0.3092013823500004,-1.9957977198633456,0.10248806959901104,0.4233296685331782,PA1959,False
PA1960_at,-0.01637743384999979,-0.10653091040740102,0.9193033868601775,0.9806506362456895,PA1960,False
PA1961_at,0.20311749985000027,1.1300238261099735,0.3097419048914867,0.7041872739247936,PA1961,False
PA1962_at,-0.07404835110000008,-0.474215978833311,0.6553322107690296,0.9021158247267792,PA1962,False
PA1963_at,0.039484322299999874,0.17504240192421994,0.8679138947997682,0.9699834623855886,PA1963,False
PA1964_at,-0.4401362865500005,-2.743235935362296,0.040635447829760994,0.25696218651340297,PA1964,False
PA1965_at,-0.02126399064999962,-0.13802570121977956,0.895606500032893,0.9762367188243717,PA1965,False
PA1966_at,-0.1243271564999997,-0.7539438997063399,0.4848530669593768,0.8268057339639412,PA1966,False
PA1967_at,-0.7012878244999996,-4.117202890121185,0.00919897473221683,0.1099775957808453,PA1967,False
PA1968_at,-0.05180445364999997,-0.33182072434609144,0.7534820072157519,0.9379032931243915,PA1968,False
PA1969_at,-0.3068359933,-1.7878391962810374,0.13383688977757865,0.482666571123816,PA1969,False
PA1970_at,-0.1458332247999996,-0.8449597625930968,0.43668699091208124,0.7973269324804781,PA1970,False
PA1971_braZ_at,-0.11385766629999994,-0.7153065647350361,0.5064216638419224,0.8375073217461964,PA1971,False
PA1972_at,0.16696299180000018,0.8464639320371461,0.43592232835286954,0.7972939790657073,PA1972,False
PA1973_pqqF_at,-0.08964740639999924,-0.523559651311673,0.6229525796028733,0.8861041284539662,PA1973,False
PA1974_at,-0.03022856935000018,-0.18250947343018814,0.8623521471819853,0.968743750798087,PA1974,False
PA1975_at,-0.06616863814999974,-0.2460772849450046,0.8154050213425499,0.9574355326739455,PA1975,False
PA1976_at,0.10316423335000025,0.6683674552671326,0.533509707452447,0.8495240691935472,PA1976,False
PA1977_at,0.3000150411499991,1.447459961360752,0.20742206001706215,0.6017182086054351,PA1977,False
PA1978_at,0.4625126742500001,1.8403208099778467,0.12509598011932824,0.4672902652324362,PA1978,False
PA1979_at,-0.12526197339999978,-0.8037555295687063,0.4580306544239607,0.8125281591137531,PA1979,False
PA1980_at,-0.3193759310500002,-2.0457337947613436,0.09616385186318,0.4086790123225108,PA1980,False
PA1981_at,-0.08632854334999962,-0.5419562707351668,0.6111177732094141,0.8824924467886681,PA1981,False
PA1982_exaA_at,0.07728113950000015,0.47754682037289864,0.6531180761596096,0.9013488854104249,PA1982,False
PA1983_exaB_at,0.01057642705000017,0.06610696829984165,0.9498545259791965,0.988617529154029,PA1983,False
PA1984_s_at,0.3313935588000003,1.8745343371125889,0.1197141505805554,0.45940106198725145,PA1984,False
PA1985_pqqA_at,0.020121083299999842,0.13032507091624435,0.9013902050545461,0.9768224065773544,PA1985,False
PA1986_pqqB_at,0.15057362454999978,0.5135790562555566,0.6294279663721825,0.8884285919135562,PA1986,False
PA1987_pqqC_at,0.20092814815000004,1.2795511318154988,0.25685964912478315,0.6542085221758865,PA1987,False
PA1988_pqqD_at,0.1050131834000001,0.6658461826741842,0.5349918583919399,0.850254871306842,PA1988,False
PA1989_pqqE_at,0.009950931549999709,0.05662687870253777,0.9570356664231973,0.988925396370607,PA1989,False
PA1990_at,-0.13069197909999986,-0.8070627780393055,0.4562892531607889,0.810660592847692,PA1990,False
PA1991_at,-0.0012431647000008539,-0.007759580196278505,0.9941088938363648,0.9995707784437029,PA1991,False
PA1992_at,0.033277803549999874,0.1985467258490066,0.8504379829502469,0.9660270328716476,PA1992,False
PA1993_at,0.018765383750000364,0.12151661476972837,0.9080144568292462,0.9779955293250645,PA1993,False
PA1994_at,-0.14446547695000067,-0.7983807778039836,0.46087118787860737,0.8134629494571259,PA1994,False
PA1995_i_at,0.40480205069999986,1.3048549969904495,0.24876617571904835,0.646720875293352,PA1995,False
PA1996_ppiC1_at,-0.052468956249999366,-0.3130940515926482,0.7668480136612809,0.9417779876340429,PA1996,False
PA1997_at,0.07323224139999951,0.45487893444028293,0.6682650797858296,0.9086062171510926,PA1997,False
PA1998_at,0.03889857579999978,0.2513962056345705,0.8115131015687408,0.9573464196762103,PA1998,False
PA1999_at,-0.09226636529999954,-0.5911098892242685,0.5801554219706208,0.8700374971226883,PA1999,False
PA2000_at,0.11011606125000029,0.7148787276178794,0.5066642000466973,0.8375073217461964,PA2000,False
PA2001_atoB_at,0.05694452105000014,0.30859844331687236,0.7700706687198035,0.9429964703769873,PA2001,False
PA2002_at,-0.2144794280000002,-1.1276274318638,0.3106626667033132,0.7045853004950737,PA2002,False
PA2003_bdhA_at,0.16168191679999921,0.9944754402513127,0.3656514448609384,0.7476678657811348,PA2003,False
PA2004_at,0.00017633509999903652,0.0010127129214635372,0.9992311349579932,0.9995707784437029,PA2004,False
PA2005_at,-0.011375687050000138,-0.06768768298623694,0.9486576430776791,0.9885983899432593,PA2005,False
PA2006_at,0.11816448545000036,0.6828583545989726,0.5250445192944841,0.8472669917842011,PA2006,False
PA2007_maiA_i_at,0.15182801789999978,0.899356733509789,0.40968256277435483,0.7814980716445111,PA2007,False
PA2008_fahA_at,0.028724318599999688,0.18343781762171324,0.8616613063509634,0.968743750798087,PA2008,False
PA2009_hmgA_at,0.21593638279999983,1.1194862113053523,0.31380857351693603,0.7079636886625855,PA2009,False
PA2010_at,-0.13122277869999976,-0.7337062823231458,0.496067669871604,0.8318673233231513,PA2010,False
PA2011_at,-0.06527959274999962,-0.4067708568796766,0.7010034994257364,0.9219928867228585,PA2011,False
PA2012_at,-0.009019044899998718,-0.058395762380847885,0.9556953681001893,0.988925396370607,PA2012,False
PA2013_at,0.14348201384999992,0.5802354888765217,0.5869212264725315,0.8752477310243999,PA2013,False
PA2014_at,0.14066048959999922,0.8675183588070646,0.4253262329863815,0.7902886662940853,PA2014,False
PA2015_at,0.9258863757500002,5.519805805570224,0.002672566929579975,0.05296541733167587,PA2015,False
PA2016_at,1.0299863124000002,6.109766689211122,0.001702017755976598,0.04059568362982417,PA2016,True
PA2017_at,0.0347397707999999,0.2256084573396884,0.8304376482725987,0.9611923272860489,PA2017,False
PA2018_at,-0.04802530430000118,-0.289042730153562,0.7841495438441317,0.9483772246905642,PA2018,False
PA2019_at,-0.01981909155000139,-0.1251343823033799,0.9052927139732155,0.9775639373125464,PA2019,False
PA2020_at,-0.11543143305000036,-0.5984153759058873,0.5756373821899825,0.8694911453485579,PA2020,False
PA2021_at,-0.0021741613499992596,-0.014046465487330444,0.9893361562640592,0.998407704341065,PA2021,False
PA2022_at,0.17588543935,1.1227231578220356,0.31255445980753027,0.70594610530588,PA2022,False
PA2023_galU_at,-0.9422106689000005,-4.115806704531069,0.009211511165470053,0.1099775957808453,PA2023,False
PA2024_at,0.6263534133500004,3.6773574016494956,0.014333010816220682,0.14347636337461722,PA2024,False
PA2025_gor_at,0.5128619112999999,3.193842271188082,0.024160916127136087,0.19295950111848442,PA2025,False
PA2026_at,-0.16630651834999988,-1.0524506340096547,0.3407733713244143,0.731167641237817,PA2026,False
PA2027_at,-0.7802969709499994,-2.7428874233222795,0.04065228318097537,0.25696218651340297,PA2027,False
PA2028_at,-0.22810628605000005,-1.477844038465873,0.1994977154382748,0.5905908878208471,PA2028,False
PA2029_i_at,-0.1822698732500001,-1.138725529543322,0.3064184574174375,0.7019494382532838,PA2029,False
PA2030_at,-0.018005258949999714,-0.11534053830471978,0.9126641698873639,0.9783574631154648,PA2030,False
PA2031_i_at,-0.1983189951999993,-0.6820732934617317,0.5255007933368898,0.8474240190632695,PA2031,False
PA2032_at,-0.3481740021499995,-2.2487713777339273,0.07439145988812082,0.3519611617587447,PA2032,False
PA2033_at,-0.047839874899999746,-0.30461432177806835,0.7729310730229518,0.9439730807977795,PA2033,False
PA2034_at,-0.10128131125000017,-0.5571109395361965,0.6014683415455192,0.8797819727477451,PA2034,False
PA2035_at,0.3531068938000006,1.8109606771385827,0.12991166490613806,0.47576253686413633,PA2035,False
PA2036_at,-0.052755362150000096,-0.3045013031288882,0.7730122747953274,0.9439730807977795,PA2036,False
PA2037_at,0.09402483625000002,0.5364565730983116,0.6146419865790709,0.8840461541097148,PA2037,False
PA2038_at,0.20175928095000017,1.1757289152298929,0.2926326147730775,0.6871795196199438,PA2038,False
PA2039_at,-0.16457153599999996,-1.0640617093636313,0.3359659394563575,0.727823157762282,PA2039,False
PA2041_at,0.18449964799999963,1.0881362922314624,0.32618183564931064,0.7203613636523964,PA2041,False
PA2042_at,-0.6359631160999992,-3.084390901278773,0.027332945943865188,0.20866630327573346,PA2042,False
PA2043_at,-0.2359063451499992,-1.4576290453501959,0.20473690079222387,0.5992448523436249,PA2043,False
PA2044_at,-0.23980644715000032,-1.5285502647101645,0.1869184851605297,0.5708069423484791,PA2044,False
PA2045_at,-0.10363148959999968,-0.6635324940246262,0.5363543949471083,0.8507092343461815,PA2045,False
PA2046_at,0.05755950635000051,0.37436681180623277,0.7234832287415013,0.9261683535206953,PA2046,False
PA2047_at,0.03658764184999974,0.2193796809974598,0.8350288859197721,0.9623839965013165,PA2047,False
PA2048_at,0.15199609375000023,0.8986641927185972,0.4100179836544084,0.7814980716445111,PA2048,False
PA2049_at,-0.051206758950000264,-0.32989350485372515,0.7548531362579999,0.939044379683113,PA2049,False
PA2050_at,0.16907579260000016,1.0529082454986918,0.3405828054558585,0.731167641237817,PA2050,False
PA2051_at,-0.12264628005000056,-0.6846467635632981,0.5240061062764471,0.8465240076447071,PA2051,False
PA2052_cynS_at,-0.05637331605000018,-0.36525147869074515,0.7298655330342562,0.928012469204916,PA2052,False
PA2053_cynT_at,0.2665088848999999,1.439655956278283,0.20950550886110633,0.6045507749273665,PA2053,False
PA2054_cynR_at,0.45007701644999987,2.3507842082635135,0.06549630219003069,0.32921540110206715,PA2054,False
PA2055_at,0.16238604095000042,0.9398980125116876,0.39042225115605145,0.7640318039346785,PA2055,False
PA2056_at,-0.2490740471499997,-1.201530321606175,0.28334777207629175,0.6794816525195073,PA2056,False
PA2057_at,0.14441301069999923,0.8615866684898964,0.428291245420433,0.7922445853377337,PA2057,False
PA2058_at,0.11434958070000034,0.7207246974257887,0.5033571772983757,0.8363812241303636,PA2058,False
PA2059_at,-0.15227833525000012,-0.9086523601111614,0.405201249295999,0.7777328801852093,PA2059,False
PA2060_at,-0.08686806135000058,-0.45687507917250025,0.6669238691796394,0.9074571680385142,PA2060,False
PA2061_at,0.012843727549999961,0.08086975100374659,0.9386827839489338,0.9864272489053094,PA2061,False
PA2062_at,-0.22254718785000005,-1.0644327078894082,0.3358132857210958,0.727823157762282,PA2062,False
PA2063_at,0.006632809200000089,0.0362511320931683,0.972484886874805,0.9940985203938076,PA2063,False
PA2064_pcoB_at,0.25387460399999995,1.4988248923928154,0.19419653632975417,0.5817001592045461,PA2064,False
PA2065_pcoA_at,-0.1742811136500002,-1.0522336908494672,0.34086374576224426,0.731167641237817,PA2065,False
PA2066_at,0.14771818509999957,0.8587032993952693,0.4297382590392198,0.7936741112974106,PA2066,False
PA2067_at,0.03642382454999904,0.2370676301314352,0.8220112247379178,0.9584142186550254,PA2067,False
PA2068_at,0.11295380779999942,0.6170621446397464,0.5642057032346828,0.8644421691046412,PA2068,False
PA2069_at,-0.1413190037500005,-0.7193765313979636,0.5041184854797134,0.8363812241303636,PA2069,False
PA2070_at,0.2530243689999998,1.6331306335799103,0.16336973839852884,0.5345159978953534,PA2070,False
PA2071_fusA2_at,-0.08578457574999998,-0.45315265748191175,0.6694260984092052,0.9089370277362356,PA2071,False
PA2072_at,0.1746015621999999,1.0776340242706766,0.33041968063499133,0.7234696658487291,PA2072,False
PA2073_at,-0.004262999100000275,-0.027359558049709683,0.9792313666274562,0.9953535143593676,PA2073,False
PA2074_at,0.2951489898500004,1.8571134947042023,0.12242412246949051,0.4639976721541669,PA2074,False
PA2075_at,0.1290471631500001,0.7892168728873169,0.4657442518103775,0.81641282802254,PA2075,False
PA2076_at,-0.007925475700000018,-0.03963967944522646,0.9699144791071104,0.9940652314164115,PA2076,False
PA2077_at,-0.14960382690000085,-0.8366484842791319,0.4409305388984388,0.8001689940156543,PA2077,False
PA2078_at,-0.03321088185000054,-0.17913794859425203,0.8648622851307223,0.9690804131504724,PA2078,False
PA2079_at,0.11569813040000021,0.7531857170201066,0.48526991985751117,0.8268480491625232,PA2079,False
PA2080_at,0.18036311175000108,1.1292620947776169,0.3100343252032104,0.7043080039158999,PA2080,False
PA2081_at,0.09427376025000012,0.59756528203783,0.576161986343819,0.8694911453485579,PA2081,False
PA2082_at,0.04668225825000061,0.29983298208874665,0.776369240027721,0.9457179939576089,PA2082,False
PA2083_at,0.1852332969499999,1.01928818294053,0.3548245681524172,0.7408646357378956,PA2083,False
PA2084_at,-0.1172254573,-0.7580152027592054,0.4826190336401708,0.8262640000017584,PA2084,False
PA2085_at,0.030218952599999405,0.1320699523192449,0.9000790557329709,0.9768224065773544,PA2085,False
PA2086_at,0.21777727185000018,1.3316941469904036,0.24043912197997777,0.635804725939017,PA2086,False
PA2087_at,0.1674295991000001,1.0496829090222406,0.3419278742969391,0.7323826303172429,PA2087,False
PA2088_at,-0.048521671799999666,-0.2879955196768794,0.7849061765973662,0.9484618672658792,PA2088,False
PA2089_at,0.03230458754999965,0.20577647674566032,0.845081498700831,0.9651047150471657,PA2089,False
PA2090_at,-0.044196638800000354,-0.22559780343106722,0.8304454947974657,0.9611923272860489,PA2090,False
PA2091_at,0.15371358024999981,0.9078655705559987,0.4055790470301812,0.7781089539829356,PA2091,False
PA2092_at,0.11852664524999934,0.6265775450929381,0.558428182855235,0.8624792139296544,PA2092,False
PA2093_at,0.08801615939999952,0.5249985139136791,0.6220222041571117,0.885851123558858,PA2093,False
PA2094_at,0.17493845315000023,0.7880541825994163,0.4663652322199598,0.81641282802254,PA2094,False
PA2095_at,-0.07843126900000019,-0.4717870745490436,0.6569493295145421,0.90282599895461,PA2095,False
PA2096_at,0.0766747742499998,0.3605057714938963,0.7331982274852714,0.9295220595054161,PA2096,False
PA2097_at,-0.07270867299999928,-0.4436531753329096,0.67583370158239,0.9103325403858161,PA2097,False
PA2098_at,0.2625123226000001,1.3251357208889813,0.2424497478801658,0.6382196851621895,PA2098,False
PA2099_at,0.1726609243999997,1.1234581508166832,0.3122703038629867,0.7057690776847838,PA2099,False
PA2100_at,0.9625962108000001,5.799904470388162,0.0021475830914950205,0.04648365252248498,PA2100,False
PA2101_at,0.16297255470000005,0.9618493643521925,0.3803003380028598,0.7582704422158106,PA2101,False
PA2102_at,0.6025823198000007,3.461507582244936,0.018013071642993782,0.1638506947868112,PA2102,False
PA2103_at,0.3749527946000004,1.8546910218727692,0.12280591787410447,0.4644804206093839,PA2103,False
PA2104_at,0.264616921,1.3536839939893042,0.23381026057829427,0.6306106896114232,PA2104,False
PA2105_at,0.24100391434999935,1.115501696074083,0.31535832179547474,0.7099793475059769,PA2105,False
PA2106_at,-0.025293217799999823,-0.15992149303570954,0.8792027065272803,0.9713567895581238,PA2106,False
PA2107_at,0.06888765744999947,0.3612247069779599,0.732692921010106,0.9293333587599125,PA2107,False
PA2108_at,0.0868723862499996,0.35078090874362755,0.7400483348999053,0.9316038727402709,PA2108,False
PA2109_at,0.16176688559999963,1.0518456391810982,0.3410254513426711,0.7312480169773997,PA2109,False
PA2110_at,0.1222134507499999,0.6313332546892125,0.5555549328627813,0.8617983449997144,PA2110,False
PA2111_at,0.07654301435000033,0.4936079841319495,0.642498628285133,0.8957177877796154,PA2111,False
PA2112_at,-0.2871661580999998,-1.2637772546713402,0.2620262778465785,0.661641643674372,PA2112,False
PA2113_at,-0.08311824405000046,-0.5330333990657862,0.616841532401201,0.8840461541097148,PA2113,False
PA2114_at,0.039268943999999806,0.20767117749239475,0.8436792790512962,0.9650956058711717,PA2114,False
PA2115_at,0.2436332207999996,1.4546608460125119,0.20551720079307978,0.5995418187477776,PA2115,False
PA2116_at,-0.07414534454999977,-0.477649566452648,0.653049841118097,0.9013488854104249,PA2116,False
PA2117_at,-0.08548207855000012,-0.5520293260263527,0.604693814571671,0.880525985050829,PA2117,False
PA2118_ada_at,0.22829670730000018,1.0836005411178296,0.3280063422823705,0.7224162151701589,PA2118,False
PA2119_at,2.0041319061000014,8.846152171925883,0.00030678594278606906,0.01544968072849257,PA2119,True
PA2120_at,0.04275656959999985,0.27533830565697914,0.7940723506902142,0.9519062014148348,PA2120,False
PA2121_at,0.26267216645000024,0.9863474432416806,0.3692568570519546,0.7504992612596011,PA2121,False
PA2122_at,0.3291341930500007,1.8595767806358237,0.12203714344920315,0.46358165794865985,PA2122,False
PA2123_at,0.13223411895000003,0.7992350588798853,0.46041883465148437,0.8134629494571259,PA2123,False
PA2124_at,0.24957470584999975,1.4204216993282524,0.21472600504201128,0.6088040778792285,PA2124,False
PA2125_at,-0.022558795800000198,-0.14293124371826907,0.8919259032694321,0.9745453622877069,PA2125,False
PA2126_at,1.443896306900001,6.413715114070249,0.001367119609206491,0.035605601857475244,PA2126,True
PA2127_at,2.6007697966,14.188514685120392,3.1316897842395384e-05,0.005817180082025807,PA2127,True
PA2128_at,0.04676519180000005,0.3034791906559883,0.7737467927736982,0.9444021952716097,PA2128,False
PA2129_at,0.04330351175000047,0.25765778264065775,0.8069393343831974,0.9551490518682015,PA2129,False
PA2130_at,0.27267035059999944,1.3768913107252534,0.22699982341271557,0.6240332480876686,PA2130,False
PA2131_at,0.014545793399999951,0.09213918791442953,0.9301652297608466,0.9847818379182003,PA2131,False
PA2132_at,0.25702923749999984,1.5944914866411073,0.17170935329254747,0.5484239373222701,PA2132,False
PA2133_at,0.19452301169999942,1.077996948250063,0.3302724525050473,0.7234696658487291,PA2133,False
PA2134_at,0.11575914164999901,0.6740871379288524,0.5301575413380563,0.8495240691935472,PA2134,False
PA2135_at,-0.03133105000000125,-0.18414514806708318,0.861135030195261,0.968743750798087,PA2135,False
PA2136_at,-0.0687868190500005,-0.37801650802334835,0.7209348983491427,0.9259050429157873,PA2136,False
PA2137_at,0.021263567250000115,0.12299669219224761,0.9069007797240393,0.9779955293250645,PA2137,False
PA2138_at,0.03433505369999956,0.21917761248540507,0.8351779568686246,0.9623839965013165,PA2138,False
PA2139_r_at,-0.03238848059999988,-0.15148766217512208,0.8855135168848698,0.9734987698676052,PA2139,False
PA2140_at,0.13586137485000016,0.7190806695863969,0.5042856658927604,0.8363812241303636,PA2140,False
PA2141_at,0.14603297604999987,0.9398315531785674,0.3904532222622346,0.7640318039346785,PA2141,False
PA2142_at,0.1302509482000005,0.7834388049309937,0.4688362483403872,0.8178481568844493,PA2142,False
PA2143_at,-0.0706201120500003,-0.37026704934284393,0.7263506585782722,0.9264015327050465,PA2143,False
PA2144_glgP_at,-0.08633404139999934,-0.4935049592768693,0.6425664435891598,0.8957177877796154,PA2144,False
PA2145_at,0.28831706665000034,1.7063567997526343,0.14865358671351228,0.5079502803201386,PA2145,False
PA2146_i_at,0.017357490949999388,0.10567032397581594,0.919952362250733,0.9806506362456895,PA2146,False
PA2147_katE_at,0.1485490983499993,0.9410040172341319,0.38990712495620267,0.7640318039346785,PA2147,False
PA2148_at,-0.16184765160000048,-1.0430500028427108,0.34470811242495053,0.7340412245299222,PA2148,False
PA2149_at,0.3454843709500004,1.870110764799502,0.12039638554368999,0.46106254086542575,PA2149,False
PA2150_at,0.11107369129999967,0.7200325336751816,0.5037479411971947,0.8363812241303636,PA2150,False
PA2151_at,0.1885064747499996,1.1172966477204043,0.31465936825359464,0.7090677800691646,PA2151,False
PA2152_at,-0.011002876300000963,-0.0640198236229751,0.9514350958365947,0.988617529154029,PA2152,False
PA2153_glgB_at,0.12104551944999997,0.5982455304659231,0.5757421721783097,0.8694911453485579,PA2153,False
PA2154_at,0.17671497395000024,1.020540615416883,0.3542852205338368,0.7408646357378956,PA2154,False
PA2155_at,0.020683008199999797,0.11852203918897102,0.9102684408119002,0.9779955293250645,PA2155,False
PA2156_at,0.03761995084999992,0.24322656615573332,0.8174934227831072,0.9574709315240111,PA2156,False
PA2157_at,0.10630904309999956,0.5074374970758354,0.633431482328785,0.8897718150267977,PA2157,False
PA2158_at,0.1825290747499997,1.1232359760882182,0.3123561752240676,0.7057690776847838,PA2158,False
PA2159_at,0.29395084989999987,1.8507669538378668,0.12342696651424558,0.46569943904028815,PA2159,False
PA2160_at,0.19846651974999974,1.2785889431476234,0.2571721210679751,0.6544380045854308,PA2160,False
PA2161_at,-0.05940921010000011,-0.38130809202156973,0.7186401270187216,0.924053348898532,PA2161,False
PA2162_at,0.008067697100000437,0.051262168729132924,0.9611015170465658,0.9902054138519317,PA2162,False
PA2163_at,0.3407816228499989,2.1938971040594155,0.07970428235748951,0.36484834107016156,PA2163,False
PA2164_at,0.013194899699999318,0.07632635925428649,0.9421194302408294,0.9870191639405336,PA2164,False
PA2165_at,0.2723323919,1.2811422941945203,0.25634367972937666,0.6540263974369792,PA2165,False
PA2166_at,-0.2634661687000004,-1.4815439228405667,0.19855285582030593,0.5884602766154686,PA2166,False
PA2167_at,0.04055386140000028,0.22311449928235041,0.8322750390631061,0.9615456548754823,PA2167,False
PA2168_at,0.059290365599999006,0.34420748385023114,0.7446941673481222,0.9331930364751981,PA2168,False
PA2169_at,0.1016287032499994,0.5543131052379127,0.6032429509836206,0.8801012814699356,PA2169,False
PA2170_at,0.08305021415000002,0.5263675476880388,0.6211377220886453,0.8852340513834784,PA2170,False
PA2171_at,0.05807157875000035,0.36943282184693543,0.7269347531634371,0.9265348542918993,PA2171,False
PA2172_at,0.2868105592500001,1.3071953677543913,0.24802958555250942,0.6463051148766538,PA2172,False
PA2173_at,-0.016496790099999714,-0.09380491308830305,0.9289071252650427,0.9846825255841157,PA2173,False
PA2174_at,0.08696221559999984,0.5587682986532744,0.6004185845199492,0.8796707799607085,PA2174,False
PA2175_at,0.19797032449999996,1.0783680142469936,0.33012197936134924,0.7234696658487291,PA2175,False
PA2176_at,0.057070653450000286,0.31771998199581375,0.7635375067998458,0.9403203852199687,PA2176,False
PA2177_at,-0.08200634655000005,-0.44817222768076115,0.6727815784267225,0.9102446694706253,PA2177,False
PA2178_at,0.0992539132500001,0.6354552263391994,0.5530723098201888,0.8614268145896631,PA2178,False
PA2179_at,-0.053187337199999796,-0.31419562794548417,0.7660591651500136,0.9417779876340429,PA2179,False
PA2180_at,0.42509670515000053,2.2157881482947293,0.07753782938368321,0.36174596360661954,PA2180,False
PA2181_at,0.0028150009000000864,0.01630291659520096,0.9876232654969902,0.9974520488530001,PA2181,False
PA2182_at,0.021686838749999993,0.13132098201631673,0.9006418075378628,0.9768224065773544,PA2182,False
PA2183_at,0.1103367549500005,0.7040249511865958,0.5128440703727716,0.8425018918629256,PA2183,False
PA2184_at,0.19273311889999967,1.221308292887971,0.2764096130736111,0.6698011455542506,PA2184,False
PA2185_at,0.11176207245000036,0.6100346434809176,0.5684970098611964,0.867108940151076,PA2185,False
PA2186_r_at,0.1533734663500006,0.9787644497885127,0.37264680172601083,0.752969129749159,PA2186,False
PA2187_at,0.0035407141499996797,0.022464132725078006,0.9829466509893189,0.9965259596864794,PA2187,False
PA2188_at,0.1366163618500007,0.7022619935389691,0.5138527479350369,0.8425290708855466,PA2188,False
PA2189_at,0.07267002275000056,0.46002873012606044,0.6648078011286472,0.9073264357737827,PA2189,False
PA2190_at,0.1738114138000002,1.0855124134460281,0.327236227435177,0.7216607098851449,PA2190,False
PA2191_exoY_at,0.022337471350000193,0.13662030881465684,0.8966615105864106,0.9762367188243717,PA2191,False
PA2192_at,0.16873287609999998,1.0816002800724147,0.32881372200056525,0.7227636778526405,PA2192,False
PA2193_hcnA_at,0.05045085869999966,0.32191582970769306,0.7605397284895485,0.9403203852199687,PA2193,False
PA2194_hcnB_at,0.2155652037500002,1.2515601708106918,0.2660928023011259,0.6648972465393791,PA2194,False
PA2195_hcnC_at,-0.1416773898499999,-0.9019303794224528,0.40843794946106465,0.7800343187955311,PA2195,False
PA2196_at,0.33321454669999984,1.7937223745098705,0.13282682300782758,0.4817120642169274,PA2196,False
PA2197_at,0.5113928068499991,2.3093568812271967,0.0689625590278544,0.33819087530353426,PA2197,False
PA2198_at,-0.006865480049999206,-0.04255643013066589,0.9677022865605894,0.9937012663460624,PA2198,False
PA2199_at,0.03225691679999976,0.15037784556747702,0.886344691766879,0.9734987698676052,PA2199,False
PA2200_at,0.08106367719999952,0.3684881595364191,0.727596423932922,0.9271774304544662,PA2200,False
PA2201_at,0.08757609554999934,0.552440240936043,0.6044326112934602,0.880525985050829,PA2201,False
PA2202_at,-0.12019619129999981,-0.7446385432152749,0.4899869434052444,0.8286329752815231,PA2202,False
PA2203_at,0.08734023915,0.5507026548386743,0.6055375873367143,0.880525985050829,PA2203,False
PA2204_at,-1.6062089156,-9.089882242712235,0.0002696395967285993,0.01509781939552357,PA2204,True
PA2205_at,0.44673867825,2.2371221311507807,0.07548684818749828,0.35521934648007303,PA2205,False
PA2206_at,-0.24132902380000054,-1.4150767755895206,0.21619851927107286,0.6103587044657067,PA2206,False
PA2207_at,-0.04911412820000027,-0.2938589869949793,0.7806731845632885,0.9477250793719353,PA2207,False
PA2208_at,0.1020871213000003,0.5433686133438806,0.6102146576035349,0.88231165990413,PA2208,False
PA2209_at,-0.12967901660000036,-0.7218463158728341,0.5027244127960281,0.835953074860001,PA2209,False
PA2210_at,0.1633342650999996,1.0548120577277864,0.3397909572882962,0.7311335697059368,PA2210,False
PA2211_at,-0.06683407640000016,-0.38314727669666165,0.717359375167187,0.924053348898532,PA2211,False
PA2212_at,0.21540447924999917,0.9520947483763302,0.3847717531873641,0.7627205968461171,PA2212,False
PA2213_at,-0.09234003395000023,-0.5598106279802053,0.5997589441047936,0.8796707799607085,PA2213,False
PA2214_at,0.20870940405000127,1.0182102409967448,0.35528932125289936,0.7415719662746687,PA2214,False
PA2215_at,-0.09460620689999999,-0.5178697599208767,0.6266394923214559,0.8879156288552206,PA2215,False
PA2216_at,0.11751579659999933,0.6345985038236152,0.5535877124801118,0.8614268145896631,PA2216,False
PA2217_at,0.22687424644999998,1.213729008771304,0.27905022808885566,0.67380959439979,PA2217,False
PA2218_at,0.05272067194999952,0.3220614901068074,0.7604357446390118,0.9403203852199687,PA2218,False
PA2219_opdE_at,0.03232876190000056,0.20979824003525485,0.8421058765701795,0.9650769449945633,PA2219,False
PA2220_at,0.3155387133500014,1.8060230934333372,0.1307399335501907,0.47649241416496746,PA2220,False
PA2221_at,0.12381105650000013,0.7885071885895819,0.46612321432152776,0.81641282802254,PA2221,False
PA2222_at,0.002021328100000108,0.012014907129654561,0.9908783851060581,0.9988900736127108,PA2222,False
PA2223_at,0.09160840249999946,0.515819674846872,0.6279709395755517,0.8884273619661383,PA2223,False
PA2224_at,-0.06723327965000037,-0.4296372962341983,0.6853446493130365,0.9133100369862714,PA2224,False
PA2225_at,-0.15960976755000011,-0.8258612985821205,0.44648471575685744,0.8024455074640803,PA2225,False
PA2226_at,0.35777840939999983,1.9649501945454864,0.1066105068766113,0.431630601588151,PA2226,False
PA2227_at,0.08960334804999981,0.5219113751427918,0.6240193430639969,0.8867740646798019,PA2227,False
PA2228_at,-0.18350800115000077,-1.0049362016861967,0.361054049858913,0.7441877068055824,PA2228,False
PA2229_at,0.7474858954000005,4.246692286318204,0.008117444912546906,0.10386800164185019,PA2229,False
PA2230_at,-0.09510630660000086,-0.5359801591572324,0.6149478304333503,0.8840461541097148,PA2230,False
PA2231_at,0.03844760469999997,0.24773357825224307,0.814192437560632,0.9574355326739455,PA2231,False
PA2232_at,-0.02377843270000035,-0.13856503791717237,0.8952016915191154,0.9761313738943151,PA2232,False
PA2233_at,0.013024381550000186,0.07777489905397127,0.9410235876733104,0.9866164654515683,PA2233,False
PA2234_at,-0.31605637039999923,-1.8134753707896616,0.12949188875661605,0.4749032677420419,PA2234,False
PA2235_at,-0.7551627320500005,-4.237190992179247,0.008191612027919973,0.10411893131195393,PA2235,False
PA2236_at,-0.18329057210000066,-1.1817327028845277,0.29044828542160367,0.6846530268288182,PA2236,False
PA2237_at,-0.3158313112999993,-1.9290449028082883,0.11162683819713615,0.4430542274546233,PA2237,False
PA2238_at,-0.18494946979999938,-1.0303139159405537,0.3500999219830946,0.7364996213014565,PA2238,False
PA2239_at,-0.23713748484999986,-1.4061753653276587,0.21867210930491499,0.6137219032331511,PA2239,False
PA2240_at,0.1711941578999996,0.9502407640715892,0.38562639076890487,0.7627205968461171,PA2240,False
PA2241_at,0.08462009304999896,0.5311181657397378,0.6180741486135156,0.8840952051428437,PA2241,False
PA2242_at,0.010674136549999602,0.06821816158728229,0.9482560104070575,0.988547172961496,PA2242,False
PA2243_at,-0.1715281188000013,-1.1107563613392388,0.3172126399465582,0.7115524385386591,PA2243,False
PA2244_at,0.03289744195000033,0.14444395645306068,0.8907915418538479,0.9743911940813509,PA2244,False
PA2245_at,0.04672700239999994,0.2535036966946223,0.8099727223630966,0.9567528484505693,PA2245,False
PA2246_bkdR_at,0.04561584564999954,0.26474369614779647,0.8017739709903656,0.9547965555015031,PA2246,False
PA2247_bkdA1_at,0.8311863561499999,4.767458605963369,0.005026103303955398,0.0772418904623537,PA2247,False
PA2248_bkdA2_at,0.79310836255,4.860928163472136,0.004629393694734998,0.07410154332455908,PA2248,False
PA2249_bkdB_at,0.11583208344999996,0.5145555297237274,0.628792750959674,0.8884273619661383,PA2249,False
PA2250_lpdV_at,0.4805540036999991,2.600536985629303,0.048218130318804626,0.28413576991756434,PA2250,False
PA2251_at,-0.1556145724000002,-0.8975762663730704,0.4105453387630459,0.7815232419014515,PA2251,False
PA2252_at,0.22052463514999987,1.4063284712707529,0.21862933745062632,0.6137219032331511,PA2252,False
PA2253_ansA_at,0.11231934949999989,0.6710210821387395,0.5319527200410533,0.8495240691935472,PA2253,False
PA2254_pvcA_at,0.3257845340500003,1.96730759317175,0.10628945631787742,0.4311873772171364,PA2254,False
PA2255_pvcB_at,0.11753763355000046,0.5971621292928581,0.5764108816089148,0.8694911453485579,PA2255,False
PA2256_pvcC_at,0.2507444677499997,1.3525705249982545,0.2341417792940503,0.6306106896114232,PA2256,False
PA2257_pvcD_at,0.09567206744999979,0.5755562309423093,0.5898474027152749,0.8759445710736805,PA2257,False
PA2258_ptxR_at,0.1729736325500002,1.1017637328491108,0.32075254878316417,0.7154840942772229,PA2258,False
PA2259_ptxS_at,1.5295373271500017,6.120828645256238,0.001688242285429432,0.04055915955933729,PA2259,True
PA2260_at,0.8711259253000003,3.6819928372336768,0.014263981240361509,0.14347636337461722,PA2260,False
PA2261_at,0.9514130670499998,3.0863590192542483,0.027271926721873715,0.20850453625008547,PA2261,False
PA2262_at,0.37169501185000087,1.6737615340031196,0.15503331583019525,0.5184807369184825,PA2262,False
PA2263_at,0.5149662743500008,1.5297116596023834,0.18663956634759638,0.5706807727386765,PA2263,False
PA2264_at,0.1471171667500002,0.5167686190718229,0.6273544389511826,0.8884163678287991,PA2264,False
PA2265_at,-0.2663897836999993,-1.2416304732463281,0.26944008244616235,0.666879128600975,PA2265,False
PA2266_at,-0.35558119490000006,-1.8653289783064153,0.12113836290860285,0.46210006745303717,PA2266,False
PA2267_at,0.09836279835000017,0.6209570716062668,0.5618361958457876,0.8631485328685342,PA2267,False
PA2268_at,0.09162669680000013,0.5670881278879579,0.5951654930813649,0.8780042610613032,PA2268,False
PA2269_at,0.15318825489999988,0.8279719195526679,0.44539385380627894,0.8013892766037469,PA2269,False
PA2270_at,-0.1592137577999999,-0.5719912581006786,0.5920827238055584,0.8766293557209281,PA2270,False
PA2271_i_at,0.020646186949999645,0.09011917293338699,0.9316912355630502,0.9847818379182003,PA2271,False
PA2272_pbpC_at,0.12128592165000018,0.7778895380253065,0.4718199244873851,0.8199051532180511,PA2272,False
PA2273_at,0.3231211346500009,1.9884814003457922,0.10345054868575296,0.4256670163300111,PA2273,False
PA2274_at,1.831273187199999,5.437975105757325,0.002853462852505965,0.05488719722173238,PA2274,False
PA2275_at,0.15181345354999998,0.9790094769497851,0.372536866073486,0.752969129749159,PA2275,False
PA2276_at,-0.3057568862500002,-1.8467239108839115,0.12407021333767572,0.46601912303295095,PA2276,False
PA2277_arsR_at,0.009017755700000407,0.040620869634596,0.9691702657608486,0.9937324481559858,PA2277,False
PA2278_arsB_at,-0.02989111745000006,-0.16070469433198048,0.8786171652786888,0.9713567895581238,PA2278,False
PA2279_arsC_at,0.06766620495000009,0.43940776205795473,0.6787074561343355,0.910405918332983,PA2279,False
PA2280_at,-0.1129481220500006,-0.6296988469310859,0.5565413125462433,0.8620532014861021,PA2280,False
PA2281_at,-0.03921842469999959,-0.16960843590184443,0.8719667860853834,0.9710349744482906,PA2281,False
PA2282_at,0.0705075021499999,0.4040390197539131,0.7028857643551911,0.9219928867228585,PA2282,False
PA2283_at,0.20079275159999987,0.9105394947064677,0.4042962251977458,0.7767703335080576,PA2283,False
PA2284_at,0.09618463890000006,0.4981110283570857,0.6395383973517498,0.894474220434925,PA2284,False
PA2285_at,-0.1250843769500003,-0.7315462325560748,0.4972754139668901,0.8329451599421382,PA2285,False
PA2286_at,-0.08371821189999995,-0.5442692259184725,0.6096391750783069,0.8818717582971035,PA2286,False
PA2287_at,0.0079067144999998,0.051006264919422,0.9612954981605991,0.990231939477299,PA2287,False
PA2288_r_at,0.31014117484999915,1.9787228907288177,0.10474899393276138,0.42793606092736924,PA2288,False
PA2289_at,0.028745148000000498,0.18007960750421895,0.8641610261580445,0.968743750798087,PA2289,False
PA2290_gcd_at,0.1212373959000006,0.7715417860051486,0.47524986615892806,0.8226575523032424,PA2290,False
PA2292_at,0.30139564775000016,1.8489861290476028,0.12370987290208062,0.46585931133902353,PA2292,False
PA2293_at,0.28182255640000076,1.5742700925516269,0.17623967983073766,0.5520738453878243,PA2293,False
PA2294_at,0.2990027556000001,1.9377683585290912,0.11038598766515163,0.44011233207229944,PA2294,False
PA2295_at,0.0664750297000003,0.4198023612230466,0.6920582777284505,0.9170317475708374,PA2295,False
PA2296_at,-0.09997703530000024,-0.5206016361790762,0.6248677505028041,0.887327280931123,PA2296,False
PA2297_at,1.2119299653500004,6.679189175743426,0.0011367255023101359,0.032032943214722734,PA2297,True
PA2298_at,1.21617413375,7.826353896856964,0.000546246916619441,0.022173857594634687,PA2298,True
PA2299_at,0.9220172876499992,3.4601907977760895,0.018038608600382883,0.1638506947868112,PA2299,False
PA2300_chiC_at,0.003838105349999843,0.022534590121170085,0.9828931750355674,0.9965259596864794,PA2300,False
PA2301_at,0.1825904740500004,1.081640771655217,0.32879736123511316,0.7227636778526405,PA2301,False
PA2302_at,-0.00027566229999997915,-0.0010713477950781273,0.9991866186064411,0.9995707784437029,PA2302,False
PA2303_at,0.03121120444999992,0.19726073479370768,0.8513917357252616,0.9660270328716476,PA2303,False
PA2304_at,0.32415587594999984,1.4915733280879653,0.19601322040843003,0.5850577156815513,PA2304,False
PA2305_at,0.11209943895000007,0.7184746633767721,0.5046282180377594,0.8363812241303636,PA2305,False
PA2306_at,-0.2102116784999999,-1.2887225119719607,0.2538986418887455,0.6515464670077171,PA2306,False
PA2307_at,0.060107960950000816,0.3910820353039235,0.7118459578518128,0.9233164875819249,PA2307,False
PA2308_at,0.5148194938000001,1.944649373786428,0.1094173021085672,0.43840803259331607,PA2308,False
PA2309_at,0.0360969555499997,0.2299041373802766,0.8272757479625926,0.960612557212038,PA2309,False
PA2310_at,0.1105408182500005,0.4670071891986043,0.6601379016259831,0.9058285984585616,PA2310,False
PA2311_r_at,0.70457968945,4.197749488469234,0.00850798661326371,0.10655470642614895,PA2311,False
PA2312_at,-0.10050972455000018,-0.6029772993676664,0.5728272672745797,0.868430666681381,PA2312,False
PA2313_at,-0.1775656769999996,-1.154581682892856,0.3004427023296382,0.6948549099851672,PA2313,False
PA2314_at,0.06451238020000005,0.40531963004732735,0.7020031086550758,0.9219928867228585,PA2314,False
PA2315_at,0.2556704128999998,1.6481000375585664,0.16024775326552196,0.5290063240161875,PA2315,False
PA2316_at,0.07838927504999926,0.48557936402462576,0.6477951916582202,0.897580625729822,PA2316,False
PA2317_at,-0.005964623950000192,-0.0377972564112732,0.9713120136687483,0.9940985203938076,PA2317,False
PA2318_at,0.09088344490000111,0.5697628703091102,0.5934825864008756,0.87691182439829,PA2318,False
PA2320_gntR_at,0.4386022614999998,1.9517334351460531,0.10842924159334594,0.4350473865156334,PA2320,False
PA2321_at,-0.6093194032000007,-2.827481671874884,0.03678346302708346,0.24394837511180426,PA2321,False
PA2322_at,-1.3886126426,-4.989157202441625,0.004143034541853291,0.06869267975591119,PA2322,False
PA2323_at,-0.7246669514500006,-3.210448803429089,0.023716865250743468,0.19122940940530964,PA2323,False
PA2324_at,0.050753436900000004,0.2753670703691681,0.7940514762185896,0.9519062014148348,PA2324,False
PA2325_at,0.041824082149999775,0.25281976952690616,0.8104725027906914,0.9571193705922545,PA2325,False
PA2326_at,0.20238433210000029,1.1676704719330864,0.2955873499524968,0.6908107049851584,PA2326,False
PA2327_at,0.060033333799999866,0.38298648039300537,0.7174713068877366,0.924053348898532,PA2327,False
PA2328_at,-0.24324348165000043,-1.4622486531338406,0.2035281100792029,0.5971916530040818,PA2328,False
PA2329_at,0.02645783055000006,0.16518098341931287,0.8752722781943842,0.9711271364615739,PA2329,False
PA2330_at,0.18261585309999973,1.0381917183551643,0.3467565687926492,0.7354987978066787,PA2330,False
PA2331_at,-0.01195531290000007,-0.06339455146773958,0.9519086566791747,0.988617529154029,PA2331,False
PA2332_at,-0.04686332530000037,-0.30204700705886733,0.7747764506158297,0.9444021952716097,PA2332,False
PA2333_at,-0.09424428700000043,-0.5572225379653633,0.6013976216336873,0.8797819727477451,PA2333,False
PA2334_at,0.24117567239999982,0.9062745808673678,0.40634385245538507,0.7783078150186777,PA2334,False
PA2335_at,0.13979771275000008,0.7468383782847695,0.4887697831984453,0.8281228969217181,PA2335,False
PA2336_at,0.10485059355000015,0.6407908717478548,0.549869412240347,0.8594082210426666,PA2336,False
PA2337_mtlR_at,0.1222255991499992,0.7954628566885678,0.4624187429947026,0.8150349615073593,PA2337,False
PA2338_at,0.042808355650000074,0.261397131116534,0.8042120798325084,0.9547965555015031,PA2338,False
PA2339_at,0.16313482330000006,0.9150308436524557,0.4021487146482732,0.7760005115100056,PA2339,False
PA2340_at,-0.020537851049999833,-0.13174891679957537,0.9003202631997362,0.9768224065773544,PA2340,False
PA2341_at,-0.0138045346500002,-0.07549399657740423,0.942749191245953,0.9870191639405336,PA2341,False
PA2342_mtlD_at,-0.06618743689999995,-0.3930264269981925,0.7104979310993231,0.9233164875819249,PA2342,False
PA2343_mtlY_at,0.11618347575000065,0.6970592780527343,0.516837439694339,0.8433850004784389,PA2343,False
PA2344_mtlZ_at,0.045932597350000215,0.2167374658747026,0.8369787311054658,0.9627627147326113,PA2344,False
PA2345_at,0.17495822174999986,1.0352572658127657,0.3479988089564486,0.7357400557771271,PA2345,False
PA2346_at,0.24883262455000033,1.4136970972224836,0.21658017023583248,0.6107559383701757,PA2346,False
PA2347_at,0.1857562554000003,1.1866321117987926,0.2886764954219415,0.6843923358411268,PA2347,False
PA2348_at,0.3521367623000007,2.058670619264856,0.09459308789165559,0.40375265796249804,PA2348,False
PA2349_at,0.09856356820000123,0.49412389386976785,0.6421590941064652,0.8957177877796154,PA2349,False
PA2350_at,0.20884733279999956,1.227212172365937,0.27436829962770304,0.6687173127677457,PA2350,False
PA2351_at,0.08914524465000007,0.5537350615470957,0.6036099807911289,0.8801012814699356,PA2351,False
PA2352_at,0.19883689619999956,1.0630296586644536,0.33639090474313765,0.728475667887457,PA2352,False
PA2353_at,-0.006609608599999817,-0.03799184053913821,0.9711644100072455,0.9940985203938076,PA2353,False
PA2354_at,0.11034072450000032,0.6696050497249242,0.5327831828849099,0.8495240691935472,PA2354,False
PA2355_at,0.013381367749999207,0.058656328778742835,0.955497948615644,0.988925396370607,PA2355,False
PA2356_msuD_at,-0.11902171215000035,-0.7445133071923902,0.49005630087580393,0.8286329752815231,PA2356,False
PA2357_msuE_at,0.08672360405000035,0.560379192358404,0.5993993100014791,0.8796707799607085,PA2357,False
PA2358_at,0.10370178429999966,0.6713438145886597,0.5317635680819731,0.8495240691935472,PA2358,False
PA2359_at,0.0013496929999998741,0.008700702929982648,0.9933944099345196,0.9995707784437029,PA2359,False
PA2360_at,0.08405633155000025,0.5070354019161761,0.6336940959212259,0.8897718150267977,PA2360,False
PA2361_at,0.04895534005000002,0.3175893785945114,0.7636308938755437,0.9403203852199687,PA2361,False
PA2362_at,0.2388001388500003,1.5506461197404517,0.18168092013593168,0.5628283662737337,PA2362,False
PA2363_at,0.12568773494999963,0.737806037667976,0.4937810813638864,0.8308294916730041,PA2363,False
PA2364_at,0.14911488585000043,0.9218674028216569,0.39889723115512604,0.773695819916215,PA2364,False
PA2365_at,-0.1898392722000004,-1.2350161219691573,0.27169087320561386,0.6685665309882775,PA2365,False
PA2366_at,-0.2918759299000002,-1.8933859814581526,0.1168510209412694,0.4540294519247536,PA2366,False
PA2367_at,0.12412104445000072,0.7569450555174911,0.48320553473991684,0.8265292778648552,PA2367,False
PA2368_i_at,-0.2576243725500005,-1.3257586772377188,0.24225809898716813,0.6382092002989331,PA2368,False
PA2369_at,0.4297649137499997,1.7543775233973913,0.13973194329875016,0.4914025363152176,PA2369,False
PA2370_at,0.1218309027499993,0.7832822578389985,0.468920229527934,0.8178481568844493,PA2370,False
PA2371_at,0.025374344750000333,0.12777191380563238,0.9033093551832392,0.9774235342072395,PA2371,False
PA2372_at,0.04870654469999991,0.31160098216912707,0.7679177248551742,0.9421101861479049,PA2372,False
PA2373_at,0.14089368999999863,0.8644129283917159,0.4268765324444805,0.7911194174962884,PA2373,False
PA2374_at,-0.024091240800000246,-0.15041515876752057,0.8863167440954389,0.9734987698676052,PA2374,False
PA2375_i_at,0.027131836099999695,0.13698606144912778,0.8963869212322645,0.9762367188243717,PA2375,False
PA2376_at,0.22222224540000024,1.4230979900818288,0.21399227557102868,0.6086182216614947,PA2376,False
PA2377_at,0.08800845144999947,0.5594178024222816,0.6000074936302577,0.8796707799607085,PA2377,False
PA2378_at,-1.3912706293999992,-7.141226839751382,0.0008361164734689076,0.026892795425344205,PA2378,True
PA2379_at,-0.9118431034000007,-4.039745087952931,0.009925225597700156,0.11545430408708127,PA2379,False
PA2380_at,-0.07330824429999971,-0.4500470493638741,0.6715174301627536,0.9100035492983665,PA2380,False
PA2381_at,0.6763435208999997,3.454395436298187,0.018151490747356558,0.16434665721342123,PA2381,False
PA2382_lldA_at,0.08448875510000065,0.5413375069667324,0.6115136856860935,0.8826310823806637,PA2382,False
PA2383_at,-0.16811900059999996,-0.5961622699119079,0.5770284565577586,0.8696759855192071,PA2383,False
PA2384_at,-0.0372811768500001,-0.23916961140320148,0.8204684556366538,0.9578426542611856,PA2384,False
PA2385_at,0.13109132884999974,0.6905282972507866,0.5206009183992942,0.8450466550236271,PA2385,False
PA2386_pvdA_at,0.1230893157499997,0.7897924662894027,0.4654370584471619,0.81641282802254,PA2386,False
PA2387_at,-0.05465345854999981,-0.3463747988986496,0.7431610234113258,0.9330925994737957,PA2387,False
PA2388_at,0.00035472745000042494,0.0022451700722109233,0.9982954385600655,0.9995707784437029,PA2388,False
PA2389_at,-0.039280951949999476,-0.2526340523223435,0.8106082335036338,0.9571193705922545,PA2389,False
PA2390_at,0.17008431635000054,0.9770986081492509,0.3733949142917697,0.7533084223804706,PA2390,False
PA2391_at,0.2744237222999999,1.42415863604253,0.2137021494466558,0.6086182216614947,PA2391,False
PA2392_at,-0.18550503099999993,-0.9156646130165625,0.40184641074476435,0.7760005115100056,PA2392,False
PA2393_at,-0.007636041499999635,-0.0416918320727274,0.9683580025837552,0.9937324481559858,PA2393,False
PA2394_at,0.19171920235000073,0.8834043636014732,0.4174636146184955,0.7854818184473107,PA2394,False
PA2395_at,0.10622394319999984,0.6894325138172136,0.5212341913115209,0.8452003346968888,PA2395,False
PA2396_at,-0.11147232664999995,-0.6443775551569347,0.5477231968016752,0.858355843663116,PA2396,False
PA2397_pvdE_at,0.06343315114999992,0.39259852159891884,0.7107944908018271,0.9233164875819249,PA2397,False
PA2398_fpvA_at,-0.22848669190000015,-1.2328245736068408,0.27244037186593684,0.6686440442743867,PA2398,False
PA2399_pvdD_at,0.20043236200000036,1.1335405801111027,0.30839497828037243,0.7022099969664496,PA2399,False
PA2400_at,0.06156146960000086,0.3861005143326099,0.7153050328232871,0.924053348898532,PA2400,False
PA2401_at,-0.26978674030000027,-1.6946543872725068,0.15091322030754167,0.511090457267083,PA2401,False
PA2402_at,0.03612057840000027,0.23263891324385957,0.8252647014145703,0.9592235451275989,PA2402,False
PA2403_at,0.008327584399999921,0.052975357826816845,0.9598029587171013,0.9897732372961713,PA2403,False
PA2404_at,0.2263932427500004,1.2658698593408573,0.26133544493755617,0.6604639024913935,PA2404,False
PA2405_at,-0.08177125580000011,-0.49315247417971025,0.6427984939825171,0.8957177877796154,PA2405,False
PA2406_at,-0.011624376799999503,-0.07213059884545871,0.9452943971466374,0.9880596857207466,PA2406,False
PA2407_at,0.27372580975000105,1.7053255896968225,0.14885133330807468,0.5082012458534383,PA2407,False
PA2408_at,-0.07277420085000008,-0.40726441184658974,0.7006636933893687,0.9219928867228585,PA2408,False
PA2409_at,-0.02585208019999996,-0.16705116146491494,0.8738756654264536,0.9711271364615739,PA2409,False
PA2410_at,0.3361454932000001,2.1351387201972005,0.0858438440087874,0.38047956764738156,PA2410,False
PA2411_at,-0.038965833450000265,-0.24664667043261082,0.8149881039992161,0.9574355326739455,PA2411,False
PA2412_at,0.20808956135,1.0960188605438708,0.32303179557442874,0.7166849411048201,PA2412,False
PA2413_at,-0.21764359080000073,-0.8945582313680266,0.41201107120031366,0.7827556418875231,PA2413,False
PA2414_at,0.19239079950000004,1.1818131223579182,0.29041912524744024,0.6846530268288182,PA2414,False
PA2415_at,0.34333263400000025,2.1991342904192144,0.07918017847117963,0.364389781455327,PA2415,False
PA2416_treA_at,0.10256536639999947,0.6345569221315599,0.5536127358703414,0.8614268145896631,PA2416,False
PA2417_at,-0.007131583149999621,-0.03680309597274191,0.9720661638119142,0.9940985203938076,PA2417,False
PA2418_at,-0.06600916069999974,-0.4095725772799389,0.6990756062300725,0.9211459633468115,PA2418,False
PA2419_at,0.06931534945000051,0.38976462917916177,0.7127599808428049,0.9233164875819249,PA2419,False
PA2420_at,0.0542123468999991,0.3355880434144813,0.7508047076729745,0.9365033733900014,PA2420,False
PA2421_at,-0.0392130277999998,-0.24992408919668935,0.8125896555729437,0.9573464196762103,PA2421,False
PA2422_at,0.34396460445,1.8312321172554227,0.12656690191498468,0.47001437518712924,PA2422,False
PA2423_at,0.03900177559999918,0.24300911254035612,0.8176527973757595,0.9574709315240111,PA2423,False
PA2424_at,0.29415197645000024,1.6105456195916392,0.16819445811353131,0.5428703334536867,PA2424,False
PA2425_at,-0.1738422122500003,-0.8804254433882824,0.4189293349857982,0.7857928826406655,PA2425,False
PA2426_pvdS_at,0.015622343999999622,0.09775266156781327,0.9259263806690169,0.9832476314923846,PA2426,False
PA2427_at,0.08270584245000023,0.515256278936306,0.6283371237468448,0.8884273619661383,PA2427,False
PA2428_at,0.0696783460999999,0.4342928427437436,0.6821780180316239,0.9128252554564805,PA2428,False
PA2429_at,0.030745831700000892,0.18444068152657694,0.8609151681633984,0.968743750798087,PA2429,False
PA2430_at,0.04981864734999952,0.32269289955656866,0.7599850612415591,0.9403203852199687,PA2430,False
PA2431_at,-0.14100553440000052,-0.7878153376690741,0.466492871971257,0.81641282802254,PA2431,False
PA2432_at,-0.03946503085000064,-0.19091993250056652,0.856098558486375,0.9677349942866916,PA2432,False
PA2433_at,0.4358628206999988,2.6570603760535945,0.0450426522555955,0.27328965546319783,PA2433,False
PA2434_at,0.08584277225000037,0.49794281046581196,0.6396488451140917,0.894474220434925,PA2434,False
PA2435_at,0.16848927090000032,0.8984251722614657,0.4101337994070498,0.7814980716445111,PA2435,False
PA2436_at,0.16912210724999976,1.0999934822021527,0.32145340385614096,0.715610716753875,PA2436,False
PA2437_at,-0.13736842565000096,-0.8921602801653243,0.41317857738630975,0.7840003567040036,PA2437,False
PA2438_at,-0.006258783499999865,-0.040512947140017706,0.9692521211117082,0.9937324481559858,PA2438,False
PA2439_at,-0.029072993999999852,-0.18809098496810647,0.8582007104918036,0.968096620274794,PA2439,False
PA2440_at,0.06241237114999976,0.3373466650698649,0.7495562745909506,0.9353165639691192,PA2440,False
PA2441_at,0.09657434884999994,0.5795416858105811,0.5873545342660981,0.8752477310243999,PA2441,False
PA2442_gcvT2_at,-0.0010081477000003503,-0.005991655994419228,0.9954510872639002,0.9995707784437029,PA2442,False
PA2443_sdaA_at,-0.035868905800001016,-0.227815612112018,0.8288125796499715,0.9606994857547716,PA2443,False
PA2444_glyA2_at,0.052345674249999696,0.3384874598784014,0.748746896716801,0.9347029128473151,PA2444,False
PA2445_gcvP2_at,0.4383675130000002,2.5508389567887755,0.051213766550425144,0.29323368668852373,PA2445,False
PA2446_gcvH2_at,0.5658173198499998,2.3567957769099492,0.06500910971059295,0.3282317340780869,PA2446,False
PA2447_at,0.061760537599999665,0.35071947843772083,0.7400916936686216,0.9316038727402709,PA2447,False
PA2448_at,0.028259887149999052,0.15969453814560142,0.8793724001690639,0.9713567895581238,PA2448,False
PA2449_at,-0.18369702015000033,-1.175578371189218,0.29268757317145755,0.6871795196199438,PA2449,False
PA2450_at,-0.22671397915000036,-1.1729183698207022,0.29366015636001475,0.6883646675965936,PA2450,False
PA2451_at,0.19551756365000017,1.2283328611806135,0.2739823493690217,0.6687173127677457,PA2451,False
PA2452_at,0.07072151764999912,0.43316373186148865,0.6829453447934418,0.9129721325128772,PA2452,False
PA2453_at,-0.042856062300000275,-0.26877698429575786,0.7988389541983901,0.9545201145781007,PA2453,False
PA2454_at,-0.1090462533499994,-0.7079148389330673,0.510623301293582,0.8402372802387542,PA2454,False
PA2455_at,-0.0281604134500002,-0.17545407378714692,0.8676070373330119,0.9699834623855886,PA2455,False
PA2456_at,-0.041696226250000024,-0.26567217031481016,0.8010979913002486,0.9547965555015031,PA2456,False
PA2457_at,-0.03696389215000018,-0.21969906355714847,0.8347932855109396,0.9623839965013165,PA2457,False
PA2458_at,-0.019762275800000673,-0.1163611874353636,0.9118954861789549,0.9779955293250645,PA2458,False
PA2459_at,-0.3670034564,-2.1579687141857633,0.0834007564180239,0.37302192422225583,PA2459,False
PA2460_i_at,-0.017147891400000503,-0.1009621487715008,0.9235040722842266,0.9827779731449933,PA2460,False
PA2461_at,-0.01953075350000022,-0.12688404133679979,0.903976924985807,0.9775204019061836,PA2461,False
PA2462_at,-0.19481716005000038,-0.6311844309355353,0.555644702560978,0.8617983449997144,PA2462,False
PA2464_at,-0.08177554160000078,-0.4345369597651877,0.6820121769396135,0.9128252554564805,PA2464,False
PA2465_at,0.08736049999999995,0.5294721611115013,0.6191346319406791,0.8840952051428437,PA2465,False
PA2466_at,-0.20259291524999945,-0.9914764599157074,0.3669783416072494,0.7479343901316724,PA2466,False
PA2467_at,-0.03250087154999903,-0.18194782929408734,0.8627701706269151,0.968743750798087,PA2467,False
PA2468_at,0.033604300250000385,0.20600875853122436,0.8449095577733856,0.9650956058711717,PA2468,False
PA2469_at,0.2546740059000001,1.6205176494074411,0.166047044070026,0.5399739786719188,PA2469,False
PA2470_gtdA_at,0.4889650308500002,2.663277859168359,0.0447076354958675,0.272129413163057,PA2470,False
PA2471_at,0.09176646800000032,0.5619417336488186,0.5984116219767632,0.8796707799607085,PA2471,False
PA2472_at,0.21418356810000017,1.3416732469995134,0.23740951304348926,0.6341731182029114,PA2472,False
PA2473_at,0.13588838145000004,0.8596132784519798,0.4292811825323685,0.7930787948479351,PA2473,False
PA2474_at,0.18923972249999998,0.9496899713455342,0.38588058670360076,0.7627205968461171,PA2474,False
PA2475_at,-0.07155907529999972,-0.3698396420565602,0.7266498867212999,0.9265097019983751,PA2475,False
PA2476_dsbG_at,0.1494405148000002,0.5929428865044758,0.5790197479080191,0.8696759855192071,PA2476,False
PA2477_at,-0.10261715210000055,-0.6403384121798428,0.55014054628064,0.8595970470895213,PA2477,False
PA2478_at,0.10973652835000003,0.682687491242602,0.5251438014696227,0.8472669917842011,PA2478,False
PA2479_at,-0.09303668770000062,-0.5814372567043584,0.5861711383707124,0.8743546174480521,PA2479,False
PA2480_at,0.24459096279999937,1.3795037686114364,0.22624493293655246,0.623180870157899,PA2480,False
PA2481_at,0.2710507299000007,1.6740785743278883,0.15496996254489076,0.5184807369184825,PA2481,False
PA2482_at,0.5974255150999994,3.4709538174378203,0.01783107719155838,0.16271894627831415,PA2482,False
PA2483_at,0.6400141142499995,3.6929459213019635,0.014102376217253262,0.14274751309642342,PA2483,False
PA2484_at,0.24554476159999972,1.3749203298363053,0.22757091982958186,0.6240332480876686,PA2484,False
PA2485_at,0.6481309343000001,3.359446549079798,0.020120066369519466,0.17446512081517207,PA2485,False
PA2486_at,0.6258245645000002,4.06545291830493,0.00967709424501463,0.11414704754740705,PA2486,False
PA2487_i_at,-0.12119361460000011,-0.5760404730082215,0.5895441690276878,0.8759445710736805,PA2487,False
PA2488_at,0.4767661723000005,2.5613175015545315,0.0505655933465114,0.29176157330344343,PA2488,False
PA2489_at,0.14022498545000062,0.7652441021161221,0.4786706016589275,0.8233483706293875,PA2489,False
PA2490_at,0.11367243984999931,0.7230231122998423,0.5020611177148633,0.83572730171654,PA2490,False
PA2491_at,0.01771930555000001,0.11476868500431339,0.9130948984141788,0.9785876178211647,PA2491,False
PA2492_mexT_at,0.03395225810000024,0.21567784472053816,0.8377610614679797,0.9631745468554295,PA2492,False
PA2493_mexE_at,0.2562587039000004,1.6032928252448588,0.16977351088500134,0.5457601775363833,PA2493,False
PA2494_mexF_at,0.1666749673000001,0.8913104464016285,0.41359296271517554,0.7840175631684196,PA2494,False
PA2495_oprN_at,0.00559468559999976,0.028227179180932135,0.9785729622871648,0.9953535143593676,PA2495,False
PA2496_at,-0.056364104000000026,-0.3651729121829762,0.7299206520033228,0.928012469204916,PA2496,False
PA2497_at,0.13812726564999966,0.5976907982236929,0.5760845098562319,0.8694911453485579,PA2497,False
PA2498_at,0.2479661095500001,1.0964993975447592,0.32284061191211477,0.7166623069899213,PA2498,False
PA2499_at,-0.04132595270000028,-0.22395484136465205,0.8316557917213394,0.9615456548754823,PA2499,False
PA2500_at,-0.040537830099999894,-0.2610454068948249,0.8044684724470683,0.9547965555015031,PA2500,False
PA2501_at,3.5639355282,22.9554051419476,2.918025077175475e-06,0.003156514640059722,PA2501,True
PA2502_at,-0.009646945300000098,-0.04349544722926436,0.9669901635225555,0.9934899812347289,PA2502,False
PA2503_at,0.37149111524999956,1.9372622700165274,0.1104575831851096,0.44011233207229944,PA2503,False
PA2504_at,0.19266725514999994,1.2362500507414587,0.2712696956345413,0.6685665309882775,PA2504,False
PA2505_at,0.13538669019999983,0.8761240828464041,0.42105279340299934,0.78851948519569,PA2505,False
PA2506_at,0.22845452490000007,1.4285769587142954,0.2124975924854985,0.6077555050386998,PA2506,False
PA2507_catA_at,0.24631576950000067,1.464482094787228,0.2029461522255048,0.5957810733163698,PA2507,False
PA2508_catC_at,0.10329669679999931,0.6673834488793112,0.5340878368872073,0.8500287972850671,PA2508,False
PA2509_catB_at,0.29608079565,1.7025395466393194,0.14938691075966246,0.5087073914931156,PA2509,False
PA2510_catR_at,0.2277163419499999,1.4730434865375444,0.20073010673965047,0.5916457723425009,PA2510,False
PA2511_at,-0.15597278265000014,-1.0113290415782903,0.35826810379159035,0.7421284525082368,PA2511,False
PA2512_antA_at,0.20365890315000001,0.903818660739451,0.4075266721733044,0.7792077297917288,PA2512,False
PA2513_antB_at,-0.14932082619999942,-0.941996079745453,0.38944553255380004,0.7640318039346785,PA2513,False
PA2514_antC_at,0.01702067850000022,0.1053788488407233,0.9201721821245231,0.9806506362456895,PA2514,False
PA2515_xylL_at,0.0778880627999996,0.389515808164087,0.712932675541797,0.9233164875819249,PA2515,False
PA2516_xylZ_at,-0.07639865504999932,-0.4570881560775373,0.6667807858148801,0.9074571680385142,PA2516,False
PA2517_xylY_at,0.18526194335000046,1.057290518666463,0.3387624329917875,0.730386696186689,PA2517,False
PA2518_xylX_at,-0.050387476199999615,-0.2850324723017252,0.7870485006975789,0.9502702513037845,PA2518,False
PA2519_xylS_at,0.0007168948000000341,0.004085811967441854,0.9968980072444439,0.9995707784437029,PA2519,False
PA2520_czcA_at,0.10435307305000041,0.5936783490137777,0.57856446449504,0.8696759855192071,PA2520,False
PA2521_czcB_at,0.15903907595,0.9679625087334173,0.37751969411075076,0.7555294361706256,PA2521,False
PA2522_czcC_at,0.07043188675000067,0.38191242296238165,0.71821917369757,0.924053348898532,PA2522,False
PA2523_at,0.28455087474999985,1.8129603265757557,0.1295777519527216,0.4749032677420419,PA2523,False
PA2524_at,0.34143601929999967,1.5118822753922407,0.1909663200285213,0.5761290413571893,PA2524,False
PA2525_at,0.050333140300000245,0.31586262248092145,0.764866026875009,0.9409797707420554,PA2525,False
PA2526_at,0.0213669344999996,0.12060786007729438,0.9086983638456365,0.9779955293250645,PA2526,False
PA2527_at,0.14785293630000051,0.8879180815909075,0.41525034504626074,0.7848951608677877,PA2527,False
PA2528_at,-0.2278217405999996,-1.4399282428119662,0.20943248095996508,0.6045507749273665,PA2528,False
PA2529_at,-0.09636381704999941,-0.6049147209186524,0.5716364385491511,0.868430666681381,PA2529,False
PA2530_at,-0.10533139014999993,-0.5023086655713067,0.6367857628781805,0.8927066609189876,PA2530,False
PA2531_at,-0.09919344495000004,-0.5355636718300244,0.6152152757651701,0.8840461541097148,PA2531,False
PA2532_tpx_at,0.2759002389499994,1.5661053507409008,0.17810195155916517,0.5546718417538335,PA2532,False
PA2533_at,-0.445452758350001,-2.771651522189038,0.03928839684184043,0.2530327825761595,PA2533,False
PA2534_at,-0.008702043549999594,-0.05659019474949638,0.9570634638902704,0.988925396370607,PA2534,False
PA2535_at,0.11246401864999989,0.7183456129597457,0.5047011862633625,0.8363812241303636,PA2535,False
PA2536_at,-0.0241872264499996,-0.15005709628807282,0.8865849414263001,0.9734987698676052,PA2536,False
PA2537_at,-0.5179029367499997,-3.1250082263405283,0.02610412392792767,0.20323925058172254,PA2537,False
PA2538_at,-0.41202360319999976,-2.664215875226738,0.04465733090879523,0.2721160890601622,PA2538,False
PA2539_at,-0.06845626364999946,-0.3321649920633443,0.7532371845846172,0.9379032931243915,PA2539,False
PA2540_at,-0.2856531794499997,-1.1481270810353612,0.30286281256015163,0.6980432607217733,PA2540,False
PA2541_at,-0.27815396140000015,-1.593600259317451,0.17190658585789814,0.5484239373222701,PA2541,False
PA2542_at,0.34071600909999944,2.1595539575668052,0.0832338762494071,0.3728067881522524,PA2542,False
PA2543_at,-0.02429579500000001,-0.09630842813589492,0.9270166911805491,0.9833159568009933,PA2543,False
PA2544_at,0.15879753715000078,1.0063618866212094,0.3604311966161103,0.7439801663160934,PA2544,False
PA2545_xthA_at,-0.4404817617999992,-2.4570116420060306,0.05743914010733224,0.307118448223176,PA2545,False
PA2546_at,-0.05949698935000036,-0.3247322748458981,0.7585301471729957,0.9403203852199687,PA2546,False
PA2547_at,0.049977337950000145,0.3241910130388736,0.7589161795495016,0.9403203852199687,PA2547,False
PA2548_at,-0.0313557301999996,-0.20037610142787785,0.8490817300362888,0.9660270328716476,PA2548,False
PA2549_at,0.033473482349999806,0.1966725089982428,0.8518280883932985,0.9660270328716476,PA2549,False
PA2550_at,0.4720994072999991,2.5946737692360125,0.04856134717964828,0.2849771580253338,PA2550,False
PA2551_at,0.6201064066499997,3.768635225132092,0.01304119791966073,0.13585927602676648,PA2551,False
PA2552_at,0.09155762049999971,0.5294727450724215,0.6191342555215188,0.8840952051428437,PA2552,False
PA2553_at,-0.0028240417000002793,-0.016434887586111637,0.9875230874609954,0.9974520488530001,PA2553,False
PA2554_at,0.009647331099999157,0.055958104245089575,0.9575424447760685,0.988962068775564,PA2554,False
PA2555_at,-0.04830881885000027,-0.3057008178802666,0.7721506141928212,0.9439730807977795,PA2555,False
PA2556_at,-0.0043346158999995055,-0.025055305823907314,0.9809800645501272,0.9958690341397117,PA2556,False
PA2557_at,0.18313310620000012,1.1337955139328548,0.30829753691829465,0.7022099969664496,PA2557,False
PA2558_at,-0.0064346970500004375,-0.031954150806289,0.975744934183489,0.9950099926325614,PA2558,False
PA2559_at,0.22523978409999934,1.3606505183765942,0.23174602059685953,0.6294679636516453,PA2559,False
PA2560_at,-0.07703057094999943,-0.4956807107004467,0.641135111243052,0.8953075361273082,PA2560,False
PA2561_at,0.09249023530000056,0.5314824344839714,0.6178396007312911,0.8840952051428437,PA2561,False
PA2562_at,0.7304649589999999,4.3734977366521095,0.007198386076207536,0.09629477373763082,PA2562,False
PA2563_at,0.038868196799999755,0.24220708678825037,0.8182406988127058,0.9576661144626002,PA2563,False
PA2564_at,-0.14511594614999979,-0.8353523631497429,0.44159511864142076,0.8001689940156543,PA2564,False
PA2565_at,0.37097247785000054,1.9429662003557575,0.1096534360386844,0.43840803259331607,PA2565,False
PA2566_at,0.3413043275499996,1.6159319059874655,0.16703116808444446,0.5407840788476568,PA2566,False
PA2567_at,2.2858846563500004,10.79339680254947,0.00011840723449816436,0.009740048255937358,PA2567,True
PA2568_at,0.2534783578000006,1.391338055078747,0.2228548135968578,0.6190294633464393,PA2568,False
PA2569_at,0.27435624115000046,1.653533151021145,0.15912935889496221,0.5273848009322903,PA2569,False
PA2570_pa1L_at,0.0037957782000002105,0.023099073978108012,0.982464745185902,0.996516886121699,PA2570,False
PA2571_at,0.4286898056499995,1.76285004658158,0.1382148765965919,0.48860826645497896,PA2571,False
PA2572_at,0.1312418222999998,0.8012609636569406,0.4593474044197106,0.8134629494571259,PA2572,False
PA2573_at,0.13288941319999914,0.8283240907464107,0.44521203186698904,0.8013892766037469,PA2573,False
PA2574_at,0.06981578575000036,0.45113132956940055,0.6707868864053576,0.9099450595487288,PA2574,False
PA2575_at,-0.3196847222500008,-1.3684201732851424,0.2294639304673514,0.6258687185963069,PA2575,False
PA2576_at,0.12653788420000023,0.6284765908875308,0.5572796931177342,0.8622892412436864,PA2576,False
PA2577_at,0.4223409627499999,2.479034548792987,0.0559072193826056,0.30385031697693127,PA2577,False
PA2578_at,0.16562561259999997,1.0239074148597438,0.3528387326858196,0.7396042665914296,PA2578,False
PA2579_at,0.3680065711999996,2.0062422090049004,0.10113023688416363,0.42027425490084275,PA2579,False
PA2580_at,0.4014717678000004,2.0032861178656254,0.10151262583236242,0.42027425490084275,PA2580,False
PA2581_at,-0.4926426402499997,-1.8205230941709483,0.12832277551166313,0.47353254693794805,PA2581,False
PA2582_at,-0.4700697787500001,-1.2252067064347363,0.27506017811970634,0.6687173127677457,PA2582,False
PA2583_at,0.0606094762999998,0.39183608107892864,0.7113230436810221,0.9233164875819249,PA2583,False
PA2584_pgsA_at,-0.4901333467000004,-2.6143189194093863,0.04742180594518592,0.2822292717829771,PA2584,False
PA2585_uvrC_at,-0.16589434735000008,-1.029962519294159,0.3502496830462056,0.7364996213014565,PA2585,False
PA2586_gacA_at,-0.0010837335999998032,-0.004959884282730282,0.996234408018095,0.9995707784437029,PA2586,False
PA2587_at,0.013194299699999412,0.07254906166951483,0.9449776900223328,0.9880596857207466,PA2587,False
PA2588_at,-0.06906179540000013,-0.4433752110138331,0.6760216673507309,0.9103325403858161,PA2588,False
PA2589_at,-0.012798563749999659,-0.07868985370506106,0.9403314865233962,0.9865867440986119,PA2589,False
PA2590_at,0.21458740274999943,1.393331629997427,0.2222884548125641,0.6186655791956824,PA2590,False
PA2591_at,-0.005214110550000761,-0.03278107901262871,0.9751175137242294,0.9950099926325614,PA2591,False
PA2592_at,-0.06997457080000036,-0.4405246394814792,0.6779508300195158,0.910405918332983,PA2592,False
PA2593_at,0.18931565819999996,1.1562403413338875,0.2998235518318371,0.6948549099851672,PA2593,False
PA2594_at,-0.2786056840000004,-1.777050452630319,0.1357095050015554,0.48543820376893027,PA2594,False
PA2595_at,0.22007476965000006,1.091507043340226,0.3248315969914402,0.7185113791400289,PA2595,False
PA2596_at,-0.0750353822999994,-0.4236834401096477,0.6894050567892461,0.9164042828052175,PA2596,False
PA2597_at,0.41411776330000016,2.3888404208686675,0.062477300915537874,0.32162429509738605,PA2597,False
PA2598_at,0.15003544019999993,0.7945709501017367,0.4628925410747122,0.8152559834726978,PA2598,False
PA2599_at,0.014502890850001116,0.08596832917176953,0.934827997231589,0.9856817673659057,PA2599,False
PA2600_at,0.18434716900000003,1.1715433146644791,0.29416404231156956,0.6889970366278944,PA2600,False
PA2601_at,0.22846583900000006,1.19638117308185,0.28517949147999183,0.6809579464494735,PA2601,False
PA2602_at,0.026776696350000684,0.17200305721919532,0.8701802143817905,0.9706046507203371,PA2602,False
PA2603_at,0.20075165729999966,1.2008224091763846,0.2835989748749982,0.6794816525195073,PA2603,False
PA2604_at,0.8394562893999993,4.781488275119244,0.004964102464529257,0.07700671810166018,PA2604,False
PA2605_at,0.2914759194000003,1.8070042846046865,0.1305749134911315,0.47649241416496746,PA2605,False
PA2606_at,0.19937664839999947,1.2340152800103632,0.2720329248897013,0.6685665309882775,PA2606,False
PA2607_at,-0.027782920249999954,-0.1691666530373787,0.8722964850497056,0.9710349744482906,PA2607,False
PA2608_at,-0.11754203894999993,-0.7483438844928821,0.4879380355503638,0.8280814467735754,PA2608,False
PA2609_at,0.10533193349999959,0.6246939843246357,0.5595688106483501,0.8631084956698607,PA2609,False
PA2610_at,0.1889188415499996,0.8348870970378989,0.44183386647804573,0.8001689940156543,PA2610,False
PA2611_cysG_at,-0.27671869980000086,-1.565480561071354,0.17824524961673574,0.5548130826251224,PA2611,False
PA2612_serS_at,-0.6379459325999992,-2.32636974298085,0.06751574854468785,0.3350739426087965,PA2612,False
PA2613_at,-0.030667986050000096,-0.1643474947131901,0.8758948776707242,0.9711271364615739,PA2613,False
PA2614_lolA_at,-0.723105455599999,-4.609919913104055,0.005788011061566207,0.08350057134406542,PA2614,False
PA2615_ftsK_at,-0.13237034239999979,-0.6273104968408055,0.5579847337540788,0.8624792139296544,PA2615,False
PA2616_trxB1_at,-0.3400011396499991,-1.526789106137785,0.18734221564739068,0.5708069423484791,PA2616,False
PA2617_aat_at,-0.10390004509999962,-0.662598312280353,0.5369051912198065,0.8510577059403533,PA2617,False
PA2618_at,0.10926037209999961,0.6705381203545611,0.5322358658958203,0.8495240691935472,PA2618,False
PA2619_infA_at,-2.7649470781999996,-10.85212978724321,0.0001153474854966361,0.009740048255937358,PA2619,True
PA2620_clpA_at,0.5078980977500009,1.964848750456749,0.10662434500665502,0.431630601588151,PA2620,False
PA2621_at,0.8408910768499993,2.8594161555181263,0.03543068710985733,0.23859808513134953,PA2621,False
PA2622_cspD_at,0.5984176622500001,2.5438849872306184,0.05164893315415504,0.2936524945261896,PA2622,False
PA2623_icd_at,-0.3642347476999994,-1.352367282634921,0.2342023390232027,0.6306106896114232,PA2623,False
PA2624_idh_at,-0.47273415329999935,-2.5575290968729645,0.05079889171557258,0.29199441077916033,PA2624,False
PA2625_at,-0.06526742944999997,-0.38578126603604346,0.7155269783190152,0.924053348898532,PA2625,False
PA2626_trmU_at,-0.5692822892999994,-2.9631454412291274,0.031404586288216935,0.22402424756981487,PA2626,False
PA2627_at,-0.7594841434500008,-2.9721787461863634,0.03107888200555026,0.22227253886351012,PA2627,False
PA2628_at,-0.1990114032500001,-1.2480510220793355,0.26727139667180333,0.6659598053086069,PA2628,False
PA2629_purB_at,-2.0658067294499993,-12.755456387797112,5.267949775988468e-05,0.007862149028540983,PA2629,True
PA2630_at,0.15282148879999902,0.985821943402355,0.369490960527582,0.7507158417899026,PA2630,False
PA2631_at,0.40924408549999924,2.2058041105429096,0.07851801443555274,0.36300716587605514,PA2631,False
PA2632_at,0.056653912099998927,0.3333681449431474,0.752381832482055,0.937451199405033,PA2632,False
PA2633_at,0.2325321997500005,1.4493215275222695,0.20692800583583365,0.6011738609820912,PA2633,False
PA2634_at,-0.04392107695000114,-0.1307925137774453,0.90103892115231,0.9768224065773544,PA2634,False
PA2635_at,0.04413618635000027,0.2828672219490333,0.7886153593811271,0.95049202662675,PA2635,False
PA2636_at,0.22288062865000047,1.2801450766454856,0.25666693833048365,0.6542085221758865,PA2636,False
PA2637_nuoA_at,-0.5777315697000001,-2.3885684503764257,0.06249833506849094,0.32162429509738605,PA2637,False
PA2638_nuoB_at,-1.1375317922,-4.722792756096148,0.0052295857345574515,0.0789692974478556,PA2638,False
PA2639_nuoD_at,-0.2364295161000003,-0.8521402852051408,0.43304588442461284,0.7965337736635222,PA2639,False
PA2640_nuoE_at,-0.8970743819000004,-2.8257204469431216,0.03685972254970274,0.24394837511180426,PA2640,False
PA2641_nuoF_at,-1.0296850013000007,-5.521513092722524,0.00266893853235209,0.05296541733167587,PA2641,False
PA2642_nuoG_at,-0.8421690502000008,-5.188500926225472,0.003500407975486091,0.06205843778226244,PA2642,False
PA2643_nuoH_at,-0.805653648599999,-2.38840815008708,0.06251073625406212,0.32162429509738605,PA2643,False
PA2644_nuoI_at,-0.3123414139500005,-1.0947624734874428,0.3235321149636523,0.7168000199685136,PA2644,False
PA2645_nuoJ_at,-0.8896676856500001,-4.523082353052044,0.00626512786797473,0.08780129197833157,PA2645,False
PA2646_nuoK_at,-1.0069904857500003,-5.113889523866155,0.003726256976159676,0.06457391809810445,PA2646,False
PA2647_nuoL_at,-0.6032456002000011,-2.287288026647271,0.07088919915024083,0.34261348530714303,PA2647,False
PA2648_nuoM_at,-1.2767524328000004,-4.008327405121716,0.010238485414021253,0.11793292592354031,PA2648,False
PA2649_nuoN_at,-0.91862000285,-4.860056654600078,0.004632920139897679,0.07410154332455908,PA2649,False
PA2650_at,0.29127215355000047,1.5862804938284043,0.1735349405596824,0.5506343181316931,PA2650,False
PA2651_at,0.032216576449999756,0.1876433356133554,0.8585334752359399,0.968096620274794,PA2651,False
PA2652_at,0.18611529459999954,1.150304313176809,0.30204456673035623,0.6971899293234811,PA2652,False
PA2653_at,-0.02547246114999968,-0.1520942528162385,0.8850592934619055,0.9734987698676052,PA2653,False
PA2654_at,0.1375271693000002,0.8497079071882285,0.4342766907374091,0.7972939790657073,PA2654,False
PA2655_i_at,0.09555266874999901,0.5535160234695246,0.6037490940979492,0.8801012814699356,PA2655,False
PA2656_at,0.35557437804999914,2.0301118725715432,0.09809718694800174,0.4127234041286192,PA2656,False
PA2657_at,-0.07535968354999945,-0.4626579478816184,0.6630463211107483,0.9061273847359798,PA2657,False
PA2658_at,0.04636677020000057,0.2509384834057662,0.8118477819088491,0.9573464196762103,PA2658,False
PA2659_at,-0.6237189641999992,-2.328703330514068,0.06731985648718897,0.3350711893550248,PA2659,False
PA2660_at,-0.38854524899999987,-2.074279348479088,0.09273372115433635,0.39754601800030864,PA2660,False
PA2661_at,-0.13432283245000054,-0.796983058937708,0.4616120070435786,0.8144629117081845,PA2661,False
PA2662_at,2.76121361725,12.221344501643646,6.48708040082866e-05,0.007954782341516144,PA2662,True
PA2663_at,3.4311595971999997,18.657145709963395,8.143333524472486e-06,0.003687050855772697,PA2663,True
PA2664_fhp_at,3.12481207185,12.282644669995113,6.331188929943747e-05,0.007954782341516144,PA2664,True
PA2665_at,0.16497138029999991,1.0641406468985666,0.33593345430886756,0.727823157762282,PA2665,False
PA2666_at,-0.13863543635000042,-0.8770117059510854,0.4206139163751085,0.7879482850999008,PA2666,False
PA2667_at,-1.416984858000001,-6.020655099271329,0.0018179531162592513,0.04196263546000766,PA2667,True
PA2668_at,0.07801058009999995,0.45336951178407625,0.6692801940832429,0.9089370277362356,PA2668,False
PA2669_at,-0.16585823374999986,-1.027368089093513,0.3513570596455723,0.7378122201476413,PA2669,False
PA2670_at,0.03963163045000018,0.22864982580108456,0.8281986227512513,0.9606994857547716,PA2670,False
PA2671_at,0.09291473804999928,0.5404043810531886,0.6121110253043478,0.8826895894747723,PA2671,False
PA2672_at,0.08689680195000093,0.514837512438376,0.6286093832432282,0.8884273619661383,PA2672,False
PA2673_at,-0.06931490759999903,-0.37527261627458214,0.7228503874597408,0.9261683535206953,PA2673,False
PA2674_at,0.11924344460000036,0.6965330146915555,0.5171400073042458,0.8433850004784389,PA2674,False
PA2675_at,0.1899880895999999,0.694576695512018,0.5182658288425598,0.8433850004784389,PA2675,False
PA2676_at,0.07505364859999997,0.41879999389244277,0.6927443421578924,0.917321304373758,PA2676,False
PA2677_at,0.2589179911999997,1.5792757576508984,0.17510741049939396,0.5518821854408956,PA2677,False
PA2678_at,-0.053554187599999636,-0.27808376200221935,0.7920808640949701,0.9513555075943022,PA2678,False
PA2679_at,0.3118378468499996,1.884898344369037,0.11813126845714056,0.4557071568668282,PA2679,False
PA2680_at,0.3589842218999997,1.8608647070363054,0.12183531192348947,0.4635569786565346,PA2680,False
PA2681_at,0.13047146534999943,0.7788982856716903,0.47127652273222015,0.8197203347523191,PA2681,False
PA2682_at,0.1858524392499996,1.0265818973223673,0.3516932066831201,0.7380045377340977,PA2682,False
PA2683_at,0.18325399345000015,0.9406728657402529,0.39006130281287316,0.7640318039346785,PA2683,False
PA2684_at,-0.226030348050001,-1.13902672380787,0.30630398220706917,0.7019494382532838,PA2684,False
PA2685_at,0.03982364064999988,0.2450702662245656,0.8161425534441599,0.9574709315240111,PA2685,False
PA2686_pfeR_at,0.04948154450000031,0.30253549780919786,0.7744251946821673,0.9444021952716097,PA2686,False
PA2687_pfeS_at,0.07799055530000043,0.5025915068581146,0.6366005251788388,0.8927066609189876,PA2687,False
PA2688_pfeA_at,0.011289084149999518,0.07246199430510289,0.94504358466477,0.9880596857207466,PA2688,False
PA2689_at,0.13108121055000055,0.7587529505341031,0.48221500426470193,0.8262640000017584,PA2689,False
PA2691_at,0.7741334589499997,2.554012738721045,0.051016490986044286,0.29256500457642326,PA2691,False
PA2692_at,0.2361407813499996,0.7433033850198713,0.49072673253648796,0.8287631291476119,PA2692,False
PA2693_at,0.10012572154999999,0.6148182202904908,0.5655736991542598,0.8644421691046412,PA2693,False
PA2694_at,0.1306140578499999,0.7850472828699334,0.46797400258275096,0.817765410845411,PA2694,False
PA2695_at,0.04911819964999964,0.23065979106934847,0.8267199191089669,0.9603460516825298,PA2695,False
PA2696_at,0.17443336814999988,1.01587210400002,0.3562991493649967,0.7419045991183242,PA2696,False
PA2697_at,0.38647106470000026,1.6103865643938784,0.16822893106006195,0.5428703334536867,PA2697,False
PA2698_at,-0.07862875160000016,-0.4385696547803462,0.6792755119207293,0.9105478622558444,PA2698,False
PA2699_at,-0.08486436899999994,-0.497051192818398,0.6402344360673359,0.894474220434925,PA2699,False
PA2700_at,0.1453933223499999,0.7752155040894595,0.47326260787244784,0.8212334050522487,PA2700,False
PA2701_at,0.01899703095000005,0.11785792650603415,0.9107684416482281,0.9779955293250645,PA2701,False
PA2702_at,-0.5673417370499991,-3.3726565063828833,0.019832195420327166,0.17268092047935754,PA2702,False
PA2703_at,0.030757056500000157,0.17350177946732118,0.8690624980851006,0.9702803940776634,PA2703,False
PA2704_at,0.07023268430000051,0.4385794684044451,0.6792688590053758,0.9105478622558444,PA2704,False
PA2705_at,0.3860459077500007,2.284723482489347,0.07111680820619819,0.34261348530714303,PA2705,False
PA2706_at,0.6214068159499995,3.8186021983990424,0.012390785496384676,0.1333311945735287,PA2706,False
PA2707_at,1.0381112625500002,3.5397976023743856,0.016566138326543946,0.1556421756259807,PA2707,False
PA2708_at,0.19078612930000016,1.1132587403506022,0.31623362000426497,0.710403755609283,PA2708,False
PA2709_cysK_at,-0.14146373859999972,-0.8448787361918446,0.4367282106402742,0.7973269324804781,PA2709,False
PA2710_at,0.32552322384999943,2.05230585587519,0.09536249070587631,0.4061531261177916,PA2710,False
PA2711_at,0.22628940695000033,1.405433986345414,0.2188793338380723,0.6137797803577387,PA2711,False
PA2712_at,0.22942179604999957,1.0582345221423606,0.3383713800232688,0.7300784247862756,PA2712,False
PA2713_at,0.44344204449999935,2.1345010656463757,0.0859131598381644,0.38050026998302156,PA2713,False
PA2714_at,0.12560912780000022,0.7609531197932765,0.48101152108902356,0.8251920178169608,PA2714,False
PA2715_at,-0.01443664439999992,-0.08078922979557232,0.9387436777092423,0.9864272489053094,PA2715,False
PA2716_at,0.14539323829999962,0.9217592383503268,0.3989485112537803,0.773695819916215,PA2716,False
PA2717_cpo_at,0.16296107859999953,0.8976530571822777,0.4105080981666716,0.7815232419014515,PA2717,False
PA2718_at,0.33528714510000057,1.70333146907295,0.14923447845629817,0.5086242849992884,PA2718,False
PA2719_at,-0.02170429919999961,-0.14090424111278987,0.8934463822933459,0.9755480785498487,PA2719,False
PA2720_at,-0.15348162035000001,-0.9147069032100338,0.4023033017636342,0.7760005115100056,PA2720,False
PA2721_at,0.025445888749999312,0.15175643489892665,0.8853122500058479,0.9734987698676052,PA2721,False
PA2722_at,-0.15392505945000012,-0.9604053778800424,0.3809595777054332,0.7588250674701116,PA2722,False
PA2723_at,0.21764333690000015,1.3486579032359902,0.2353101876246786,0.6319681068847252,PA2723,False
PA2724_r_at,0.2094680272500007,1.3376083508175214,0.23863928546298496,0.6355487228609914,PA2724,False
PA2725_at,-0.1261673209499996,-0.7888333378497163,0.4659490265921359,0.81641282802254,PA2725,False
PA2726_at,0.08113506709999996,0.5188614529501657,0.6259960050134159,0.8879156288552206,PA2726,False
PA2727_at,0.0801875791000004,0.43168821479464337,0.6839487382868535,0.9133100369862714,PA2727,False
PA2728_at,0.22653314914999978,1.2880894107975007,0.25410203033373224,0.6516969719147486,PA2728,False
PA2729_at,-0.02631019840000004,-0.16051679499771124,0.8787576356034903,0.9713567895581238,PA2729,False
PA2730_at,-0.35745003000000075,-1.7799991251588185,0.1351950738562691,0.4849346844194368,PA2730,False
PA2731_at,-0.26384421115000034,-1.2083195591469298,0.2809486966945659,0.6763452060303538,PA2731,False
PA2732_at,-0.038380078200000334,-0.12322776783894396,0.9067269297857325,0.9779955293250645,PA2732,False
PA2733_at,-0.4482686743999995,-2.0912982842710277,0.09075012839618922,0.3918084538968609,PA2733,False
PA2734_at,-0.2849144428499999,-1.3769331954910082,0.2269877018257516,0.6240332480876686,PA2734,False
PA2735_at,-0.11689332475000036,-0.6712923442332279,0.5317937315902352,0.8495240691935472,PA2735,False
PA2736_at,0.23899782154999993,0.9355382146190385,0.3924581680519195,0.7661720653909115,PA2736,False
PA2737_at,0.6874751025499997,4.0822212969213725,0.009519099267178267,0.1129625368681679,PA2737,False
PA2738_himA_at,0.8972033599999989,4.890663881572218,0.00451092651222449,0.07294316882130042,PA2738,False
PA2739_pheT_at,-1.0117333526499994,-3.9813160557247502,0.010516938825165568,0.12009650183039332,PA2739,False
PA2740_pheS_at,-1.32116861055,-7.377246540614814,0.000719318738292672,0.025254195589498627,PA2740,True
PA2741_rplT_at,-0.8330710545999995,-2.499540100770207,0.054520762165877486,0.2990766133349067,PA2741,False
PA2742_rpmI_at,-0.7167573571999988,-3.263498057454611,0.02235887691031627,0.18354860459431183,PA2742,False
PA2743_infC_at,-0.8529895776499998,-5.014883621318464,0.004052789018196098,0.06776908000313134,PA2743,False
PA2744_thrS_at,-1.341285858100001,-5.580401890642343,0.0025472522556285308,0.05170043716079149,PA2744,False
PA2745_at,0.24105188815000034,1.5123412581772482,0.19085372568338763,0.5760846304473947,PA2745,False
PA2746_at,0.19706064049999972,1.2409887476718808,0.26965771343753375,0.666879128600975,PA2746,False
PA2747_at,0.01853021700000035,0.11809801289773066,0.9105876786566656,0.9779955293250645,PA2747,False
PA2748_at,0.06798093750000023,0.43431249987734216,0.6821646631895066,0.9128252554564805,PA2748,False
PA2749_endA_at,-0.028537503949999987,-0.16151664686665845,0.8780102217578885,0.9713567895581238,PA2749,False
PA2750_at,-0.12460875774999991,-0.4050499885727998,0.7021889138164294,0.9219928867228585,PA2750,False
PA2751_at,0.21253742609999993,1.3688859889569278,0.22932778321288325,0.6257873583639456,PA2751,False
PA2752_at,-0.3697766893499992,-2.0625277910374384,0.09412999095208131,0.40235956916772014,PA2752,False
PA2753_at,1.7880939792499992,10.620510221322082,0.0001279923915458638,0.009912673903144136,PA2753,True
PA2754_at,2.511468258749999,12.286334770115186,6.321948309509114e-05,0.007954782341516144,PA2754,True
PA2755_eco_at,-0.9541180273000007,-3.9978052604426337,0.010345934206177305,0.11870598194456067,PA2755,False
PA2756_at,-0.14853424524999959,-0.6946325814460612,0.5182336443803593,0.8433850004784389,PA2756,False
PA2757_at,0.06306875350000052,0.3894786745184025,0.7129584498912417,0.9233164875819249,PA2757,False
PA2758_at,0.23964262054999974,1.5451887754920688,0.1829610577952357,0.5648315773389524,PA2758,False
PA2759_at,0.055533096250000025,0.35551099265482294,0.7367130424360283,0.9305276192227117,PA2759,False
PA2760_at,-1.8471374024999996,-7.089728290335251,0.000864507016681194,0.02735746397949198,PA2760,True
PA2761_at,-0.13718618584999964,-0.8526499968706922,0.43278830390378265,0.7965337736635222,PA2761,False
PA2762_at,-0.1791786835999991,-1.1580242447452818,0.2991589030640344,0.6947669087376258,PA2762,False
PA2763_at,0.012728393599999777,0.07514164756343601,0.9430157908843668,0.9871227005415941,PA2763,False
PA2764_at,0.10454930299999976,0.6233488993855508,0.5603842687265363,0.8631485328685342,PA2764,False
PA2765_at,-0.3152078273500001,-1.8744418271850694,0.11972837735107776,0.45940106198725145,PA2765,False
PA2766_at,-0.26160585449999996,-1.305898909327185,0.24843737394633172,0.6464643603218871,PA2766,False
PA2767_at,0.005373413050000497,0.03492137154217036,0.9734936920743981,0.9940985203938076,PA2767,False
PA2768_at,-0.07300098430000013,-0.388103687733472,0.7139131293960772,0.9237526901846429,PA2768,False
PA2769_at,-0.24747797830000096,-1.3200163180683488,0.24403003250244212,0.6400894702804698,PA2769,False
PA2770_at,-0.9267868794999998,-5.028007891805527,0.004007635841073537,0.06720497025800239,PA2770,False
PA2771_at,-0.3755964901499995,-2.3371253001329526,0.06661795240329318,0.3328635550473546,PA2771,False
PA2772_at,-0.7817243682999999,-3.322782147019679,0.02094418509472639,0.17695667980349855,PA2772,False
PA2773_at,0.009201309350000741,0.05783425353386998,0.9561208104188268,0.988925396370607,PA2773,False
PA2774_at,-0.20807901080000057,-1.253100446894599,0.2655769714143765,0.6645802547909756,PA2774,False
PA2775_at,-0.08169440954999985,-0.3862191982459442,0.7152225303767796,0.924053348898532,PA2775,False
PA2776_at,1.0060272734000009,6.285425896831092,0.0014980138285619828,0.03800564394360272,PA2776,True
PA2777_at,0.2583179478500002,1.172955860965125,0.29364642851736206,0.6883646675965936,PA2777,False
PA2778_at,0.3512618640500005,2.2581769174458963,0.07351945569396207,0.3498266097127411,PA2778,False
PA2779_at,0.44282315305,2.2684111083606826,0.07258304260424019,0.3470542557015091,PA2779,False
PA2780_at,-0.26265367650000027,-1.2015333029150892,0.28334671457912125,0.6794816525195073,PA2780,False
PA2781_at,-0.15380854614999961,-0.6435437092922596,0.5482216678958676,0.8588854770388811,PA2781,False
PA2782_at,0.22669062225000047,1.2275656478327939,0.27424651453279014,0.6687173127677457,PA2782,False
PA2783_at,-0.027720968100000576,-0.16593893873741258,0.8747061894515878,0.9711271364615739,PA2783,False
PA2784_at,0.05574526154999937,0.3409215190476656,0.7470211926767434,0.9347029128473151,PA2784,False
PA2785_at,0.33795743464999894,1.8579708968322926,0.12228928303279614,0.46378525768752454,PA2785,False
PA2786_at,0.1830322018499997,1.1284516539949587,0.31034570871661127,0.7045853004950737,PA2786,False
PA2787_cpg2_at,-0.1482373923,-0.8624389816201053,0.4278642319271217,0.7917035111986916,PA2787,False
PA2788_at,0.2462209398499997,0.8727089987195302,0.42274466260553273,0.7896403987197849,PA2788,False
PA2789_at,0.07832088665000025,0.444706271995409,0.6751218166111159,0.9103325403858161,PA2789,False
PA2790_at,0.05908095624999987,0.3577444188042641,0.7351404765840243,0.9305276192227117,PA2790,False
PA2791_at,0.07221913529999968,0.4641486417924794,0.6620487044817922,0.9061273847359798,PA2791,False
PA2792_at,-0.18934012285000001,-1.0667486462309435,0.33486168551192885,0.727823157762282,PA2792,False
PA2793_at,-0.28722940439999967,-1.4525652657501036,0.20606981429968563,0.5995418187477776,PA2793,False
PA2794_at,-0.07251928310000011,-0.4525580546637542,0.6698262449851872,0.9092705899406853,PA2794,False
PA2795_at,-0.30283528599999965,-1.9627918576071228,0.10690533186923594,0.43217361496038653,PA2795,False
PA2796_tal_at,0.006298889700000032,0.03565390953216159,0.9729379547579243,0.9940985203938076,PA2796,False
PA2797_at,-0.04261756680000062,-0.26407698443734967,0.802259494724373,0.9547965555015031,PA2797,False
PA2798_at,-0.4261862445499993,-2.4791166465872934,0.05590159247519601,0.30385031697693127,PA2798,False
PA2799_at,0.18645893550000014,0.8908719395080669,0.4138069091402338,0.7840175631684196,PA2799,False
PA2800_at,-1.2009698380000007,-4.57293406181035,0.00598587097586719,0.08530953163185055,PA2800,False
PA2801_at,-0.40054621034999993,-2.5665785091011832,0.050243551369262895,0.29050446302503086,PA2801,False
PA2802_at,-0.1520143148500006,-0.9573380826707306,0.3823630011176064,0.7608480813313832,PA2802,False
PA2803_at,0.24854967244999937,1.4245126110432902,0.2136054073461288,0.6086182216614947,PA2803,False
PA2804_at,0.045864881950000935,0.25979488254954175,0.8053802791709268,0.9549026999934038,PA2804,False
PA2805_at,1.422207943250001,6.103717103913077,0.0017096073095663297,0.04059568362982417,PA2805,True
PA2806_at,0.05324667994999999,0.3178856127661316,0.7634190801974737,0.9403203852199687,PA2806,False
PA2807_at,-0.02701253625000044,-0.17057893086429318,0.8712426171709996,0.9708999186200188,PA2807,False
PA2808_i_at,0.02464505085000024,0.07039861442850613,0.9466053439356403,0.988227757562009,PA2808,False
PA2809_at,0.1240313976499996,0.5330196307747181,0.6168503883799112,0.8840461541097148,PA2809,False
PA2810_at,0.03347770419999918,0.15249551281099222,0.8847588519480359,0.9734987698676052,PA2810,False
PA2811_at,-0.031938119749999494,-0.1894716874546219,0.8571745617283654,0.9680217709771984,PA2811,False
PA2812_at,-0.3130381707999996,-1.5466540005977998,0.18261649581550624,0.5642418343149972,PA2812,False
PA2813_at,0.1429526451999994,0.7939429379146827,0.46322636805093376,0.8154589636612436,PA2813,False
PA2814_at,0.19489637399999982,1.2136036687754734,0.2790940861615168,0.67380959439979,PA2814,False
PA2815_at,0.29925457494999996,1.7469269550334914,0.1410799333703996,0.49369589049831863,PA2815,False
PA2816_i_at,0.35465100519999915,1.9575157764612665,0.10762960894100965,0.4339095056347827,PA2816,False
PA2817_at,-0.31189425620000044,-1.6886979059342806,0.15207655287608937,0.5135528343251073,PA2817,False
PA2818_at,0.012245154600000419,0.07676040925207678,0.941791049399607,0.9870191639405336,PA2818,False
PA2819_at,-0.26110261889999986,-0.9121510795556981,0.403524614172005,0.7766991102081169,PA2819,False
PA2820_at,0.22124503655000005,1.0455538099483053,0.3436563885815635,0.7336820831306067,PA2820,False
PA2821_at,0.08943124064999886,0.5783859927021285,0.5880767458932464,0.8759445710736805,PA2821,False
PA2822_at,-0.1712031597500001,-1.0144443231603009,0.35691697437180686,0.7419691956371308,PA2822,False
PA2823_at,-0.5760412120999998,-2.1767033767406887,0.08145103560432353,0.3698597558227018,PA2823,False
PA2824_at,-0.04748427394999988,-0.3053127372484987,0.7724293477535591,0.9439730807977795,PA2824,False
PA2825_at,0.12105630850000004,0.7616210500971483,0.4806465944082467,0.8248063716288454,PA2825,False
PA2826_at,0.5229238068000006,2.392877345197987,0.062165984637515326,0.3206914860441851,PA2826,False
PA2827_at,0.710555299300001,4.407404920276034,0.006973450398861406,0.09506370563560775,PA2827,False
PA2828_at,-0.4633168572000006,-2.5409421438677167,0.05183430676687294,0.2939274851924991,PA2828,False
PA2829_at,0.1308472955500002,0.7641315622086332,0.479276749884101,0.8233483706293875,PA2829,False
PA2830_htpX_at,0.751858028800001,3.30758073496244,0.021297030602103424,0.1790776030342582,PA2830,False
PA2831_at,-0.3383870669999993,-2.035310331734451,0.09744935278671017,0.4108788613915302,PA2831,False
PA2832_tpm_at,-0.18619893859999959,-1.184048834290269,0.28960949424336585,0.6844914260484477,PA2832,False
PA2833_i_at,0.49319781980000066,2.810052151404537,0.03754592488686416,0.24775259404045116,PA2833,False
PA2834_at,0.36463919654999977,2.3229454028368113,0.06780431510808309,0.33565489198573606,PA2834,False
PA2835_at,0.2196062606,1.1343932726366965,0.30806916568659565,0.7022099969664496,PA2835,False
PA2836_at,-0.10374720690000006,-0.568427709662611,0.5943222883839365,0.8773967869144345,PA2836,False
PA2837_at,0.20699469364999956,1.2487233107089126,0.26704523347866604,0.6659598053086069,PA2837,False
PA2838_at,0.1074842289000002,0.6682366095736898,0.5335865585811321,0.8495240691935472,PA2838,False
PA2839_at,-0.07923431225000055,-0.4643024143193538,0.661945840475895,0.9061273847359798,PA2839,False
PA2840_at,-0.9018336390999995,-5.623131505850432,0.0024630246545426088,0.05086794076013261,PA2840,False
PA2841_at,-0.008780199350000295,-0.0502571730046732,0.9618633448718762,0.9904701973260782,PA2841,False
PA2842_at,-0.09307037280000063,-0.5950528990374797,0.5777141553840568,0.8696759855192071,PA2842,False
PA2843_at,0.05475373194999911,0.3078840174893537,0.7705832883133507,0.943355498130695,PA2843,False
PA2844_at,-0.06169421860000046,-0.33521059799902486,0.7510727663775527,0.9365851548131512,PA2844,False
PA2845_at,0.07143552630000016,0.4451268267379091,0.6748376324160381,0.9102446694706253,PA2845,False
PA2846_at,0.027404683100000327,0.1463098827424529,0.8893927189792824,0.9742452680640888,PA2846,False
PA2847_at,0.10395990454999993,0.6689330435599026,0.5331775990470858,0.8495240691935472,PA2847,False
PA2848_at,-0.16640425605000075,-0.9943557024831758,0.3657043468542112,0.7476678657811348,PA2848,False
PA2849_at,-0.34278402939999975,-1.7620862149321528,0.13835095979046433,0.4887957679031651,PA2849,False
PA2850_ohr_at,-0.5340012308500004,-3.3336738799885954,0.02069544191124756,0.17654111752116394,PA2850,False
PA2851_efp_at,-2.38245088345,-9.199996505500458,0.0002546263819521794,0.01498730884170528,PA2851,True
PA2852_at,0.018744761549999822,0.11867887341392543,0.9101503694558613,0.9779955293250645,PA2852,False
PA2853_oprI_at,0.029420563400000432,0.14349145668400684,0.8915057733233595,0.9745229179117672,PA2853,False
PA2854_at,-0.23135632929999872,-1.2217845944626473,0.27624442256534726,0.6697885536132078,PA2854,False
PA2855_at,0.10849792459999996,0.7017564366935178,0.5141422545450719,0.8425290708855466,PA2855,False
PA2856_tesA_at,-0.14739770260000107,-0.9162875892373331,0.4015494307570246,0.7760005115100056,PA2856,False
PA2857_at,0.4423012351000004,2.709460298143745,0.04230342468177236,0.2638688875701429,PA2857,False
PA2858_at,-0.05408115974999994,-0.3191383048309923,0.762523638539559,0.9403203852199687,PA2858,False
PA2859_greB_at,-0.4455948480999994,-1.7250286265786525,0.14511835656037445,0.5008459076759094,PA2859,False
PA2860_at,0.02951963010000025,0.17476150255148806,0.8681232904639989,0.9699834623855886,PA2860,False
PA2861_ligT_at,0.15948991085000008,1.0033074810732412,0.3617666963902471,0.7441877068055824,PA2861,False
PA2862_lipA_at,0.41762740480000105,2.4485298839395764,0.05804125638699377,0.30927462091660046,PA2862,False
PA2863_lipH_at,0.05317512064999974,0.3441958755947649,0.7447023825665656,0.9331930364751981,PA2863,False
PA2864_at,-0.06528724255000018,-0.4156005795759368,0.694936393885507,0.9177463797195634,PA2864,False
PA2865_at,0.1027381591499994,0.5747344294782841,0.5903622347008649,0.8759445710736805,PA2865,False
PA2866_mttC_at,-0.056242118350001036,-0.24857550795106664,0.8135762808380842,0.9574355326739455,PA2866,False
PA2867_at,1.5357891526999996,6.911986455713856,0.0009716565184413111,0.029633006567593562,PA2867,True
PA2868_i_at,0.9445216787000001,3.133358557360547,0.025859264024591804,0.2024836250620265,PA2868,False
PA2869_at,0.37867889944999966,2.3338143220691148,0.06689295120085441,0.3336711108205331,PA2869,False
PA2870_at,0.3003216491000007,0.9493541474075117,0.38603563890627307,0.7627205968461171,PA2870,False
PA2871_at,0.10055322519999965,0.5963047287849369,0.5769404399421514,0.8696759855192071,PA2871,False
PA2872_at,0.18244657859999958,1.1681176428759117,0.29542269995212683,0.6908107049851584,PA2872,False
PA2873_at,0.13878280879999982,0.8645458671297427,0.426810077357172,0.7911194174962884,PA2873,False
PA2874_at,0.0071795110999999245,0.03822215935228156,0.9709897011487936,0.9940985203938076,PA2874,False
PA2875_at,0.0628715354499998,0.39973649471894845,0.7058551438792238,0.9219928867228585,PA2875,False
PA2876_pyrF_at,-0.4778778451000001,-2.234475740474359,0.07573808589029023,0.35598058282643325,PA2876,False
PA2877_at,0.07160413205000005,0.4004498240983743,0.7053624285835959,0.9219928867228585,PA2877,False
PA2878_at,0.23133497440000017,1.3849978841777841,0.22466506169686382,0.6217106502810251,PA2878,False
PA2879_at,0.17717904539999907,1.064204927352203,0.3359070029592255,0.727823157762282,PA2879,False
PA2880_at,0.021203106850000264,0.13471049540265095,0.8980955714388079,0.9768224065773544,PA2880,False
PA2881_at,0.06476366769999942,0.39659108498694795,0.7080297066139802,0.9230261025758334,PA2881,False
PA2882_at,0.1288354093499997,0.8275249104304934,0.44562472006864823,0.8013892766037469,PA2882,False
PA2883_at,0.8489068789000003,4.339665113124454,0.007431249035717359,0.09763466925051868,PA2883,False
PA2884_at,0.4114865007999997,2.3868874788096637,0.06262851121940105,0.3219488358405193,PA2884,False
PA2885_at,0.41374306949999884,2.609676753224771,0.04768840812384699,0.2832431586447663,PA2885,False
PA2886_at,0.13940583195000045,0.5111807960681253,0.6309896230024489,0.8886253221601184,PA2886,False
PA2887_at,-0.06379302784999918,-0.40614024746958843,0.7014377809337398,0.9219928867228585,PA2887,False
PA2888_at,0.3661747871500003,2.2103300973423896,0.07807204759000531,0.3628215984701058,PA2888,False
PA2889_at,-0.19772589579999966,-1.0894607670183194,0.32565071047648275,0.719782231267209,PA2889,False
PA2890_at,-0.02833222145000036,-0.15268990582626463,0.8846133089939722,0.9734987698676052,PA2890,False
PA2891_at,-0.045802555250000765,-0.22523261115892299,0.8307144697424619,0.9611923272860489,PA2891,False
PA2892_at,0.09757930770000023,0.631712918263765,0.555325964271034,0.8617983449997144,PA2892,False
PA2893_at,-0.21278291869999988,-1.2088375972515424,0.280766389219257,0.6763022869604385,PA2893,False
PA2894_at,0.28135771534999954,1.749061518512887,0.14069240083330525,0.4933396246854255,PA2894,False
PA2895_at,-0.20411234525000044,-1.1052792874728277,0.31936462367410257,0.7150149765704484,PA2895,False
PA2896_at,0.1435950554500005,0.6254882763657297,0.5590876288681675,0.862673404851344,PA2896,False
PA2897_at,0.4499704242500009,1.8662244195539106,0.12099906296272685,0.4620119611104075,PA2897,False
PA2898_at,0.2013352568499993,1.2154423485065335,0.2784513283329867,0.6728097366863546,PA2898,False
PA2899_at,0.4178777628500008,2.396421057674397,0.06189408656051077,0.32041213148211645,PA2899,False
PA2900_at,-0.6269376974499998,-4.044284969881842,0.009880878538974729,0.11516604174337675,PA2900,False
PA2901_at,-0.8519735784,-5.481745792560939,0.0027549762238573737,0.05423341155058362,PA2901,False
PA2902_at,-0.1801532853000003,-1.0876785457932394,0.32636556848609327,0.7203613636523964,PA2902,False
PA2903_cobJ_at,-0.04984199284999935,-0.30851601681537494,0.7701298051481783,0.9429964703769873,PA2903,False
PA2904_cobI_at,-0.07706084975000005,-0.47144499949038565,0.6571772479557898,0.9029284037039633,PA2904,False
PA2905_cobH_at,-0.04676514084999983,-0.2961376364152125,0.7790304782661835,0.9470989880857337,PA2905,False
PA2906_at,-0.24445578085000008,-1.149112066339798,0.3024923953496332,0.6976764259513875,PA2906,False
PA2907_cobL_at,0.14045471085000116,0.7685248228675744,0.4768863839540909,0.8230564392945308,PA2907,False
PA2908_cbiD_at,-0.14149773185000036,-0.6719758732314239,0.5313932521903482,0.8495240691935472,PA2908,False
PA2909_i_at,0.32717068689999973,1.1974583872401368,0.2847954192916387,0.6808994552329126,PA2909,False
PA2910_at,0.11717079694999999,0.42161538833508355,0.6908182121943398,0.9168333702313155,PA2910,False
PA2911_at,-0.0034975547500009085,-0.02060805209090416,0.9843554199266,0.996545579925691,PA2911,False
PA2912_at,0.12152330310000004,0.6312087923432981,0.5556300072475583,0.8617983449997144,PA2912,False
PA2913_at,-0.05510590964999995,-0.3199302950756136,0.7619577300176825,0.9403203852199687,PA2913,False
PA2914_at,-0.02949536574999989,-0.19108562641810767,0.8559754753491573,0.9677349942866916,PA2914,False
PA2915_at,0.2653322979499997,1.5814601638770363,0.17461554423732098,0.5518217681786143,PA2915,False
PA2916_at,0.24218005714999968,1.4074737219920914,0.2183096499405917,0.6136549506953156,PA2916,False
PA2917_at,0.1003112815499998,0.645816239664971,0.5468638521771556,0.8576713652850354,PA2917,False
PA2918_at,0.18244889330000014,1.0311464426454289,0.3497453231763118,0.7364996213014565,PA2918,False
PA2919_at,0.050150165749999864,0.3184769999800224,0.7629962960559133,0.9403203852199687,PA2919,False
PA2920_at,0.5301461144000008,3.069183613040392,0.027809631275640203,0.21012514722518386,PA2920,False
PA2921_at,0.15465674604999968,0.7049593678718885,0.5123099969381443,0.8423063245748372,PA2921,False
PA2922_at,0.17254681374999947,1.055908956001652,0.3393354350620292,0.7307853119639058,PA2922,False
PA2923_hisJ_at,0.2932394690000004,1.8334104177041441,0.12621275943367682,0.46958805437839557,PA2923,False
PA2924_hisQ_at,-0.08283548180000011,-0.5043211513728566,0.6354684054984685,0.8918376334678076,PA2924,False
PA2925_hisM_at,0.12084509259999976,0.7771500587198624,0.4722185642897032,0.8199051532180511,PA2925,False
PA2926_hisP_at,0.03592228875000014,0.19608233011925588,0.8522659502966773,0.9660270328716476,PA2926,False
PA2927_at,0.0931005247999992,0.6060064595817031,0.5709660924150121,0.868430666681381,PA2927,False
PA2928_at,0.04939393435000028,0.28108421887857454,0.7899064608048171,0.9512958162289624,PA2928,False
PA2929_at,0.16380899594999976,0.8906286842088889,0.41392563012996264,0.7840175631684196,PA2929,False
PA2930_at,0.4699472986999993,3.0528248175709884,0.028332853720921578,0.21138549505810184,PA2930,False
PA2931_at,0.07401010830000043,0.43420830279663686,0.6822354550521115,0.9128252554564805,PA2931,False
PA2932_morB_at,0.07448981134999944,0.40468571694535055,0.7024399643817241,0.9219928867228585,PA2932,False
PA2933_at,0.2702620108999998,1.7442335298879426,0.14157046703037604,0.49435093674751396,PA2933,False
PA2934_at,0.10423700205000008,0.6205369691777539,0.5620914617749967,0.8631485328685342,PA2934,False
PA2935_at,0.03502858519999963,0.2206923645508332,0.8340606782674824,0.9623839965013165,PA2935,False
PA2936_at,-0.012226830699999969,-0.07914210814908593,0.9399894087160596,0.9865866012308714,PA2936,False
PA2937_at,1.0035617391500002,5.112223033368365,0.0037314927516193374,0.06457391809810445,PA2937,False
PA2938_at,-0.07749361009999989,-0.49030865776950777,0.6446723414581095,0.8962800000359226,PA2938,False
PA2939_at,-0.12588395694999965,-0.709806181511493,0.5095459238828564,0.8398732310205803,PA2939,False
PA2940_at,0.05294152934999996,0.31976153385473244,0.762078302497631,0.9403203852199687,PA2940,False
PA2941_at,0.028402495599999966,0.1842610270549059,0.8610488203548132,0.968743750798087,PA2941,False
PA2942_at,-0.18116186499999998,-0.8820012340119405,0.4181534993658375,0.7854818184473107,PA2942,False
PA2943_at,-0.11741316310000016,-0.5506155733660506,0.6055929962149347,0.880525985050829,PA2943,False
PA2944_cobN_at,-0.07169044739999997,-0.3792715550957081,0.7200595312429642,0.9249826278690718,PA2944,False
PA2945_at,-0.24238985800000012,-1.4267863072518603,0.21298499338548196,0.6082628195375773,PA2945,False
PA2946_at,-0.3444343903500009,-1.6392520986548602,0.16208582765689053,0.5317933007739452,PA2946,False
PA2947_i_at,0.11424287809999889,0.6221967766130584,0.5610833490719357,0.8631485328685342,PA2947,False
PA2948_cobM_at,-0.32251182410000023,-2.0115770459659497,0.1004439465092511,0.41811391029239886,PA2948,False
PA2949_at,0.3007656490000006,1.92588680268093,0.11207960987942552,0.4437280737954091,PA2949,False
PA2950_at,-0.99305077585,-5.590595789366048,0.0025268551010539987,0.05164260112779109,PA2950,False
PA2951_etfA_at,-0.6094166031000006,-1.9638888882580534,0.10675537363709392,0.4318640063422232,PA2951,False
PA2952_etfB_at,-0.6346324062500006,-2.736600607665684,0.04095730441371889,0.25810995051300795,PA2952,False
PA2953_at,-0.5236153161000008,-2.640332564154348,0.045957790399772304,0.2763100656721755,PA2953,False
PA2954_at,-0.4904135152000002,-3.0568023322800295,0.028204627709926378,0.21129999590565507,PA2954,False
PA2955_at,-0.21000536575000028,-1.3356941992215208,0.23922043309171562,0.6357786141769751,PA2955,False
PA2956_at,-0.22212744984999944,-1.3532614116216248,0.2339360264945479,0.6306106896114232,PA2956,False
PA2957_at,-0.6366423008500002,-2.916428252434354,0.03315102752137467,0.23102236731591402,PA2957,False
PA2958_at,0.34774814300000045,1.8888981501551727,0.11752615982094224,0.4551930724196672,PA2958,False
PA2959_at,-0.21495080369999897,-1.356099557271532,0.2330925698064627,0.6302806799769415,PA2959,False
PA2960_pilZ_at,-0.16257665439999958,-1.032062216737405,0.3493556145071941,0.7364996213014565,PA2960,False
PA2961_holB_at,-0.20830750399999953,-1.250884130855486,0.2663194918690195,0.6650642889864441,PA2961,False
PA2962_tmk_at,0.04593298155000092,0.2280546993360951,0.8286366042504202,0.9606994857547716,PA2962,False
PA2963_at,0.0807834165000001,0.5218083023931985,0.6240860864247185,0.8867740646798019,PA2963,False
PA2964_pabC_at,-0.6370352522499996,-4.144918187956546,0.00895414611142619,0.10902764322000753,PA2964,False
PA2965_fabF1_at,-0.9442950338999996,-4.86989489232111,0.004593292196610584,0.07386917450614727,PA2965,False
PA2966_acpP_at,-1.7577107519999995,-7.147985379272997,0.0008324730685269137,0.026892795425344205,PA2966,True
PA2967_fabG_at,-1.239317443400001,-4.558950245769536,0.006062718856393666,0.0861960463495969,PA2967,False
PA2968_fabD_at,-1.3486574508500002,-5.042259487240404,0.003959268187745959,0.06677436261625419,PA2968,False
PA2969_plsX_at,-0.4173391396999997,-2.4719348227895677,0.05639616765751028,0.3048189557686919,PA2969,False
PA2970_rpmF_at,-2.8841007979000004,-7.580813147563722,0.0006338456576890963,0.023863461429319003,PA2970,True
PA2971_at,-1.605500628849999,-8.748218509326286,0.0003234069470093376,0.015732010661958357,PA2971,True
PA2972_at,-0.23161806234999993,-1.2969299890391526,0.2512754276622943,0.6484029667778449,PA2972,False
PA2973_at,-0.5498715998000003,-2.7100819118781083,0.042272052326077954,0.2638688875701429,PA2973,False
PA2974_at,-0.07451475750000025,-0.4658921301740759,0.6608829175113675,0.9061162013677869,PA2974,False
PA2975_rluC_at,0.11025227170000029,0.6848561576526079,0.5238846158615841,0.8465240076447071,PA2975,False
PA2976_rne_at,-1.51489710175,-5.300491953508322,0.0031907668894222505,0.05850733305650893,PA2976,False
PA2977_murB_at,-0.4146353620999994,-2.4738000541060403,0.0562672626825141,0.30468179222564673,PA2977,False
PA2978_ptpA_at,-0.4639773680000001,-2.987562641970105,0.030532854886569153,0.21949179620727957,PA2978,False
PA2979_kdsB_at,-0.5865768085499994,-3.503501319667006,0.01721983465804959,0.15936469622213817,PA2979,False
PA2980_at,-0.7367127017499993,-3.842950709061632,0.012087376576726863,0.13123330973402073,PA2980,False
PA2981_lpxK_at,-0.4032716174500006,-1.7907047265537253,0.13334394285572357,0.48232933409990036,PA2981,False
PA2982_at,-0.16568373335000075,-1.0649749424811443,0.3355902800218762,0.727823157762282,PA2982,False
PA2983_at,-0.37923101195000086,-2.308509050654274,0.06903552733274505,0.33819087530353426,PA2983,False
PA2984_at,0.12354978609999989,0.6783398499798615,0.5276743243555171,0.8487706438757424,PA2984,False
PA2985_at,0.08881240985000005,0.4821923459381152,0.650036769632689,0.8992505779398727,PA2985,False
PA2986_at,-0.28471892609999916,-1.8097060651044432,0.13012161505340958,0.4760073500337904,PA2986,False
PA2987_at,-0.4529673132000003,-2.670275795928067,0.044333843211248766,0.2714698547052682,PA2987,False
PA2988_at,-0.12108865565000038,-0.7408727347561626,0.4920755534677211,0.8299016354472798,PA2988,False
PA2989_at,-0.06513026310000036,-0.41005071202110605,0.6987468527439576,0.9211251904257411,PA2989,False
PA2990_at,-0.17615719865000035,-0.7008994236183475,0.5146332785586031,0.8428301273221863,PA2990,False
PA2991_sth_at,-0.14068952924999945,-0.4918379345477981,0.6436642976175343,0.8962800000359226,PA2991,False
PA2992_at,-0.25749469154999893,-1.3337674104005803,0.239806746109352,0.6357786141769751,PA2992,False
PA2993_at,-0.4363991640500009,-2.6830034186279796,0.0436627938121309,0.26798665732867827,PA2993,False
PA2994_nqrF_at,-0.3464514695500007,-1.8200601280363045,0.12839924310447928,0.47353254693794805,PA2994,False
PA2995_nqrE_at,-0.7313032889000004,-2.8894115110516383,0.03421027892048078,0.2337799404180092,PA2995,False
PA2996_nqrD_at,-0.2490702843000001,-1.4271942459474558,0.21287386231503055,0.6082405599933348,PA2996,False
PA2997_nqrC_at,-0.21382066605000016,-0.9272379331231085,0.39635768879795574,0.7704627992948373,PA2997,False
PA2998_nqrB_at,-0.3341836388500008,-1.7335470233174484,0.14353374725799173,0.49872469678898423,PA2998,False
PA2999_nqrA_at,-0.8447218750500003,-5.086035131249551,0.0038149100741069033,0.065275612721821,PA2999,False
PA3000_aroP1_at,-0.11776929539999959,-0.7515293231273357,0.48618150676130256,0.8275489730471448,PA3000,False
PA3001_at,-1.5905042910999985,-8.824085721732398,0.0003104405883871987,0.01544968072849257,PA3001,True
PA3002_mfd_at,0.08678359065000052,0.5258403233494696,0.6214782565189003,0.8853768550758154,PA3002,False
PA3003_at,-0.27661275025000087,-1.4304315278025415,0.21199391254497915,0.6069047515757526,PA3003,False
PA3004_at,0.00684643780000016,0.034959595186756384,0.973464693418784,0.9940985203938076,PA3004,False
PA3005_at,-0.25224188509999923,-1.4770512890226077,0.1997007262388964,0.5906726003226855,PA3005,False
PA3006_at,1.2187189121,7.831218266406246,0.0005446621739543441,0.022173857594634687,PA3006,True
PA3007_lexA_at,0.038040841099999056,0.21322952029816672,0.8395694987683583,0.9642353306830355,PA3007,False
PA3008_at,-0.051887185650000056,-0.24589393252339298,0.8155392910156654,0.9574355326739455,PA3008,False
PA3009_at,-0.5077237010499998,-2.167125286404756,0.08244170953654752,0.37203787879592376,PA3009,False
PA3010_at,-0.17808306944999952,-1.0197690135845343,0.3546174222710878,0.7408646357378956,PA3010,False
PA3011_topA_at,-0.5696380897500006,-2.9995599134286492,0.0301144726678269,0.21830243392386287,PA3011,False
PA3012_at,-0.14100423205000023,-0.8903172397183703,0.41407766981329364,0.7840175631684196,PA3012,False
PA3013_foaB_at,0.36919747089999966,0.9436941086498254,0.3886564838066715,0.763916206553885,PA3013,False
PA3014_faoA_at,0.3966428667500006,2.1820117623914586,0.08090743876178706,0.3685922481051692,PA3014,False
PA3015_at,0.13623487575000048,0.8427014601644546,0.43783694352236424,0.797866331137039,PA3015,False
PA3016_at,-0.04752407775000034,-0.2351969087357857,0.8233850261614789,0.9584142186550254,PA3016,False
PA3017_at,1.17181991035,3.319288037910196,0.02102469867440792,0.17704059570467098,PA3017,False
PA3018_at,0.32176747825000085,1.5779345642592633,0.17541008302967315,0.5518821854408956,PA3018,False
PA3019_at,-0.31517584209999994,-1.7538124565724091,0.13983371985618043,0.4914025363152176,PA3019,False
PA3020_at,0.08917970784999962,0.5653793783360193,0.5962421203086835,0.8785609560390287,PA3020,False
PA3021_at,-0.8816148418999994,-3.3466281061889873,0.020403941060036613,0.17558128227978875,PA3021,False
PA3022_at,0.046815413100000036,0.2907869774572093,0.7828898869400835,0.9477613507551366,PA3022,False
PA3023_at,-0.008426930649999775,-0.05327098864783825,0.9595788914578022,0.9897732372961713,PA3023,False
PA3024_at,0.17715552274999968,0.8693034131722543,0.4244370633633078,0.7902886662940853,PA3024,False
PA3025_at,0.14386998265000006,0.8646689202142904,0.42674857114023645,0.7911194174962884,PA3025,False
PA3026_at,0.11248907284999987,0.6184864675451868,0.563338467537829,0.8642201500083145,PA3026,False
PA3027_at,-0.0952559748999997,-0.6030797277703687,0.5727642710416039,0.868430666681381,PA3027,False
PA3028_moeA2_at,-0.1578299237499996,-1.0135842096811425,0.3572895901818677,0.7419691956371308,PA3028,False
PA3029_moaB2_at,0.12091795535000038,0.7640596773010424,0.47931593419329277,0.8233483706293875,PA3029,False
PA3030_at,0.20974438849999988,1.2056574089671526,0.28188723117543973,0.6774962199667776,PA3030,False
PA3031_at,0.7080806812999985,2.784440822444217,0.038698309035185535,0.25196708736847573,PA3031,False
PA3032_at,0.2615910930999994,1.7022425084569583,0.14944412609586677,0.5087073914931156,PA3032,False
PA3033_at,0.21490169820000027,1.1857561168295332,0.2889925774704583,0.6843923358411268,PA3033,False
PA3034_at,-0.13460747205000034,-0.7600342485805014,0.48151387649491506,0.8257615710928916,PA3034,False
PA3035_at,0.07779068179999982,0.44093587046907545,0.6776723507524478,0.910405918332983,PA3035,False
PA3036_at,0.10399869330000033,0.6254015251014187,0.5591401698110563,0.862673404851344,PA3036,False
PA3037_at,0.3268363121500002,1.9099534823338855,0.11439309176746333,0.4488784920955261,PA3037,False
PA3038_at,1.2164545278999999,5.746547118688941,0.0022375111223705947,0.048241723319682496,PA3038,True
PA3039_at,-0.09376667775000058,-0.4632470796364943,0.6626519618929425,0.9061273847359798,PA3039,False
PA3040_at,1.3192487811499998,5.639112083110618,0.002432367331770036,0.050411669418304335,PA3040,False
PA3041_at,0.47148524680000037,2.8535577427361773,0.03567465633085742,0.23903466462182513,PA3041,False
PA3042_at,0.05542091735000021,0.20718102933340504,0.8440419624874362,0.9650956058711717,PA3042,False
PA3043_at,-0.1255004411999998,-0.7561957166382209,0.4836165193623108,0.8265292778648552,PA3043,False
PA3044_at,0.44377783829999906,2.778095110630876,0.03898985866673795,0.2530327825761595,PA3044,False
PA3045_at,0.19941186539999922,1.155478398481001,0.30010783328643786,0.6948549099851672,PA3045,False
PA3046_at,-0.24244893609999973,-1.570941124502323,0.1769966580775948,0.5535612802575574,PA3046,False
PA3047_at,-0.12446608469999987,-0.7014700351824971,0.5143063118742387,0.8425290708855466,PA3047,False
PA3048_at,-0.001857080949999812,-0.010531290991098997,0.992004680322963,0.999305074170967,PA3048,False
PA3049_rmf_at,2.1786634925500006,10.297692602428247,0.0001484895086589746,0.01065864936544786,PA3049,True
PA3050_pyrD_at,-0.42597930720000043,-2.5179746237785796,0.053306284688746944,0.29612564245069156,PA3050,False
PA3051_at,0.03016041985000051,0.1751690886883861,0.8678194605168742,0.9699834623855886,PA3051,False
PA3052_at,0.6268309403499996,3.8832588935217363,0.011603639633277364,0.12814075587517929,PA3052,False
PA3053_at,0.17025768330000002,0.9718316870319786,0.37576831673775807,0.7546689988179981,PA3053,False
PA3054_at,0.07502784204999902,0.4080040471613606,0.700154612832761,0.9219485573005888,PA3054,False
PA3055_at,0.16301329690000088,1.0355411633003966,0.3478784636742552,0.7357400557771271,PA3055,False
PA3056_at,0.1216905750999997,0.6609769985983684,0.5378620154702813,0.8513828178542833,PA3056,False
PA3057_at,0.3953848865500005,1.5625607952585658,0.17891640777955076,0.5562728627478536,PA3057,False
PA3058_at,0.09598622704999915,0.5982645692679139,0.5757304251650709,0.8694911453485579,PA3058,False
PA3059_at,0.06871080695000131,0.4467312239164248,0.6737540469246615,0.9102446694706253,PA3059,False
PA3060_at,0.10365329740000107,0.6013039106286789,0.5738570626936523,0.8686913489179267,PA3060,False
PA3061_at,0.04699205490000047,0.259427176015846,0.8056484553461168,0.9549026999934038,PA3061,False
PA3062_at,-0.08011849614999988,-0.46526427006276677,0.6613026121460687,0.9061273847359798,PA3062,False
PA3063_at,0.24512617300000006,1.2982712573557262,0.2508491176006787,0.6481553582956957,PA3063,False
PA3064_at,0.05298787940000027,0.26430041993588793,0.8020967695783836,0.9547965555015031,PA3064,False
PA3065_at,0.40041948520000004,1.5450263638688104,0.18299928949802619,0.5648315773389524,PA3065,False
PA3066_at,0.017457719249999393,0.10921276519830041,0.9172814372645215,0.9798763230016286,PA3066,False
PA3067_at,0.47436234814999967,2.9114117885491178,0.03334491364044622,0.23117569103376498,PA3067,False
PA3068_at,0.44845771714999927,2.91401093991792,0.03324429920431179,0.23102236731591402,PA3068,False
PA3069_at,0.17603590124999968,0.799711761517058,0.4601665570503094,0.8134629494571259,PA3069,False
PA3070_at,-0.22822543169999943,-1.2886166109788224,0.25393265295883505,0.6515464670077171,PA3070,False
PA3071_at,0.04877429595000038,0.3115623493308986,0.7679454111813041,0.9421101861479049,PA3071,False
PA3072_at,0.4467910194999991,2.3640084998414417,0.0644297274328326,0.3272416010288815,PA3072,False
PA3073_at,-0.2716468218000001,-1.5256255057910237,0.18762268711689112,0.5709731196876634,PA3073,False
PA3074_at,0.4482402868500004,2.7667145862285216,0.03951884298962539,0.2530327825761595,PA3074,False
PA3075_at,-0.10959870010000028,-0.6469881459181801,0.5461645108190266,0.8570312745083419,PA3075,False
PA3076_at,0.01407889554999997,0.08865716577236679,0.9327959064218407,0.985249688895038,PA3076,False
PA3077_at,-0.16138148304999955,-0.6800514869677892,0.5266770932953236,0.848188929941994,PA3077,False
PA3078_at,0.06851929830000003,0.422703211125674,0.6900746952128844,0.9165629056089744,PA3078,False
PA3079_at,0.27753404484999944,1.7280512143303814,0.14455408147129217,0.500203012075265,PA3079,False
PA3080_at,0.09969972350000056,0.6088140340129261,0.5692444709370401,0.8671934076286536,PA3080,False
PA3081_at,0.03499673335000075,0.21102448325896117,0.8411991951358734,0.9650694143402389,PA3081,False
PA3082_at,0.0958889872499995,0.3355586385103178,0.7508255893692519,0.9365033733900014,PA3082,False
PA3083_pepN_at,-0.2293623735999999,-1.2218748026522532,0.2762131466413118,0.6697885536132078,PA3083,False
PA3084_at,-0.06456820620000014,-0.38763754365888875,0.7142369169266581,0.9237526901846429,PA3084,False
PA3085_at,-0.14570207719999928,-0.5451089887694217,0.6091028627520905,0.8817460526706357,PA3085,False
PA3086_at,0.004567451949999857,0.027004868682679657,0.9795005321937403,0.9953535143593676,PA3086,False
PA3087_at,0.0657572634000001,0.422561852525568,0.6901712901595838,0.9165629056089744,PA3087,False
PA3088_at,0.3884924534999996,1.953621209730556,0.10816750745086388,0.4345897261814231,PA3088,False
PA3089_at,0.5328961760499995,3.402749977867894,0.019193673334991484,0.16991442994231554,PA3089,False
PA3090_at,0.23667342555000026,1.193860894221606,0.28607988267917084,0.6818202192074199,PA3090,False
PA3091_at,0.0691702005499999,0.4366974586152874,0.6805453278941105,0.9118346915512712,PA3091,False
PA3092_fadH1_at,-0.031827013500000056,-0.1981186896558057,0.8507554030636385,0.9660270328716476,PA3092,False
PA3093_at,0.1788936139499997,0.8073970958051856,0.45611349543582735,0.810660592847692,PA3093,False
PA3094_at,0.1632480504500009,0.9823560187916912,0.37103803950253655,0.7523553359803642,PA3094,False
PA3095_xcpZ_at,0.28288222184999956,1.2863625425015637,0.2546575598076297,0.6525530679267342,PA3095,False
PA3096_xcpY_at,-0.020111174000001064,-0.12028728285314237,0.9089396440221112,0.9779955293250645,PA3096,False
PA3097_xcpX_at,0.19855413249999998,1.053940452570598,0.34015328837696956,0.731167641237817,PA3097,False
PA3098_xcpW_at,0.0034225852000009382,0.0214036829074885,0.9837515262781691,0.9965259596864794,PA3098,False
PA3099_xcpV_at,0.09673241044999958,0.5953136769500248,0.5775529236957151,0.8696759855192071,PA3099,False
PA3100_xcpU_at,0.07016323355000065,0.3650077132587453,0.7300365546738988,0.928012469204916,PA3100,False
PA3101_xcpT_at,-0.46272979490000044,-3.0082296488546914,0.029816124305536963,0.217482135123375,PA3101,False
PA3102_xcpS_at,0.15336415274999915,0.7876724818208837,0.4665692270014149,0.81641282802254,PA3102,False
PA3103_xcpR_at,-0.15811140035000015,-0.8344584316244733,0.4420539194060042,0.8001689940156543,PA3103,False
PA3104_xcpP_at,0.0999448043500002,0.47945796730375373,0.651849487561107,0.9005812459851211,PA3104,False
PA3105_xcpQ_at,0.06167221629999986,0.3833666459459432,0.717206683269391,0.924053348898532,PA3105,False
PA3106_at,-0.29971169445,-1.5767156616086409,0.17568560315724127,0.5518821854408956,PA3106,False
PA3107_metZ_at,-0.7923458977999998,-3.5608429014506653,0.016200079799652933,0.15431073219566913,PA3107,False
PA3108_purF_at,-0.8184104107000003,-3.65441677850201,0.014680307920035864,0.14620692456401202,PA3108,False
PA3109_at,-0.004726922499999731,-0.027159744922561384,0.9793829998105319,0.9953535143593676,PA3109,False
PA3110_at,-0.22039467324999862,-1.346173879952629,0.23605480097336373,0.6334284322840813,PA3110,False
PA3111_folC_at,-0.516716530550001,-2.443353661968446,0.05841208091461121,0.31058130827768893,PA3111,False
PA3112_accD_at,-0.6982342883500001,-4.122501620428677,0.009151575914882444,0.10995794432091813,PA3112,False
PA3113_trpF_at,-0.2239703799999999,-1.345990864687756,0.2361097486291666,0.6334284322840813,PA3113,False
PA3114_truA_at,-0.2641502340999997,-1.071736332478973,0.33282007740020764,0.725541545752998,PA3114,False
PA3115_at,0.5166843716000002,2.1497917334718957,0.08426721141260977,0.37575515634441,PA3115,False
PA3116_at,-0.2646669668000001,-1.4650116638870867,0.20280839903679565,0.5956737708236424,PA3116,False
PA3117_asd_at,-0.8510468769000008,-5.261161725005157,0.003295709499969357,0.05968783420559887,PA3117,False
PA3118_leuB_at,-0.9057459891999997,-2.398014729908313,0.06177222879744509,0.32041213148211645,PA3118,False
PA3119_at,0.1295089984500004,0.7485412505034473,0.48782907158725436,0.8280814467735754,PA3119,False
PA3120_leuD_at,-0.7221906480999998,-1.7709324681059102,0.13678320468544183,0.48660783284004994,PA3120,False
PA3121_leuC_at,-0.7547653080499996,-2.437285655385872,0.05885007167863964,0.31262772734699723,PA3121,False
PA3122_at,0.026954583100000207,0.1745941865349915,0.8682480215556408,0.9699834623855886,PA3122,False
PA3123_at,0.7670151236500011,2.992449745205355,0.030361646506399876,0.218737639334969,PA3123,False
PA3124_at,0.27690709170000094,1.3022472950974482,0.24958927879487403,0.6467702353811251,PA3124,False
PA3125_at,0.20807838519999944,0.9967763359093658,0.36463609912631184,0.7467808209664133,PA3125,False
PA3126_ibpA_at,2.99701910075,11.957421046555506,7.212913921994948e-05,0.008056458493242673,PA3126,True
PA3127_at,0.4502675889999992,2.7868737901983174,0.03858716914415517,0.25152168060077223,PA3127,False
PA3128_at,0.14706982074999964,0.9214978370010819,0.39907246164893456,0.773695819916215,PA3128,False
PA3129_at,-0.4737375981999996,-2.9995216676529255,0.030115796185215194,0.21830243392386287,PA3129,False
PA3130_at,-0.024604285449999708,-0.15607348451599434,0.8820808399669496,0.9724532354458636,PA3130,False
PA3131_at,-0.019233976900000727,-0.11618056775568326,0.9120315087436764,0.9779955293250645,PA3131,False
PA3132_at,-0.0504729271500004,-0.3166602947034935,0.7642953604113174,0.9408275375455533,PA3132,False
PA3133_at,0.11033633140000099,0.5431414657020018,0.6103598531154658,0.88231165990413,PA3133,False
PA3134_gltX_at,-0.35914256855000026,-1.950249748581236,0.1086354116447351,0.4355776791150619,PA3134,False
PA3135_at,0.1852583711000002,1.2047976377615948,0.28219094035260905,0.6779493367001864,PA3135,False
PA3136_at,-0.1278234992499998,-0.8288104445626202,0.44496102498471174,0.8013892766037469,PA3136,False
PA3137_at,-0.19326614950000032,-1.0969469835255865,0.32266262558563547,0.7166623069899213,PA3137,False
PA3138_uvrB_at,-0.2538794098999997,-1.563453519917815,0.17871093756752673,0.5559685932993987,PA3138,False
PA3139_at,-0.7376353116500001,-4.313326909339921,0.007618580838203478,0.09943008162675314,PA3139,False
PA3140_at,0.15402239000000018,0.9900468369495129,0.36761227175835587,0.748657398207148,PA3140,False
PA3141_wbpM_g_at,-0.10594618294999947,-0.5381346568650955,0.613565412351679,0.8836468513035322,PA3141,False
PA3142_i_at,0.06281345314999998,0.35543562612492025,0.7367661339069368,0.9305276192227117,PA3142,False
PA3143_at,0.06387841729999977,0.37280590391404794,0.7245743463526725,0.9261683535206953,PA3143,False
PA3144_f_at,0.06283688494999984,0.3928478865453725,0.7106216614492737,0.9233164875819249,PA3144,False
PA3145_wbpL_at,0.10394519285000037,0.34963406769831495,0.7408579791169815,0.9319775787806353,PA3145,False
PA3146_wbpK_at,-0.3479013681000005,-1.52646199600103,0.1874210203015892,0.5708069423484791,PA3146,False
PA3147_wbpJ_at,-0.8272116790999999,-4.727842099919104,0.005206108008195099,0.0789692974478556,PA3147,False
PA3148_wbpI_at,-0.8734210604000001,-3.6697433909650594,0.014447227073168863,0.14437415713526644,PA3148,False
PA3149_wbpH_at,-0.9045332201500003,-4.399185264083477,0.007027221228819672,0.09551350214531605,PA3149,False
PA3150_wbpG_at,-0.4434363711000002,-2.337923191222845,0.0665518645159056,0.3328158662197284,PA3150,False
PA3151_hisF2_at,-0.94501808365,-4.5884532010003465,0.005901907301032325,0.08431705430552491,PA3151,False
PA3152_hisH2_at,-0.8470031419499997,-2.820162141606654,0.037101545800200524,0.24509506013465798,PA3152,False
PA3153_wzx_at,0.06730098099999982,0.3723676284862791,0.724880846396056,0.9261912569693818,PA3153,False
PA3154_wzy_at,-0.0435834661000003,-0.27561058989713433,0.7938747626076426,0.9519062014148348,PA3154,False
PA3155_wbpE_at,-0.48173679584999896,-2.538583426463467,0.05198341051343788,0.29395687346169913,PA3155,False
PA3156_wbpD_at,-0.3340282450000007,-2.095002349231691,0.0903243664492289,0.3916693272490975,PA3156,False
PA3157_at,-0.041686172000000354,-0.26082996034738454,0.8046255379612877,0.9547965555015031,PA3157,False
PA3158_wbpB_at,-0.6367370089,-3.9495816313539414,0.01085528491934519,0.12287347506781882,PA3158,False
PA3159_wbpA_at,-0.3877228953499987,-2.430476663523455,0.05934579537882624,0.3132819296858935,PA3159,False
PA3160_wzz_at,-0.1229272864500004,-0.7052871282288311,0.5121227537782845,0.8422337325339433,PA3160,False
PA3161_himD_at,0.5813975554999997,2.747969867193334,0.04040753069982588,0.25696218651340297,PA3161,False
PA3162_rpsA_at,-2.01679734805,-6.625501020949389,0.0011793711979486594,0.03265173664446347,PA3162,True
PA3163_cmk_at,-0.9056480465499988,-4.835217255055384,0.00473475877019958,0.07491610247686754,PA3163,False
PA3164_at,-0.2932156537499999,-1.0474470352795635,0.3428629374219058,0.7333180413028116,PA3164,False
PA3165_hisC2_at,-0.4249280030999998,-2.135186850403388,0.08583861444949732,0.38047956764738156,PA3165,False
PA3166_pheA_at,-1.1280887676499995,-3.980227913952532,0.010528337571267915,0.12009650183039332,PA3166,False
PA3167_serC_at,-0.9067924135999998,-3.6876583380128416,0.014180127886359674,0.14316334946674622,PA3167,False
PA3168_gyrA_at,-0.8688260955500002,-3.7176755271511808,0.013745151295673124,0.14070254004579477,PA3168,False
PA3169_at,-0.6174087997500006,-3.6994670633610647,0.0140071562138878,0.14239399218470397,PA3169,False
PA3170_at,-0.27734513194999977,-1.8003889151844035,0.13169162998398895,0.4784795889418265,PA3170,False
PA3171_ubiG_at,0.034271253750000064,0.20924231316105227,0.8425170191432654,0.9650826945027271,PA3171,False
PA3172_at,-0.4002684063000004,-2.1505815081828743,0.08418310972786797,0.3756647337818278,PA3172,False
PA3173_at,-0.15220251249999972,-0.97598201052401,0.3738970543118495,0.7534262450118269,PA3173,False
PA3174_at,-0.03717730500000016,-0.23922327566875476,0.8204290802510733,0.9578426542611856,PA3174,False
PA3175_at,0.3326859345999993,1.8279477807960396,0.12710278276653897,0.4705201128074518,PA3175,False
PA3176_gltS_at,0.09922135224999984,0.6153930083112745,0.5652230819697569,0.8644421691046412,PA3176,False
PA3177_at,0.013812551950000085,0.07980744096919672,0.9394861886335166,0.986586209865634,PA3177,False
PA3178_at,-0.2099223539499997,-1.2240056645972384,0.27547528510642877,0.6687173127677457,PA3178,False
PA3179_at,-0.18878042244999982,-0.5543632707899137,0.603211104550176,0.8801012814699356,PA3179,False
PA3180_at,0.1310023659499997,0.7266584358740261,0.5000159586730044,0.8340691983543806,PA3180,False
PA3181_at,-0.4100588976999999,-1.6728267225215898,0.15522026718244514,0.5186347606011495,PA3181,False
PA3182_at,-0.5283366272999999,-2.7692769168139955,0.03939905236057048,0.2530327825761595,PA3182,False
PA3183_zwf_at,-0.4045881396000004,-2.459711310798192,0.057248918637483916,0.30689174417143017,PA3183,False
PA3184_at,0.26098875540000055,1.6418850484960257,0.16153667968747967,0.531472832107605,PA3184,False
PA3185_at,0.004017068950000535,0.026091722403810615,0.9801935119437876,0.9955856792581766,PA3185,False
PA3186_oprB_s_at,-0.49661670375,-1.8025872004064307,0.1313194703209857,0.4774221138414588,PA3186,False
PA3187_at,-0.8365104314000007,-2.766421565141085,0.03953256758855418,0.2530327825761595,PA3187,False
PA3188_at,-0.874165735250001,-4.944880214785522,0.004303907800039723,0.07056490615886855,PA3188,False
PA3189_at,-0.5873867681,-3.223392779680947,0.02337712873585602,0.1892919309480949,PA3189,False
PA3190_at,-0.7647190856500004,-2.6066887852586804,0.047860878740969594,0.2836949972500977,PA3190,False
PA3191_at,-0.04916602125000047,-0.30279532780061463,0.7742383852996377,0.9444021952716097,PA3191,False
PA3192_gltR_at,0.2469812969999996,1.2390933367682417,0.27030144080557955,0.6670835557994303,PA3192,False
PA3193_glk_at,-0.10864588530000052,-0.6586487044914218,0.539238047054157,0.8513828178542833,PA3193,False
PA3194_edd_at,0.15399748089999932,0.9794887502012005,0.37232190864206566,0.752969129749159,PA3194,False
PA3195_gapA_at,0.25350650400000063,1.38517546629219,0.22461417036389456,0.6217106502810251,PA3195,False
PA3196_at,0.04042226065000065,0.23660083343891822,0.8223539586888702,0.9584142186550254,PA3196,False
PA3197_at,-0.14134369424999882,-0.8369949247722721,0.4407530316451341,0.8001689940156543,PA3197,False
PA3198_at,-0.3347557886499999,-2.1750074457024913,0.08162552205465336,0.3698597558227018,PA3198,False
PA3199_at,-0.06856402394999961,-0.4084235250545253,0.6998659713710861,0.9217746940009427,PA3199,False
PA3200_at,-0.2309932610000005,-1.3980076555016792,0.22096535789876293,0.6170040533051258,PA3200,False
PA3201_at,-0.2963504719000003,-1.064465685021971,0.3357997195654382,0.727823157762282,PA3201,False
PA3202_at,-0.35595763525000024,-2.097877805289258,0.08999530117751203,0.3911312021610296,PA3202,False
PA3203_at,-0.06742107355000027,-0.35663333729966734,0.7359226110768258,0.9305276192227117,PA3203,False
PA3204_at,-0.16491851370000088,-0.835100604938834,0.4417242943613784,0.8001689940156543,PA3204,False
PA3205_at,-0.11619510019999968,-0.3982260179114475,0.7068990088500492,0.9227783468821,PA3205,False
PA3206_at,0.373369158650001,1.7757487479527274,0.13593723452626102,0.48543820376893027,PA3206,False
PA3207_at,0.35186746980000017,1.7298312320277733,0.14422281137396267,0.49964418348860756,PA3207,False
PA3208_at,0.009707857400000464,0.060361896730684754,0.9542058062837458,0.988925396370607,PA3208,False
PA3209_at,0.06888125910000031,0.4407461517970947,0.677800818059815,0.910405918332983,PA3209,False
PA3210_trkH_at,-0.0608900185500012,-0.38976434334937876,0.7127601792123217,0.9233164875819249,PA3210,False
PA3211_at,-0.09018179775000057,-0.4396346213465604,0.6785537360602533,0.910405918332983,PA3211,False
PA3212_at,0.24094494730000093,1.2975630421916138,0.25107413441928106,0.6484029667778449,PA3212,False
PA3213_at,-0.5061056415000005,-2.7448506022183676,0.04055754966504309,0.25696218651340297,PA3213,False
PA3214_at,-0.12429165280000021,-0.7800975286679366,0.47063109737306075,0.8193164969305432,PA3214,False
PA3215_at,0.11471164265000011,0.512900479113859,0.6298696082322919,0.8884285919135562,PA3215,False
PA3216_at,0.06472021385000026,0.37284976584368934,0.7245436755179147,0.9261683535206953,PA3216,False
PA3217_at,-0.3318875184000003,-1.5821972885779094,0.17444987112314972,0.5518217681786143,PA3217,False
PA3218_at,0.34341547244999937,1.8043131069481495,0.1310280329168804,0.4767851942052486,PA3218,False
PA3219_at,0.16862391095000007,1.0207394703150696,0.35419964859449776,0.7408646357378956,PA3219,False
PA3220_at,0.09587084415000025,0.5022448091088408,0.6368275877514981,0.8927066609189876,PA3220,False
PA3221_csaA_at,0.16380759235000042,1.0556475578991686,0.33944394205051287,0.7307853119639058,PA3221,False
PA3222_at,0.09244258784999992,0.5940821301342764,0.5783146010709354,0.8696759855192071,PA3222,False
PA3223_acpD_at,0.02374977154999991,0.1544791979772524,0.8832739007810232,0.9733693682606042,PA3223,False
PA3224_at,0.13006346154999981,0.6985298701033288,0.5159925873140578,0.8433850004784389,PA3224,False
PA3225_at,0.3385411966499996,1.8538037798061457,0.12294605764686035,0.4644804206093839,PA3225,False
PA3226_at,-0.10355924045000009,-0.5581864706439975,0.600786984462358,0.8796707799607085,PA3226,False
PA3227_ppiA_at,-0.2960095652000003,-1.7699587103330807,0.13695489105988665,0.48678531931068403,PA3227,False
PA3228_at,-0.20438751110000108,-0.9773333955358497,0.37328939933476063,0.7533084223804706,PA3228,False
PA3229_at,0.2607088948999996,1.693138839796758,0.15120836673264623,0.5117955414539136,PA3229,False
PA3230_at,0.30772923129999974,1.5931712731975802,0.17200160189885844,0.5484298097381802,PA3230,False
PA3231_at,0.02891737800000005,0.17802821394078625,0.8656888921265927,0.9697165277905987,PA3231,False
PA3232_at,0.04608452989999989,0.2986214902847454,0.7772413264147506,0.9461928536250718,PA3232,False
PA3233_at,0.40685376485000013,2.5587995120138545,0.05072052574186197,0.29182894869657827,PA3233,False
PA3234_at,0.41876854615000036,2.4517758288846374,0.05781002193546801,0.3087747632596776,PA3234,False
PA3235_at,1.3258085296999997,5.377382605497214,0.0029966966703006137,0.056237011402069416,PA3235,False
PA3236_at,-0.0656457590999997,-0.39929624489790866,0.7061593175247896,0.9220172455525535,PA3236,False
PA3237_at,-0.0882645014000003,-0.453850490415419,0.668956640130366,0.9089370277362356,PA3237,False
PA3238_at,-0.1672530541999997,-0.743103982211416,0.4908372864778415,0.8287631291476119,PA3238,False
PA3239_at,0.1378987899499995,0.8540775300899361,0.43206753040050666,0.7959034613889279,PA3239,False
PA3240_at,-0.024993552899999827,-0.1554969348252654,0.8825122516915832,0.9727466504600485,PA3240,False
PA3241_at,0.18576292370000047,1.1962687252861568,0.28521961048060923,0.6809579464494735,PA3241,False
PA3242_at,0.09719341599999964,0.6124748941643873,0.5670045440335489,0.8661792748978638,PA3242,False
PA3243_minC_at,-0.34343135815000014,-1.8149606923195287,0.12924459517993772,0.4749032677420419,PA3243,False
PA3244_minD_at,-0.5157033871499994,-2.987333539347827,0.030540907423337066,0.21949179620727957,PA3244,False
PA3245_minE_at,-1.0130833245999993,-2.9140164382351323,0.03324408672077639,0.23102236731591402,PA3245,False
PA3246_rluA_at,-0.8075776053500006,-4.422378323129773,0.00687671935023697,0.09506370563560775,PA3246,False
PA3247_at,0.00344589054999922,0.01818941272525563,0.9861912682158684,0.9970322577668501,PA3247,False
PA3248_at,0.3160954449499993,1.9595101258618715,0.10735523580492753,0.4331000123014417,PA3248,False
PA3249_at,0.0004249371500000265,0.0027236040946006686,0.9979322063983089,0.9995707784437029,PA3249,False
PA3250_at,0.08629208404999922,0.5596589723571933,0.599854892700531,0.8796707799607085,PA3250,False
PA3251_at,0.10391433769999914,0.5144986277754633,0.6288297568352248,0.8884273619661383,PA3251,False
PA3252_at,0.2713654985999998,1.367425422546753,0.22975492709904155,0.6260821763448882,PA3252,False
PA3253_at,-0.0900694659500001,-0.5129303039638644,0.6298501934879686,0.8884285919135562,PA3253,False
PA3254_at,0.09449095615000047,0.5828502418525122,0.5852899714279868,0.8741984390023763,PA3254,False
PA3255_at,-0.34330444870000054,-2.0941061122359406,0.09042719043991057,0.3916693272490975,PA3255,False
PA3256_at,-0.01526154869999985,-0.0987283631711496,0.925189888051066,0.9832476314923846,PA3256,False
PA3257_prc_at,0.21958577534999968,0.8831209141481298,0.4176029083305255,0.7854818184473107,PA3257,False
PA3258_at,0.0380551936499991,0.235591124172012,0.8230954663728115,0.9584142186550254,PA3258,False
PA3259_at,0.19435274754999998,1.015875640170015,0.35629762031015644,0.7419045991183242,PA3259,False
PA3260_at,0.2561555304999992,1.5783507932737528,0.175316096021042,0.5518821854408956,PA3260,False
PA3261_at,-0.018714592249999384,-0.11929832712430921,0.9096840445646108,0.9779955293250645,PA3261,False
PA3262_at,-0.8863237763500003,-3.736889389751412,0.013474742174874618,0.1388167945624362,PA3262,False
PA3263_at,-0.5723309424499998,-3.271539042002999,0.022160804942839007,0.18286865939658942,PA3263,False
PA3264_at,0.030792732749999274,0.18120519253475692,0.8633229823756634,0.968743750798087,PA3264,False
PA3265_at,-0.18058584565000002,-1.1653134272781536,0.2964565631172535,0.6914431063584522,PA3265,False
PA3266_capB_at,-0.5686914717999998,-2.2636597305117188,0.07301618794329,0.3482765658299878,PA3266,False
PA3267_at,-0.5826537213500007,-2.8410602631127815,0.03620137020480019,0.2413151359291664,PA3267,False
PA3268_at,-0.15665891465000037,-0.9691239245507998,0.3769932838304486,0.7552697306419403,PA3268,False
PA3269_at,-0.10441222665000005,-0.6738803303495859,0.5302784992337678,0.8495240691935472,PA3269,False
PA3270_at,-0.26927881625000083,-1.6064349677965417,0.169087626478273,0.5444473574677872,PA3270,False
PA3271_at,0.07330052360000039,0.33878672602206805,0.7485346322479829,0.9347029128473151,PA3271,False
PA3272_at,0.15327075909999976,0.8609536732647123,0.42860859156363607,0.7925017513188333,PA3272,False
PA3273_at,0.003238048100000057,0.01849173538939794,0.9859617871236954,0.9970322577668501,PA3273,False
PA3274_at,-0.004667210150000045,-0.029993332924634148,0.9772327564786194,0.9950099926325614,PA3274,False
PA3275_at,0.003956196449999894,0.0177676970995733,0.9865113782732291,0.9971600046663187,PA3275,False
PA3276_at,-0.040389032849999396,-0.2615402704797292,0.8041077450607645,0.9547965555015031,PA3276,False
PA3277_at,0.020310766649998868,0.10968632625142366,0.9169244752053032,0.9796728010634261,PA3277,False
PA3278_at,1.7386185225,8.600688322951475,0.0003505134647700576,0.016638082690617412,PA3278,True
PA3279_oprP_at,-0.002381837700000222,-0.013399407098966259,0.9898273561361903,0.9984753228821234,PA3279,False
PA3280_oprO_at,0.24232334210000062,1.559775875387298,0.17955887387426184,0.5577221802764671,PA3280,False
PA3281_at,-0.25032580454999964,-1.5196153297853785,0.18907787231302245,0.5730753637664522,PA3281,False
PA3282_at,-0.13576886964999968,-0.7403226047183352,0.4923811975531839,0.8299415030922224,PA3282,False
PA3283_at,-0.2756997940999999,-1.4892134259458951,0.19660795992630992,0.5856449656509414,PA3283,False
PA3284_at,-0.9717139592000006,-4.6682515296568665,0.005491200757021053,0.08144277705195234,PA3284,False
PA3285_at,-0.19498144915000104,-1.2622095788381835,0.2625449054957611,0.6620991061474077,PA3285,False
PA3286_at,-0.36823095135000017,-2.170358206130409,0.08210590091114797,0.37175025597155154,PA3286,False
PA3287_at,-0.026777968700000265,-0.16657265004312308,0.8742329591577835,0.9711271364615739,PA3287,False
PA3288_at,0.025277145949999635,0.1596094717050801,0.8794360060406459,0.9713567895581238,PA3288,False
PA3289_at,0.1632954288999997,1.06142395079205,0.33705299148404494,0.7288368507990773,PA3289,False
PA3290_at,-0.10776255219999875,-0.6963342595258403,0.5172543103200958,0.8433850004784389,PA3290,False
PA3291_at,-0.022607884999999328,-0.1365194312274278,0.8967372474785286,0.9762367188243717,PA3291,False
PA3292_at,0.05339262509999987,0.28818121741997466,0.7847719861913238,0.9484618672658792,PA3292,False
PA3293_at,-0.05286927080000048,-0.3397227584621888,0.7478708831410277,0.9347029128473151,PA3293,False
PA3294_s_at,-0.014440602449999673,-0.0881344484482076,0.9331909056358736,0.985249688895038,PA3294,False
PA3295_at,-0.12717592035000003,-0.8032778134027878,0.4582825986910737,0.8127301524241216,PA3295,False
PA3296_phoA_at,-0.1328468742999993,-0.8215606647689147,0.4487136921835567,0.8042972761723287,PA3296,False
PA3297_at,-0.7133574708500001,-3.1318592452889846,0.025903037993628718,0.2024836250620265,PA3297,False
PA3298_at,0.09059310600000003,0.5826503590202148,0.5854145730501964,0.8741984390023763,PA3298,False
PA3299_fadD1_at,-0.5213007368000007,-2.3058088283197606,0.06926847484335225,0.3389145826500177,PA3299,False
PA3300_fadD2_at,0.016067170949999987,0.1000394540869116,0.9242003661622642,0.9831634475386024,PA3300,False
PA3301_at,-0.3238240670500012,-1.6825345498176916,0.15328973938908336,0.5152846408019102,PA3301,False
PA3302_at,-0.3939922361499999,-2.20116754293639,0.07897769382352347,0.3637423363421433,PA3302,False
PA3303_at,-0.02744374894999968,-0.1754379647921711,0.8676190443741026,0.9699834623855886,PA3303,False
PA3304_at,0.008361433199999269,0.050313649206667636,0.961820532370546,0.9904701973260782,PA3304,False
PA3305_at,0.2796701270999993,1.6749282882004874,0.1548002940533283,0.5182904043218943,PA3305,False
PA3306_at,0.6510711877500004,2.4721769600183117,0.05637941557055976,0.3048189557686919,PA3306,False
PA3307_r_at,0.9697109680499993,3.692106437980886,0.014114687839299766,0.14274751309642342,PA3307,False
PA3308_hepA_at,-0.2587768397500003,-1.602662239912442,0.16991148886967428,0.5459055805059513,PA3308,False
PA3309_at,4.2647244187,19.727141963431247,6.181585020221436e-06,0.0036384809429023377,PA3309,True
PA3310_at,-0.1482261347999998,-0.85963355416698,0.4292710024293673,0.7930787948479351,PA3310,False
PA3311_at,0.1719911154000009,0.8951908096288606,0.41170351508846414,0.7827154036856265,PA3311,False
PA3312_at,0.0005928544499997912,0.003086764107794398,0.9976564918553947,0.9995707784437029,PA3312,False
PA3313_at,-1.7074250293500004,-10.751803053180497,0.00012063274498578429,0.009740048255937358,PA3313,True
PA3314_at,-0.1499387888000001,-0.8544228322501621,0.4318933225794527,0.7959034613889279,PA3314,False
PA3315_at,-0.08590599689999934,-0.5294022567264784,0.619179693017431,0.8840952051428437,PA3315,False
PA3316_at,-0.052706840749999984,-0.29072567468228483,0.7829341456947053,0.9477613507551366,PA3316,False
PA3317_at,-0.24630889290000013,-1.4007592317322624,0.22019026995744584,0.6162814688395275,PA3317,False
PA3318_at,0.12516719565000045,0.6549219653252712,0.5414454179922358,0.8532657912455958,PA3318,False
PA3319_plcN_at,-0.0020315908000005933,-0.012247210487420395,0.9907020328611115,0.9988900736127108,PA3319,False
PA3320_at,-0.04166416960000019,-0.26084721788096543,0.8046129564352165,0.9547965555015031,PA3320,False
PA3321_at,0.17134606629999993,1.0428347647676603,0.3447986496275178,0.7340412245299222,PA3321,False
PA3322_at,0.18115489654999983,0.9544177874139921,0.3837030548724536,0.7614552194805333,PA3322,False
PA3323_at,-0.18400685915000015,-1.139831215186229,0.305998401751415,0.7019121561608842,PA3323,False
PA3324_at,0.14067541614999968,0.8398361269917675,0.4392993159941667,0.7994929183867419,PA3324,False
PA3325_at,0.015025276500000295,0.09126720069654129,0.9308239249370254,0.9847818379182003,PA3325,False
PA3326_at,0.38452339520000045,2.4750898941482657,0.056178310160977546,0.30468179222564673,PA3326,False
PA3327_at,0.3247011247000007,1.7656417638504787,0.13771866013333064,0.48801827276918164,PA3327,False
PA3328_at,0.14580454174999957,0.8827622891268448,0.4177791969557563,0.7854818184473107,PA3328,False
PA3329_at,0.17479129424999984,1.1339209695057924,0.3082495948848801,0.7022099969664496,PA3329,False
PA3330_at,-0.015237071949999681,-0.09759725082581859,0.9260436977504285,0.9832476314923846,PA3330,False
PA3331_at,0.1472059336,0.9328332330041244,0.393725598403722,0.7676279801935435,PA3331,False
PA3332_at,0.23069003780000052,1.2898200229417687,0.25354641235543335,0.6514123826499377,PA3332,False
PA3333_fabH2_at,0.35334628384999966,2.1603929868653733,0.08314569423659668,0.3728067881522524,PA3333,False
PA3334_at,-0.03254730824999896,-0.11142496443324756,0.9156141111351167,0.9789443973938837,PA3334,False
PA3335_at,0.3380941650000002,2.1283871001784758,0.08658078994744192,0.3825832408540691,PA3335,False
PA3336_at,-0.07764303569999953,-0.41220755168871404,0.6972647946993025,0.9197894624832126,PA3336,False
PA3337_rfaD_at,2.2757477265000006,6.493321781300785,0.0012926776820291436,0.034428510572052214,PA3337,True
PA3338_at,0.3310250945999993,2.1523401260873474,0.08399615727388071,0.37511485714268733,PA3338,False
PA3339_at,0.42706245529999975,2.6589622616451143,0.04493988049764712,0.27297846915289053,PA3339,False
PA3340_at,0.07051776655000008,0.26967078438754444,0.7981890447802943,0.9541339196972819,PA3340,False
PA3341_at,0.7023898613999995,4.366159056309837,0.00724817018082871,0.09635555791731865,PA3341,False
PA3342_at,0.19553006654999905,1.2562337290565389,0.2645304530223508,0.6644447425025011,PA3342,False
PA3343_at,0.11884533954999998,0.6890558979710794,0.521451965489249,0.8452950341144918,PA3343,False
PA3344_recQ_at,-0.36385740454999915,-2.3569905109131684,0.06499339350507516,0.3282317340780869,PA3344,False
PA3345_at,-0.01689636444999998,-0.10590699711755076,0.9197738779960599,0.9806506362456895,PA3345,False
PA3346_at,-0.07805806839999985,-0.47884557892852503,0.6522558361594583,0.9005812459851211,PA3346,False
PA3347_at,0.20065040119999988,1.248658650328841,0.26706697819296293,0.6659598053086069,PA3347,False
PA3348_at,0.7092413941500002,3.5436742604682157,0.016498005898749946,0.1556421756259807,PA3348,False
PA3349_at,1.1117621495999996,7.049704241809929,0.0008873619244611185,0.02793054699132697,PA3349,True
PA3350_at,0.25448712434999976,1.3127831940552748,0.24627904862430133,0.6435756757750526,PA3350,False
PA3351_at,1.2847071399999983,4.829969805596987,0.004756605253751402,0.07505999604177145,PA3351,False
PA3352_at,0.9077631870499996,4.666569690700046,0.005499506852464357,0.08144277705195234,PA3352,False
PA3353_at,0.2959935489499994,1.0169292085700183,0.355842296169122,0.7419045991183242,PA3353,False
PA3354_at,0.2362061754,1.4744319009347044,0.20037292451908306,0.5914719326576344,PA3354,False
PA3355_at,0.3981159511500003,2.003914432067058,0.10143122323809751,0.42027425490084275,PA3355,False
PA3356_at,1.1072926986000002,5.372080733895357,0.0030096259924654884,0.056237011402069416,PA3356,False
PA3357_dsdA_at,0.07165242590000087,0.4340157136358084,0.6823663105535984,0.9128252554564805,PA3357,False
PA3358_at,0.40784245880000114,2.5810567284337225,0.0493688315274514,0.28636846552291045,PA3358,False
PA3359_at,-0.09541011359999985,-0.5709128709823448,0.5927599109359997,0.8766293557209281,PA3359,False
PA3360_at,-0.00811863335000007,-0.05183602239272326,0.9606665335743632,0.9899305351223217,PA3360,False
PA3361_at,0.12259777770000069,0.7394150455550481,0.4928857182438278,0.8300787804243693,PA3361,False
PA3362_at,0.12571660850000033,0.7511447272687634,0.4863933420521715,0.827670196969957,PA3362,False
PA3363_amiR_at,0.17643969335000076,0.9163025836978135,0.40154228486993354,0.7760005115100056,PA3363,False
PA3364_amiC_at,-0.07393072884999974,-0.47360813372476734,0.6557367023485119,0.9022127699914309,PA3364,False
PA3365_at,-0.18140111839999973,-1.1134845973496064,0.3161453856100805,0.710403755609283,PA3365,False
PA3366_amiE_at,-0.0749654839499998,-0.4237245296999475,0.6893769936753187,0.9164042828052175,PA3366,False
PA3367_at,-0.20990067894999997,-1.32700011555735,0.24187659657890404,0.638037113185418,PA3367,False
PA3368_at,0.10786616190000053,0.6962582522646081,0.517298026257751,0.8433850004784389,PA3368,False
PA3369_at,0.2406510402500004,1.2415808910684556,0.26945689178238835,0.666879128600975,PA3369,False
PA3370_at,0.1284662754500001,0.7504441024167151,0.48677941565054844,0.8278484948047177,PA3370,False
PA3371_at,0.34903682955000015,2.1674333206627527,0.0824096507321202,0.37203787879592376,PA3371,False
PA3372_at,0.10311590924999958,0.6377619903728452,0.5516861136578807,0.8608760511639145,PA3372,False
PA3373_at,0.22844892600000044,1.0863095017618656,0.3269156130465528,0.7212238749595239,PA3373,False
PA3374_at,0.39189721100000074,1.7873415882783648,0.13392268006810618,0.482666571123816,PA3374,False
PA3375_at,0.25509169499999906,1.4748576511633449,0.20026351885216315,0.5914719326576344,PA3375,False
PA3376_at,0.08995832675000015,0.5766862923470693,0.5891399033241332,0.8759445710736805,PA3376,False
PA3377_at,0.0734878883000003,0.47231860441620005,0.6565952645974648,0.9025501465251465,PA3377,False
PA3378_at,-0.13143064420000083,-0.7933119428569011,0.4635619592950257,0.8154589636612436,PA3378,False
PA3379_at,0.07597399864999943,0.4791489944691852,0.6520544885252824,0.9005812459851211,PA3379,False
PA3380_at,0.07833927679999997,0.49035351710575215,0.6446427594749501,0.8962800000359226,PA3380,False
PA3381_at,0.24926177094999957,1.2550571303377605,0.2649229975892121,0.6645802547909756,PA3381,False
PA3382_phnE_at,0.04041992749999945,0.17261384226359214,0.869724661765843,0.9702803940776634,PA3382,False
PA3383_at,0.1920306512000005,1.0956945397022393,0.32316088306007146,0.7167011897858254,PA3383,False
PA3384_phnC_at,0.04656147810000011,0.29082082381648566,0.7828654512883809,0.9477613507551366,PA3384,False
PA3385_at,1.4856808778000001,5.657303678815024,0.0023980121855142807,0.050052126680627855,PA3385,False
PA3386_at,0.04640194140000009,0.25839438679990473,0.8064018523365775,0.9551490518682015,PA3386,False
PA3387_rhlG_at,0.09244966559999934,0.448895983071968,0.6722934216684245,0.9101513983939813,PA3387,False
PA3388_at,0.13598278819999976,0.7581906064627494,0.4825229513282444,0.8262640000017584,PA3388,False
PA3389_at,0.26608094484999967,1.286674263914341,0.2545571974276578,0.6525530679267342,PA3389,False
PA3390_at,0.12506948840000032,0.6800196330778642,0.5266956403224581,0.848188929941994,PA3390,False
PA3391_nosR_at,0.48346143414999965,2.7704009635956677,0.03934662934445015,0.2530327825761595,PA3391,False
PA3392_nosZ_at,1.1816244812499992,6.524710800500227,0.0012646472485684022,0.03412270386964116,PA3392,True
PA3393_nosD_at,0.35588053400000064,1.3701421358205783,0.22896101775778452,0.6256567086918847,PA3393,False
PA3394_nosF_at,-0.05577292674999956,-0.2772357848697953,0.7926957749175988,0.9518170810210091,PA3394,False
PA3395_nosY_at,-0.041061293499999874,-0.25048534792142013,0.8121791533598747,0.9573464196762103,PA3395,False
PA3396_nosL_at,0.2886087586500006,1.4881570130895256,0.19687475931515508,0.5861430618760762,PA3396,False
PA3397_fpr_at,0.2617540046000002,0.6174818818963048,0.5639500469824104,0.8644421691046412,PA3397,False
PA3398_at,0.17307095744999934,1.0773997001341233,0.33051476919253014,0.7234696658487291,PA3398,False
PA3399_at,0.1869811802500001,0.5945682772500318,0.5780138579473966,0.8696759855192071,PA3399,False
PA3400_at,-0.13579916480000032,-0.746863997070652,0.4887556211268571,0.8281228969217181,PA3400,False
PA3401_at,0.28391441290000063,1.6564917397648717,0.15852360947405614,0.5262661959189477,PA3401,False
PA3402_at,0.08972877164999993,0.3918572761992632,0.7113083479283805,0.9233164875819249,PA3402,False
PA3403_at,-0.13485416865000044,-0.7953284730725636,0.46249010727736667,0.8150349615073593,PA3403,False
PA3404_at,0.36918277395,1.7101947796757595,0.1479199238423306,0.5070801815585079,PA3404,False
PA3405_hasE_at,0.09875832130000006,0.5364745833290852,0.614630426275567,0.8840461541097148,PA3405,False
PA3406_hasD_at,0.1669900563000004,0.7900310919604254,0.46530974794949104,0.81641282802254,PA3406,False
PA3407_hasAp_at,0.06041508995000022,0.340190184916138,0.7475395194249878,0.9347029128473151,PA3407,False
PA3408_hasR_at,-0.04367378189999993,-0.24850037180233292,0.813631262174124,0.9574355326739455,PA3408,False
PA3409_at,0.0726648539000001,0.4419999342058724,0.6769520540209919,0.9103395166461579,PA3409,False
PA3410_at,0.015114086599999688,0.09349365080962217,0.9291422005866088,0.9846825255841157,PA3410,False
PA3411_r_at,-0.004925695950000808,-0.03100836301211887,0.9764625620829901,0.9950099926325614,PA3411,False
PA3412_at,-0.08253686255000003,-0.5275782279822318,0.6203561498634692,0.884762853912377,PA3412,False
PA3413_at,0.20397219015,1.1152892187455676,0.31544114946624874,0.7099793475059769,PA3413,False
PA3414_at,0.035022489649999766,0.22774696072362846,0.828863111244202,0.9606994857547716,PA3414,False
PA3415_at,0.19422789865000034,1.1837085789352242,0.2897325833404828,0.6844914260484477,PA3415,False
PA3416_at,0.29305961145000037,1.4193280937722355,0.21502651408963552,0.6090693272048098,PA3416,False
PA3417_at,0.13614092210000006,0.8752218803244969,0.4214992430851429,0.7888218804522329,PA3417,False
PA3418_ldh_at,0.85120143315,3.596092464077473,0.01560741907841462,0.15084608981206643,PA3418,False
PA3419_at,0.09159276970000008,0.5753406697929102,0.5899824182898212,0.8759445710736805,PA3419,False
PA3420_at,0.40083934825000034,2.4348364920375,0.05902786183560116,0.31272759260588506,PA3420,False
PA3421_at,0.018408881600000093,0.11958164238323676,0.9094707785041906,0.9779955293250645,PA3421,False
PA3422_at,-0.23864247414999973,-1.301001473845291,0.2499833988263778,0.6467702353811251,PA3422,False
PA3423_at,-0.19173579075000013,-1.0126334957105985,0.3577018320944438,0.7419691956371308,PA3423,False
PA3424_at,0.12966993005000038,0.5612777803640093,0.5988311898014735,0.8796707799607085,PA3424,False
PA3425_at,-0.19037847204999991,-1.1974290561445888,0.28480587094528326,0.6808994552329126,PA3425,False
PA3426_at,0.11318367220000036,0.6692543437284982,0.5329889960767012,0.8495240691935472,PA3426,False
PA3427_at,0.06121206889999975,0.3859561297399094,0.7154054068903607,0.924053348898532,PA3427,False
PA3428_at,0.3145015938000002,1.877555465299208,0.11925049641677146,0.4590637160949096,PA3428,False
PA3429_at,0.28620290709999985,1.747339414395745,0.14100496691377667,0.49369589049831863,PA3429,False
PA3430_at,0.5700068205999997,2.8251025275114783,0.03688651951231835,0.24394837511180426,PA3430,False
PA3431_at,1.3630439095,3.7370929755440367,0.013471909767539083,0.1388167945624362,PA3431,False
PA3432_i_at,1.0616117632000002,5.252971551176112,0.003318068252761108,0.059908434772245035,PA3432,False
PA3433_at,0.17969912115000053,1.0801192894551426,0.3294126003703458,0.7232087153225869,PA3433,False
PA3435_at,-0.6820272081500001,-3.3729763413751837,0.019825283717472292,0.17268092047935754,PA3435,False
PA3436_at,0.4434339921500001,2.2159481267157815,0.0775222300913876,0.36174596360661954,PA3436,False
PA3437_at,0.3102901412500003,1.776338878122028,0.135833944928888,0.48543820376893027,PA3437,False
PA3438_folE1_at,-0.008226396099999533,-0.052439898368459706,0.9602088098248704,0.9898054386390871,PA3438,False
PA3439_folX_at,0.03458946569999988,0.15203119819119748,0.8851065073054346,0.9734987698676052,PA3439,False
PA3440_at,-0.8360639209999992,-2.6304099054011805,0.04651028358538068,0.2787775246268337,PA3440,False
PA3441_at,-0.2092818619500001,-0.9801129588416811,0.3720420989578985,0.752969129749159,PA3441,False
PA3442_at,-0.05907318384999982,-0.3827446779294807,0.7176396428362461,0.924053348898532,PA3442,False
PA3443_at,0.43613725915000057,2.505269847217244,0.05414008200328664,0.2977499569842512,PA3443,False
PA3444_at,0.029123077000000386,0.18385509064284905,0.8613508322003476,0.968743750798087,PA3444,False
PA3445_at,-0.06897929945000136,-0.4400571709312557,0.6782674632755388,0.910405918332983,PA3445,False
PA3446_at,-0.1873419164500003,-1.1326017345048054,0.30875405774902853,0.7027557555726148,PA3446,False
PA3447_at,0.052997152200000563,0.3121810303554914,0.767502078971408,0.9421101861479049,PA3447,False
PA3448_at,0.07779378135000048,0.4577743857245758,0.6663200845613738,0.9074571680385142,PA3448,False
PA3449_at,0.05985909889999963,0.35620652732144087,0.7362231560979496,0.9305276192227117,PA3449,False
PA3450_at,-0.5088305298500009,-2.993824900475722,0.030313664900412235,0.218737639334969,PA3450,False
PA3451_at,0.008589341300000441,0.05437240592814056,0.9587441324786246,0.9895086732893537,PA3451,False
PA3452_mqoA_at,-0.6798063599000006,-3.5357748571061993,0.01663717737971025,0.15593379945378108,PA3452,False
PA3453_at,-0.33089650780000035,-2.0565987726120882,0.09484282419294976,0.4045252631881901,PA3453,False
PA3454_at,0.26039779470000024,1.6677287658917062,0.1562437654587284,0.5216397070278362,PA3454,False
PA3455_at,0.3831270098499999,2.31756863741174,0.06826009271269556,0.33565489198573606,PA3455,False
PA3456_at,-0.24723544305000011,-1.2560135013635145,0.26460388658271533,0.6644447425025011,PA3456,False
PA3457_at,-0.09126257570000007,-0.4650650216346918,0.6614358297348135,0.9061273847359798,PA3457,False
PA3458_at,2.467202146750001,14.95103583166755,2.422999019198971e-05,0.005282137861853757,PA3458,True
PA3459_at,0.6507027514999999,2.9622248323839004,0.0314379932879149,0.22402424756981487,PA3459,False
PA3460_at,0.26706134515000013,1.697252677926979,0.1504085567890098,0.5101907242010867,PA3460,False
PA3461_at,-0.08616628650000013,-0.5097992514306174,0.6318902250001355,0.8887230261292228,PA3461,False
PA3462_at,0.13937109160000016,0.8474554948635347,0.43541881398067805,0.7972939790657073,PA3462,False
PA3463_at,0.06944545834999971,0.415003526953165,0.695345834640984,0.9180811087251753,PA3463,False
PA3464_at,0.11881489574999993,0.7001694187829445,0.5150517877022368,0.8432808963603243,PA3464,False
PA3465_at,0.9264779170499997,4.16626863736667,0.008770664373499399,0.1071160659173435,PA3465,False
PA3466_at,-0.30666335445000037,-1.9023665758646988,0.11551198274075673,0.4511635901871892,PA3466,False
PA3467_at,-0.13181825594999985,-0.8090298819043096,0.4552558297764817,0.8103382564377282,PA3467,False
PA3468_at,-0.2938165138999995,-1.7734217698162416,0.1363452991347555,0.4859708867868193,PA3468,False
PA3469_at,-0.2883565231999996,-1.760582545253749,0.13861924801124842,0.4891532439129951,PA3469,False
PA3470_i_at,0.12777827999999936,0.6723565611128013,0.5311702950440635,0.8495240691935472,PA3470,False
PA3471_at,-0.5434994088500003,-2.560600166819853,0.05060967827774648,0.29176157330344343,PA3471,False
PA3472_at,-0.8894779199999991,-4.686339784884943,0.005402784756575882,0.08091804345344947,PA3472,False
PA3473_at,0.004756433199999854,0.03016909792876332,0.9770993857597817,0.9950099926325614,PA3473,False
PA3474_at,-0.026406273050000095,-0.1626269004025447,0.877180448807581,0.9713567895581238,PA3474,False
PA3475_pheC_at,0.027263103850000192,0.1612403335401358,0.8782167583904403,0.9713567895581238,PA3475,False
PA3476_rhlL_at,-0.05850052369999936,-0.3620967006314881,0.7320802429775923,0.9291066875804453,PA3476,False
PA3477_rhlR_at,-0.025051881400000475,-0.14820370336909966,0.8879734511898959,0.9740238042683056,PA3477,False
PA3478_rhlB_at,0.2353569093500001,1.2267225180391128,0.27453708377857566,0.6687173127677457,PA3478,False
PA3479_rhlA_at,0.15601847624999987,0.9548499354433772,0.38350451318263545,0.7614000902422813,PA3479,False
PA3480_at,-1.2944472535500005,-5.373375958617936,0.0030064613894604233,0.056237011402069416,PA3480,False
PA3481_at,-0.1242897310999993,-0.7698102109430391,0.4761886409525582,0.8229143689508978,PA3481,False
PA3482_metG_at,-0.5122109659000005,-3.0249331785208695,0.02925059438716565,0.21440722112435492,PA3482,False
PA3483_at,-0.4129335148000006,-2.518356300263407,0.053281453520464823,0.29612564245069156,PA3483,False
PA3484_at,-0.18246611630000054,-1.0432244706429625,0.3446347394266244,0.7340412245299222,PA3484,False
PA3485_r_at,0.0787706135999997,0.4284753201565377,0.6861361542115547,0.913971290690093,PA3485,False
PA3486_at,0.005145267250000529,0.032276421760063546,0.9755004131141845,0.9950099926325614,PA3486,False
PA3487_at,-0.14023711054999977,-0.8744911548520677,0.4218611073307969,0.7888218804522329,PA3487,False
PA3488_at,0.19062125160000054,1.0202890338368742,0.35439350671938447,0.7408646357378956,PA3488,False
PA3489_at,-0.059963380650000175,-0.38790897098175503,0.7140483729685583,0.9237526901846429,PA3489,False
PA3490_at,-0.2870876423500004,-1.6182290519213582,0.16653746988954193,0.540300159837539,PA3490,False
PA3491_at,-0.35228484569999985,-1.6610534720932193,0.15759412426633793,0.5243392349850173,PA3491,False
PA3492_at,-0.12749157945,-0.6731908270492116,0.5306819108338251,0.8495240691935472,PA3492,False
PA3493_at,-0.1690788310000002,-1.0438936573443776,0.34435343282237707,0.7340412245299222,PA3493,False
PA3494_at,0.026832932950000554,0.15773626954114658,0.8808368970024233,0.9719921214391195,PA3494,False
PA3495_nth_at,-0.014429998400000699,-0.0830825334480334,0.9370095658922426,0.9864272489053094,PA3495,False
PA3496_at,-0.2617983635500005,-1.001520409375542,0.3625499689377735,0.7445809899398936,PA3496,False
PA3497_at,0.00032914959999885696,0.0021180801233035714,0.9983919266740756,0.9995707784437029,PA3497,False
PA3498_at,0.01210883809999963,0.05900070812297103,0.9552370333708999,0.988925396370607,PA3498,False
PA3499_at,0.058410876550000435,0.3263377436863171,0.7573855829968715,0.9403203852199687,PA3499,False
PA3500_at,0.3657649595999999,2.126688359997947,0.0867672613261849,0.3825832408540691,PA3500,False
PA3501_at,-0.012654842549999934,-0.08062951127824798,0.9388644654421608,0.9864272489053094,PA3501,False
PA3502_at,0.06521006444999955,0.4161928579111891,0.6945303436113464,0.9177211764755437,PA3502,False
PA3503_at,0.25419586905000013,1.532713043055895,0.18592063219721736,0.5700011011387552,PA3503,False
PA3504_at,0.08689242429999933,0.5308997105320137,0.6182148337951677,0.8840952051428437,PA3504,False
PA3505_at,0.1485327760999997,0.9405520617952541,0.3901175590306482,0.7640318039346785,PA3505,False
PA3506_at,0.20743779965000053,1.236058838595915,0.27133492353116867,0.6685665309882775,PA3506,False
PA3507_at,0.09530966609999947,0.597367957506781,0.5762838006194964,0.8694911453485579,PA3507,False
PA3508_at,-0.08306235020000052,-0.4833514834532627,0.649269161626193,0.8987766428343772,PA3508,False
PA3509_at,-0.06460009084999996,-0.37712264386530314,0.7215586440738272,0.9259533203230619,PA3509,False
PA3510_at,0.1962334944499995,1.1950048278965093,0.285670888849286,0.681580402013335,PA3510,False
PA3511_at,0.27176711659999997,1.2582259370729838,0.263867005137633,0.6640107705173611,PA3511,False
PA3512_at,-0.17051213469999915,-0.6982581069968478,0.5161486432958187,0.8433850004784389,PA3512,False
PA3513_at,-0.07851792915000022,-0.4796603063000832,0.6517152561583849,0.9005812459851211,PA3513,False
PA3514_at,-0.24344159575000024,-1.3998607920577253,0.22044306734685373,0.6166957673020822,PA3514,False
PA3515_at,0.1722202138999993,1.106717173112136,0.3187984492588673,0.7144314492183842,PA3515,False
PA3516_at,0.6006915726499997,2.7740360134831437,0.03917762681769722,0.2530327825761595,PA3516,False
PA3517_at,0.3618962769499996,2.0877127830629605,0.09116427780228151,0.3928205996663462,PA3517,False
PA3518_at,0.7618543087500003,4.4122408189796385,0.006942038113307069,0.09506370563560775,PA3518,False
PA3519_at,1.8718392810500002,9.545174566834048,0.00021361053031667985,0.013234858752041868,PA3519,True
PA3520_at,0.2977106408500001,1.8937241257354727,0.11680031353067541,0.4540294519247536,PA3520,False
PA3521_at,0.16782835270000085,0.9695587026068371,0.3767963751172082,0.7552697306419403,PA3521,False
PA3522_at,0.38882705505000015,2.362534758037664,0.06454765524881607,0.3272416010288815,PA3522,False
PA3523_at,0.8244919189999997,3.8433799801728483,0.012082104389716157,0.13123330973402073,PA3523,False
PA3524_gloA1_at,-0.16537907540000063,-0.6266510873377183,0.5583836782316083,0.8624792139296544,PA3524,False
PA3525_argG_at,-1.0625058570000006,-5.197808068653173,0.003473373949460967,0.06176519355446299,PA3525,False
PA3526_at,0.7775373758999997,2.5884947575615596,0.048925951407371354,0.28636846552291045,PA3526,False
PA3527_pyrC_at,-0.17699713250000038,-1.0417116558998223,0.3452713963280863,0.7340412245299222,PA3527,False
PA3528_rnt_at,-0.09561075750000025,-0.5832362444026477,0.5850493939059652,0.8741984390023763,PA3528,False
PA3529_at,-0.1812143353499991,-0.7200451839000537,0.5037407975603411,0.8363812241303636,PA3529,False
PA3530_at,-0.3824489966,-2.2973658485968866,0.07000231473448272,0.34025845727433934,PA3530,False
PA3531_bfrB_at,1.8741279679999998,4.017580353327236,0.010145057999555646,0.11777872068123181,PA3531,False
PA3532_at,-0.26452726454999986,-1.7063402396593235,0.14865676022093685,0.5079502803201386,PA3532,False
PA3533_at,0.2838581515500005,1.1250108069898492,0.31167076949943073,0.7057690776847838,PA3533,False
PA3534_at,0.16191150254999975,0.7290105805513297,0.49869580948655695,0.8336037870556988,PA3534,False
PA3535_at,-0.03610640529999998,-0.2247133000246237,0.8310970030555372,0.9612645462366787,PA3535,False
PA3536_at,0.060217820800000155,0.3716429523360993,0.7253877637482714,0.9263684915214419,PA3536,False
PA3537_argF_at,-1.0402182229499992,-3.926336266945824,0.011111075881495203,0.12528695907754936,PA3537,False
PA3538_at,-0.7677252664499994,-4.179417646312661,0.008659825174620843,0.10700847869049113,PA3538,False
PA3539_at,-0.1905365591999999,-1.13685758953172,0.307129243152189,0.7022099969664496,PA3539,False
PA3540_algD_at,0.17253200689999915,1.0735183622069595,0.33209321645141654,0.7249251448680409,PA3540,False
PA3541_at,0.10290237574999983,0.6307535326356207,0.5559046709800671,0.8619710547311988,PA3541,False
PA3542_at,-0.05033929000000015,-0.31104235783827205,0.7683181026234916,0.9421101861479049,PA3542,False
PA3543_algK_at,0.19172786074999948,1.053064274577042,0.3405178499541902,0.731167641237817,PA3543,False
PA3544_algE_at,-0.13859108499999984,-0.6727352605647041,0.5309485647625847,0.8495240691935472,PA3544,False
PA3545_algG_at,-0.021307591849999863,-0.13213481195750923,0.9000303254471962,0.9768224065773544,PA3545,False
PA3546_algX_at,0.21268206129999978,1.334000306583279,0.23973580597146857,0.6357786141769751,PA3546,False
PA3547_algL_at,-0.006967369699999892,-0.04483087271685801,0.9659774762551256,0.9934899812347289,PA3547,False
PA3548_algI_at,-0.024594019000000245,-0.1335668768870308,0.8989545153683214,0.9768224065773544,PA3548,False
PA3549_algJ_at,-0.0474163192999999,-0.19901531914107157,0.8500905236120749,0.9660270328716476,PA3549,False
PA3550_algF_at,0.27305122824999994,1.640354086933737,0.16185576345206465,0.5317933007739452,PA3550,False
PA3551_algA_at,0.23718886410000017,1.4676256706761712,0.2021297486221012,0.5943311301515206,PA3551,False
PA3552_at,-0.2774079879000002,-1.1359864249163452,0.30746122995670916,0.7022099969664496,PA3552,False
PA3553_at,-0.24324756255000057,-1.4571433532347138,0.2048643883640534,0.5993199751047805,PA3553,False
PA3554_at,-0.5976131397500009,-3.3991527435836013,0.01926875830840418,0.17003884768105998,PA3554,False
PA3555_at,-0.05239583359999944,-0.339650062493444,0.7479224236549002,0.9347029128473151,PA3555,False
PA3556_at,-0.2027711101499996,-1.2962613647980168,0.25148819272037787,0.6486676171569431,PA3556,False
PA3557_at,-0.08296551885000092,-0.5092433320462642,0.6322528223039373,0.8888082426751791,PA3557,False
PA3558_at,-0.2684968728000001,-1.6174808539161292,0.16669811251528557,0.540300159837539,PA3558,False
PA3559_at,-0.027342362649999785,-0.1407292542964086,0.8935776664543998,0.9755480785498487,PA3559,False
PA3560_fruA_at,0.1995916326999989,1.1037707995048942,0.3199595315274075,0.7152608441208965,PA3560,False
PA3561_fruK_at,0.33891719769999984,1.6963441154092427,0.1505848334298832,0.5102719226069617,PA3561,False
PA3562_at,0.10550322435000048,0.6655940585432485,0.5351402226900747,0.850254871306842,PA3562,False
PA3563_fruR_at,-0.03769784444999935,-0.24153748216296406,0.8187316366126814,0.9576817196149132,PA3563,False
PA3564_at,-0.009390321149999714,-0.06054466007255326,0.9540673537246168,0.988925396370607,PA3564,False
PA3565_at,0.07565175745000019,0.4498446920855917,0.6716538157970655,0.9100035492983665,PA3565,False
PA3566_at,0.4460717901499991,2.5145507317620934,0.05352960239229132,0.29612564245069156,PA3566,False
PA3567_at,0.35934800835000047,2.308188879808216,0.06906310433483659,0.33819087530353426,PA3567,False
PA3568_at,-0.13838741364999985,-0.8391589903324547,0.4396454457505301,0.7994929183867419,PA3568,False
PA3569_mmsB_at,-0.08630991730000037,-0.5475733483395989,0.607530611887071,0.8816252712378155,PA3569,False
PA3570_mmsA_at,0.029845793549999833,0.19375208630895455,0.8539953784034686,0.9664709764685491,PA3570,False
PA3571_mmsR_at,0.09765429584999996,0.6345340001761516,0.5536265303564135,0.8614268145896631,PA3571,False
PA3572_at,3.9972303929499997,9.582006329885692,0.00020971618820864364,0.013131803019107196,PA3572,True
PA3573_at,0.24868889895000024,1.3011038118589582,0.24995100223028172,0.6467702353811251,PA3573,False
PA3574_at,0.2246398075,0.9813426018120002,0.37149139930676733,0.7529608733883033,PA3574,False
PA3575_at,0.13027700760000016,0.7642393356165507,0.4792180071630843,0.8233483706293875,PA3575,False
PA3576_at,0.3325797283499998,1.6656712870423038,0.1566587425632245,0.522432497862402,PA3576,False
PA3577_i_at,0.07548127660000015,0.33005001646292365,0.754741747087656,0.939044379683113,PA3577,False
PA3578_at,-0.13973672330000042,-0.8810330517767944,0.41863004832980183,0.7854818184473107,PA3578,False
PA3579_at,0.13005780844999926,0.7224681064690174,0.5023738674708452,0.835953074860001,PA3579,False
PA3580_at,0.06707839375000013,0.4275858061476945,0.6867423741147557,0.9141582294975731,PA3580,False
PA3581_glpF_at,-0.013779744599999866,-0.08269512001700578,0.937302486174928,0.9864272489053094,PA3581,False
PA3582_glpK_at,0.6379199753999991,3.7846189639633594,0.012828974409054434,0.1352121392339176,PA3582,False
PA3583_glpR_at,-0.2601742523499997,-1.3447390356204205,0.23648591180613426,0.6335712684983643,PA3583,False
PA3584_glpD_at,0.5662578766499999,2.977082075112852,0.03090366977549298,0.22153433577937554,PA3584,False
PA3585_glpM_at,0.0694864503499999,0.4450731600010495,0.6748738935728523,0.9102446694706253,PA3585,False
PA3586_at,0.05303303029999995,0.16188811827041397,0.8777325744159351,0.9713567895581238,PA3586,False
PA3587_metR_at,0.6053713228000008,2.7091431455340502,0.04231944102382176,0.2638688875701429,PA3587,False
PA3588_at,0.011641520650000459,0.06861596378354053,0.9479548402989826,0.9885470903369254,PA3588,False
PA3589_at,0.0005493996500001153,0.003018991069994021,0.9977079457647275,0.9995707784437029,PA3589,False
PA3590_at,0.18050262874999934,0.9710223384128361,0.3761341181149296,0.7550905249742413,PA3590,False
PA3591_at,0.4123025579499995,2.3992309258628906,0.06167940889649627,0.32041213148211645,PA3591,False
PA3592_at,0.18051562230000062,1.1336792479609272,0.3083419730174841,0.7022099969664496,PA3592,False
PA3593_at,0.24593151354999954,1.5080614712408713,0.1919061128815893,0.5778136116278162,PA3593,False
PA3594_at,0.26804912335,1.4525289379773094,0.20607940661461646,0.5995418187477776,PA3594,False
PA3595_at,0.09200478760000008,0.5516326459291409,0.6049460328932132,0.880525985050829,PA3595,False
PA3596_at,0.2799790289500006,1.3507676836140545,0.234679479183905,0.631581640225177,PA3596,False
PA3597_at,0.019094058600000352,0.10828606494057562,0.9179800316067959,0.9802667754059508,PA3597,False
PA3598_at,0.1424747288499999,0.8294573143462988,0.4446273412942529,0.8013892766037469,PA3598,False
PA3599_at,-0.0583654994499998,-0.3649837217188329,0.730053387687787,0.928012469204916,PA3599,False
PA3600_at,0.08798660980000017,0.5510075297721423,0.6053436228253894,0.880525985050829,PA3600,False
PA3601_at,0.1843373708999998,1.1845287353191247,0.28943596660195264,0.6844914260484477,PA3601,False
PA3602_at,-0.29846023899999885,-1.69828946261501,0.15020765552834525,0.5101686442237969,PA3602,False
PA3603_dgkA_at,-0.05758482945000054,-0.3328726922831598,0.7527340137327262,0.9376915142499103,PA3603,False
PA3604_at,-0.6028236626999997,-2.19583587598653,0.07950983319007926,0.36484834107016156,PA3604,False
PA3605_at,-0.032228798500000266,-0.20146465346700515,0.8482749854813575,0.9660270328716476,PA3605,False
PA3606_at,-0.1399292060500006,-0.7187270309910772,0.5044855445536002,0.8363812241303636,PA3606,False
PA3607_potA_at,0.23664938434999971,1.386617872619393,0.22420120878258892,0.6213033497619201,PA3607,False
PA3608_potB_at,0.0009052869999996993,0.005355242418283414,0.9959342516247818,0.9995707784437029,PA3608,False
PA3609_potC_at,0.11519267285000012,0.7417445854002653,0.4915914420307759,0.8293227938644733,PA3609,False
PA3610_potD_at,-0.18963911859999882,-1.0299725888160154,0.3502453907891109,0.7364996213014565,PA3610,False
PA3611_at,-0.3010464114499989,-1.3115282186896875,0.24667120702489276,0.6435756757750526,PA3611,False
PA3612_at,-0.28497789320000066,-1.4526376033387718,0.20605071489813967,0.5995418187477776,PA3612,False
PA3613_at,1.0866504605999996,5.4531352971836276,0.0028188912141731584,0.05457892660073425,PA3613,False
PA3614_at,1.8954506496000008,11.892843568586546,7.405034770155755e-05,0.008071487899469773,PA3614,True
PA3615_at,0.9883321087499999,4.665272930116615,0.0055059211426140104,0.08144277705195234,PA3615,False
PA3616_at,-0.34438609650000007,-2.1602269812178694,0.08316313356535715,0.3728067881522524,PA3616,False
PA3617_recA_at,-0.10086136904999954,-0.5624157697598196,0.5981121753969805,0.879500675901582,PA3617,False
PA3618_at,-0.07850184310000063,-0.33774741028465466,0.7492719097935053,0.9351599790170848,PA3618,False
PA3619_at,0.24886261009999977,1.3896495478741056,0.22333556919580616,0.6193903747232129,PA3619,False
PA3620_mutS_at,-0.39296097480000025,-2.3515502689966103,0.0654340003290099,0.32918335550132666,PA3620,False
PA3621_fdxA_at,-1.1883012748499997,-5.550075128681722,0.0026090861866977875,0.052335303264941,PA3621,False
PA3622_rpoS_at,0.4652315283499995,2.1035903367875197,0.0893453095588824,0.3895455496767273,PA3622,False
PA3623_at,0.10156632009999988,0.5184472141121768,0.6262647494670335,0.8879156288552206,PA3623,False
PA3624_pcm_at,-0.42288837900000065,-2.692641367501965,0.04316209097469859,0.26686141541709657,PA3624,False
PA3625_surE_at,-1.0563374794999998,-4.722184908981224,0.005232420320194305,0.0789692974478556,PA3625,False
PA3626_at,-0.04064433894999997,-0.2571185075346035,0.807332906867806,0.9551490518682015,PA3626,False
PA3627_at,-0.1660128649499999,-0.8460947706980724,0.43610990138474787,0.7972939790657073,PA3627,False
PA3628_at,0.050853759699999834,0.3231950727736918,0.7596267003023865,0.9403203852199687,PA3628,False
PA3629_adhC_at,0.18832599000000005,1.0025186256098295,0.3621122784639918,0.7441877068055824,PA3629,False
PA3630_at,-0.015422236700000092,-0.0906201918911441,0.9313127130658209,0.9847818379182003,PA3630,False
PA3631_at,-0.12063815659999921,-0.67883372302118,0.5273864541511472,0.8486048849463237,PA3631,False
PA3632_at,0.1338307327999999,0.8217126260294606,0.44863478996159456,0.8042972761723287,PA3632,False
PA3633_at,-0.011027994450000023,-0.05455595737546525,0.9586050254948663,0.9895086732893537,PA3633,False
PA3634_at,-0.12619807739999978,-0.5426886904285498,0.6106493330857407,0.88231165990413,PA3634,False
PA3635_eno_at,-1.6059257568500005,-10.309404182819177,0.00014768039748273682,0.01065864936544786,PA3635,True
PA3636_kdsA_at,-0.6597662377499995,-2.5109948530585107,0.053762609720422384,0.2962984277288447,PA3636,False
PA3637_pyrG_at,-0.8589850976000006,-5.305037332814594,0.003178892796708387,0.0584717593794549,PA3637,False
PA3638_at,0.1223706787500003,0.7598327217551143,0.48162410356131446,0.8257615710928916,PA3638,False
PA3639_accA_at,-0.77531664205,-3.119527524724349,0.02626625356389326,0.203280813282466,PA3639,False
PA3640_dnaE_at,-0.05978313020000048,-0.27018347545562266,0.7978163349792143,0.9541339196972819,PA3640,False
PA3641_at,-0.015038628399999698,-0.09369010152911143,0.928993833705488,0.9846825255841157,PA3641,False
PA3642_rnhB_at,-0.51137747775,-3.27181479747537,0.02215404756901812,0.18286865939658942,PA3642,False
PA3643_lpxB_at,-0.5084176415000004,-2.2789660073140166,0.07163065806421132,0.343897270282176,PA3643,False
PA3644_lpxA_at,-1.004685074200001,-4.340492064302851,0.007425454239070512,0.09763466925051868,PA3644,False
PA3645_fabZ_at,-1.2647074737000006,-5.28516726995961,0.003231184778095186,0.05888159010485531,PA3645,False
PA3646_lpxD_at,-1.7010361083000003,-6.310406423615184,0.0014714054000295462,0.037985492037604866,PA3646,True
PA3647_at,-0.7364529019499999,-3.4966880414727046,0.01734578924837969,0.16027836030763398,PA3647,False
PA3648_at,-0.7410643764499998,-3.2706403093905148,0.02218284451395937,0.18286865939658942,PA3648,False
PA3649_at,-0.08148159430000135,-0.4457665920871524,0.6744054373692411,0.9102446694706253,PA3649,False
PA3650_dxr_at,-0.2737702010999996,-1.538210960159378,0.18461067677431447,0.5680180049626842,PA3650,False
PA3651_cdsA_at,-0.5280887633999996,-3.0988448488617286,0.02688836302253605,0.20661214719405638,PA3651,False
PA3652_uppS_at,-0.6211053235000001,-3.7002864845629606,0.013995243334493711,0.14239399218470397,PA3652,False
PA3653_frr_at,-1.4604784244999998,-6.3358843893039705,0.001444839346463894,0.03746398411139419,PA3653,True
PA3654_pyrH_at,-1.3146807257499997,-8.142244871915992,0.00045377227437214004,0.019784471162625304,PA3654,True
PA3655_tsf_at,-2.615155455549999,-11.432654242837362,8.966261717748926e-05,0.008795902745111696,PA3655,True
PA3656_rpsB_at,-1.9893432847000003,-7.211874432381459,0.0007989441381012752,0.02627142568080506,PA3656,True
PA3657_map_at,-0.5778090256499997,-2.254166660872303,0.07388990848921433,0.3510217928712797,PA3657,False
PA3658_glnD_at,-0.3276305637500001,-2.0036807859497796,0.10146148579620826,0.42027425490084275,PA3658,False
PA3659_at,-0.4079252871500003,-2.63811499260642,0.04608063579514905,0.27676594111249725,PA3659,False
PA3660_at,0.21168043714999918,1.2590329258632438,0.2635986915813362,0.6637279409845513,PA3660,False
PA3661_at,-0.4170437587000002,-2.4741702337178118,0.05624171794673412,0.30468179222564673,PA3661,False
PA3662_at,2.0262830764000013,8.833078355793262,0.00030894501152817737,0.01544968072849257,PA3662,True
PA3663_at,0.10068921849999946,0.4568237640062657,0.6669583302468237,0.9074571680385142,PA3663,False
PA3664_at,-0.11233777089999997,-0.3995499534462647,0.7059840197859197,0.9219928867228585,PA3664,False
PA3665_at,0.007900277299999203,0.038934726349771305,0.9704491935690298,0.9940985203938076,PA3665,False
PA3666_dapD_at,-0.23424617159999972,-0.9741417320931659,0.37472584193181757,0.7540636942258729,PA3666,False
PA3667_at,-0.22313834780000086,-1.35516938079559,0.2333686915249277,0.6303846343807822,PA3667,False
PA3668_at,-0.2796879695000003,-1.8176955212999415,0.12879052868590185,0.47438113382053715,PA3668,False
PA3669_at,0.3188116583999996,1.6827490706090187,0.15324735124268293,0.5152846408019102,PA3669,False
PA3670_at,-0.025538242550000145,-0.16586915535335786,0.87475830452995,0.9711271364615739,PA3670,False
PA3671_at,-0.11834279604999942,-0.7369036005655705,0.4942837635490303,0.8308294916730041,PA3671,False
PA3672_at,-0.12748528020000016,-0.8232172918707349,0.4478540906529304,0.8036796273119354,PA3672,False
PA3673_plsB_at,-0.2553647843000002,-1.2281781581919664,0.2740355978843243,0.6687173127677457,PA3673,False
PA3674_at,-0.05444702089999964,-0.2915155219005261,0.7823639711501454,0.9477613507551366,PA3674,False
PA3675_at,-0.13244129739999977,-0.7699779439642187,0.47609764558784085,0.8229143689508978,PA3675,False
PA3676_at,0.4380798024999999,2.1101605312842264,0.0886038525362349,0.3877489041102443,PA3676,False
PA3677_at,0.28705690019999963,1.778921715498045,0.1353828109771312,0.4853003808839186,PA3677,False
PA3678_at,0.7291757586000007,3.3264593569377543,0.020859829146267238,0.17678642165957476,PA3678,False
PA3679_at,-0.039768850249999765,-0.2041360275383437,0.8462960790498075,0.9656589374532871,PA3679,False
PA3680_at,-0.06690319054999971,-0.4037176627349607,0.7031073418125336,0.9219928867228585,PA3680,False
PA3681_at,-0.010592730199999956,-0.05710485613868018,0.9566734827390792,0.988925396370607,PA3681,False
PA3682_at,-0.08386067050000001,-0.5352158199040046,0.6154386990985027,0.8840461541097148,PA3682,False
PA3683_at,0.15605731110000054,1.0069988117564093,0.36015322476258266,0.7439801663160934,PA3683,False
PA3684_i_at,-0.03949153804999961,-0.24041083688326523,0.8195578779351048,0.9578426542611856,PA3684,False
PA3685_at,-0.01142911904999977,-0.06698164181933722,0.9491922233874047,0.988617529154029,PA3685,False
PA3686_adk_at,-1.1462008565000001,-6.725736108335159,0.0011012203015564638,0.03146496453864731,PA3686,True
PA3687_ppc_at,0.45054050535000023,2.8495228061605613,0.03584377429146018,0.23974597213583476,PA3687,False
PA3688_at,0.4629167886999994,2.901975356170335,0.03371306587877942,0.23208784299707094,PA3688,False
PA3689_at,0.11541455555000013,0.6905570174594449,0.5205843275309721,0.8450466550236271,PA3689,False
PA3690_at,-0.1462824548999997,-0.9300768846827867,0.3950204637179953,0.7683211836064958,PA3690,False
PA3691_at,1.7169398256,7.993209033817897,0.0004948731184600481,0.020955562411912543,PA3691,True
PA3692_at,1.3474433946,3.6475939698477324,0.014785446558052943,0.14692865690378082,PA3692,False
PA3693_at,0.011300250299999703,0.06992688586718622,0.9469624308054132,0.988227757562009,PA3693,False
PA3694_at,-0.17397405035000002,-0.9992945112769349,0.36352754023490313,0.7456464797937983,PA3694,False
PA3695_at,-0.047959400949999065,-0.28898446706386927,0.7841916331241888,0.9483772246905642,PA3695,False
PA3696_at,0.07417527494999909,0.45791663144988526,0.6662246085376414,0.9074571680385142,PA3696,False
PA3697_at,-0.02586951995000053,-0.1654010080781198,0.8751079411987545,0.9711271364615739,PA3697,False
PA3698_at,-0.1984423538999991,-1.2841885311625079,0.2553585179874889,0.6529279916917288,PA3698,False
PA3699_at,-0.0007587368999999455,-0.004642919402913045,0.996475048665946,0.9995707784437029,PA3699,False
PA3700_lysS_at,-1.7238471187000002,-4.4706018273807056,0.006575597345389266,0.09128853118316645,PA3700,False
PA3701_prfB_at,-1.0967499991499992,-5.892453902548304,0.0020014767568321506,0.044288316506443756,PA3701,True
PA3702_at,0.020342998749999452,0.10614849213780961,0.9195917628999599,0.9806506362456895,PA3702,False
PA3703_at,0.10405839119999971,0.5758044514575005,0.5896919544730375,0.8759445710736805,PA3703,False
PA3704_at,-0.14117578845,-0.8145164217093882,0.4523826759044419,0.8081106010238377,PA3704,False
PA3705_at,-0.4594182537000009,-2.1330992757644522,0.08606574891518233,0.38088947226673925,PA3705,False
PA3706_at,-0.1449143962499999,-0.9085489451357328,0.4052508908474408,0.7777328801852093,PA3706,False
PA3707_at,0.10398856019999947,0.6443531601377049,0.5477377758747305,0.858355843663116,PA3707,False
PA3708_at,0.17498536230000017,1.0121369925931372,0.3579172794430631,0.7419691956371308,PA3708,False
PA3709_at,-0.036925828600000266,-0.23793355335573071,0.8213755612182116,0.9584142186550254,PA3709,False
PA3710_at,0.21315672019999976,1.0405603327381647,0.34575658558602973,0.7341714512118943,PA3710,False
PA3711_at,0.017272499899999794,0.11183073816391369,0.915308334125803,0.9789443973938837,PA3711,False
PA3712_at,0.7571924135999994,3.906893848236217,0.01133035110932726,0.12713162197218544,PA3712,False
PA3713_at,-0.37440788820000037,-2.41484057055411,0.06050139798969296,0.3176728176336599,PA3713,False
PA3714_at,0.34689436044999944,2.063372081033633,0.09402894267013837,0.4022197358695017,PA3714,False
PA3715_at,-0.05608166214999999,-0.34792429583690115,0.7420657458845602,0.9324824408336669,PA3715,False
PA3716_at,-0.6509893296499998,-2.610653989067254,0.04763214851285161,0.2831947738854996,PA3716,False
PA3717_at,-0.15984088620000048,-0.7836958873532579,0.4686983578933221,0.8178481568844493,PA3717,False
PA3718_at,0.08237555985,0.5178787410067424,0.6266336630067649,0.8879156288552206,PA3718,False
PA3719_at,0.4044467695499998,1.8933072514333773,0.11686283038837948,0.4540294519247536,PA3719,False
PA3720_at,0.04420366709999968,0.28239014042864163,0.7889607466780745,0.9506290593545846,PA3720,False
PA3721_at,-0.03788219170000051,-0.24468971250277224,0.8164213240552801,0.9574709315240111,PA3721,False
PA3722_at,-1.0999422995000003,-5.240605974524057,0.0033521629914040683,0.06012450195214563,PA3722,False
PA3723_at,0.6637891502500004,3.344306753284273,0.020455833185204417,0.17559412773883334,PA3723,False
PA3724_lasB_at,-0.2620222700000001,-1.7035941725605608,0.14918394674757313,0.5086242849992884,PA3724,False
PA3725_recJ_at,-0.18614227530000083,-1.1684527417067727,0.2952993684522137,0.6908107049851584,PA3725,False
PA3726_at,-0.2802830474500002,-1.629936094722119,0.16404375822259584,0.5351510844395948,PA3726,False
PA3727_at,0.07079564804999983,0.4180185333890749,0.6932794399169794,0.9173779950287364,PA3727,False
PA3728_at,-0.4718172836999992,-2.6601345303769497,0.04487666345737142,0.27287607552695065,PA3728,False
PA3729_at,-0.9986397048499995,-2.375176692621997,0.06354358263648471,0.3247446374530222,PA3729,False
PA3730_at,-1.34534429245,-5.961893490890047,0.0018994986900359985,0.043167757874717716,PA3730,True
PA3731_at,-0.7977524983999995,-2.865908631730074,0.03516247794026247,0.23816610489802637,PA3731,False
PA3732_at,-1.0284141920999996,-4.640802366292276,0.005628609257556399,0.08220842205949618,PA3732,False
PA3733_at,-0.0006509906499996276,-0.004064252898976416,0.9969143750145937,0.9995707784437029,PA3733,False
PA3734_at,0.19853540544999992,1.23366776096065,0.2721517852952621,0.6685665309882775,PA3734,False
PA3735_thrC_at,-0.7354415302500001,-3.7934068988959897,0.012713980634179759,0.1352121392339176,PA3735,False
PA3736_hom_at,-1.2389498410999993,-6.678289118325326,0.0011374252687524722,0.032032943214722734,PA3736,True
PA3737_dsbC_at,-0.40000260224999984,-2.0428906424243136,0.0965127173318603,0.40890034238621126,PA3737,False
PA3738_xerD_at,0.2386450454000002,1.3662526638603538,0.2300984411143808,0.6266691763269597,PA3738,False
PA3739_at,0.14014533665000073,0.7963225453724099,0.46196239845897225,0.8148085605525897,PA3739,False
PA3740_at,0.43266940225000017,2.718260975327078,0.041861644746119274,0.2624043034884537,PA3740,False
PA3741_at,-0.3308390597499997,-1.3736392895303937,0.22794282762291662,0.6240332480876686,PA3741,False
PA3742_rplS_at,-2.151839160099999,-4.066575977105285,0.009666418587552924,0.11414704754740705,PA3742,False
PA3743_trmD_at,-2.4839161172999997,-13.501139467980469,3.9926141270605616e-05,0.006527924097744018,PA3743,True
PA3744_rimM_at,-2.0965473548499993,-7.259275960979466,0.0007750983245783733,0.025630498530720816,PA3744,True
PA3745_rpsP_at,-2.2395856924500004,-10.796611983432474,0.00011823725125189667,0.009740048255937358,PA3745,True
PA3746_ffh_at,-0.14126072909999898,-0.8641367754885159,0.42701460471229113,0.7911262081638482,PA3746,False
PA3747_at,-0.24446626479999978,-0.9837364444620685,0.37042122554042894,0.7518273563899879,PA3747,False
PA3748_at,-0.10507156044999988,-0.3317372153503105,0.753541398774252,0.9379032931243915,PA3748,False
PA3749_at,0.06681162459999967,0.41566467936194257,0.694892443179485,0.9177463797195634,PA3749,False
PA3750_at,0.16034451554999984,0.9073041867987526,0.40584878023864535,0.7783078150186777,PA3750,False
PA3751_purT_at,0.19522580905000098,0.9768865314857862,0.37349024387208196,0.7533084223804706,PA3751,False
PA3752_at,-0.5182854718999987,-1.6526440667453484,0.15931184214324534,0.5276924608076208,PA3752,False
PA3753_at,-0.05407576620000043,-0.30615899605902824,0.7718215841786331,0.9439730807977795,PA3753,False
PA3754_at,0.4924842809500003,3.05726407387314,0.02818978442037169,0.21129999590565507,PA3754,False
PA3755_at,0.39520000175000014,1.9354310476036967,0.11071704564500007,0.44062240072107534,PA3755,False
PA3756_at,-0.30754842260000004,-1.187318747390821,0.2884289542009332,0.6843923358411268,PA3756,False
PA3757_at,0.32205519164999963,1.603562541635929,0.16971452815726,0.5457601775363833,PA3757,False
PA3758_at,0.3601160292500003,2.204018314313357,0.07869472369314413,0.36300716587605514,PA3758,False
PA3759_at,0.6184746121499995,2.707180408803315,0.042418709053127536,0.26420795924519436,PA3759,False
PA3760_at,0.14279146024999978,0.8810897153668258,0.41860214630720716,0.7854818184473107,PA3760,False
PA3761_at,0.3428471755000002,2.105962951637553,0.08907680324316891,0.38923983956146413,PA3761,False
PA3762_at,0.5283845081999994,3.4025939015784576,0.01919692421196735,0.16991442994231554,PA3762,False
PA3763_purL_at,-0.5104498325,-2.8753504618700423,0.03477645028057878,0.23609479394635144,PA3763,False
PA3764_at,0.024092577949999416,0.15093740381833826,0.8859256010530809,0.9734987698676052,PA3764,False
PA3765_at,0.11858648694999996,0.7675987960613131,0.47738951473862185,0.8230564392945308,PA3765,False
PA3766_at,0.21348302125000007,1.3804321904217762,0.22597722696309247,0.623180870157899,PA3766,False
PA3767_at,-0.05478820265000017,-0.3392358303359433,0.748216137444949,0.9347029128473151,PA3767,False
PA3768_at,0.09527970074999992,0.6051868866509968,0.571469277800488,0.868430666681381,PA3768,False
PA3769_guaA_at,-0.5516935545499999,-2.463491825883281,0.05698368968831614,0.3060273699867051,PA3769,False
PA3770_guaB_at,-0.9416291332500002,-5.245567595284824,0.003338433627527468,0.060091805295494426,PA3770,False
PA3771_at,0.007500332450000258,0.043875787198214285,0.966701734725718,0.9934899812347289,PA3771,False
PA3772_at,0.3002957368500003,1.501705105122705,0.19347949906927991,0.5804384972078397,PA3772,False
PA3773_at,0.24799607280000036,1.5320286594319859,0.18608432802034114,0.5700011011387552,PA3773,False
PA3774_at,0.18246443784999933,1.177057179546112,0.2921481077859221,0.6871795196199438,PA3774,False
PA3775_at,-0.007641203850000444,-0.049326857056374705,0.9625686035311075,0.9909533614964385,PA3775,False
PA3776_at,0.2421365372000004,1.2268934257413733,0.274478161162237,0.6687173127677457,PA3776,False
PA3777_xseA_at,-0.060715602850001105,-0.3414072954834988,0.7466769865637919,0.9346960320958059,PA3777,False
PA3778_at,-0.33364803919999986,-1.8336226192717255,0.1261783144641993,0.46958805437839557,PA3778,False
PA3779_at,-0.03998084419999959,-0.24267082175443105,0.8179007549613877,0.9574709315240111,PA3779,False
PA3780_at,0.04231519280000029,0.2699783789535273,0.7979654261720727,0.9541339196972819,PA3780,False
PA3781_at,0.08035437670000078,0.39597842369308794,0.70845363490276,0.923062496644973,PA3781,False
PA3782_at,0.1822444707000006,0.9440542103711697,0.3884893153011515,0.763916206553885,PA3782,False
PA3783_at,0.07090457274999995,0.4224371699495449,0.69025649538349,0.9165629056089744,PA3783,False
PA3784_at,0.14549606364999956,0.9122024870840165,0.40350001994422363,0.7766991102081169,PA3784,False
PA3785_at,0.2667899521500008,1.7153532841141956,0.14693955764806832,0.5055805261832922,PA3785,False
PA3786_at,0.20969902304999977,1.0987038944879612,0.32196479186419874,0.71640368975364,PA3786,False
PA3787_at,0.07323547325000046,0.36605167256528126,0.7293042559038044,0.9280039336791278,PA3787,False
PA3788_at,0.2382317288000002,1.5162930512934254,0.18988695865649388,0.573754947973369,PA3788,False
PA3789_at,0.010069909249999842,0.0634703555369056,0.9518512439333978,0.988617529154029,PA3789,False
PA3790_oprC_at,-0.09925563919999991,-0.6461426366088154,0.546669014102215,0.857594300907686,PA3790,False
PA3791_at,-0.01626020060000055,-0.09033068552044025,0.9315314341703844,0.9847818379182003,PA3791,False
PA3792_leuA_at,0.7446313062499996,3.1552619519145315,0.025229168762252834,0.19932736554982575,PA3792,False
PA3793_at,0.0005109564500003216,0.0028206870459761314,0.9978585000625751,0.9995707784437029,PA3793,False
PA3794_at,-0.4081669362499998,-2.515136203640651,0.0534913437124262,0.29612564245069156,PA3794,False
PA3795_at,0.5357182012499999,2.8420285551500273,0.03616025357758809,0.24131434530349602,PA3795,False
PA3796_at,0.7597010922000003,4.773688364086357,0.004998461654856617,0.07714083716502232,PA3796,False
PA3797_at,-0.041042713200000414,-0.21411491360255855,0.8389153790863181,0.9640484032218016,PA3797,False
PA3798_at,-0.5605857136999992,-3.2602389120691755,0.022439727931183342,0.183691176482079,PA3798,False
PA3799_at,-0.5750542217000003,-3.3403098057258434,0.020545532718946893,0.1759732169623429,PA3799,False
PA3800_at,-0.26626824419999995,-1.696914254503462,0.15047419252685806,0.5101907242010867,PA3800,False
PA3801_at,-0.7418488269000001,-2.90830102779962,0.0334657792201175,0.23146836250248135,PA3801,False
PA3802_hisS_at,-0.9055090198500002,-4.87232290044305,0.00458357319911221,0.07386917450614727,PA3802,False
PA3803_at,-0.9652868802499999,-4.17794815614358,0.00867213156461426,0.10700847869049113,PA3803,False
PA3804_at,-0.5466677820500001,-2.036312624729364,0.09732496301896104,0.41086320540247523,PA3804,False
PA3805_pilF_at,-0.41360010260000024,-1.9384785530420339,0.1102855987077275,0.44009561626690447,PA3805,False
PA3806_at,-1.5305060110500008,-8.820111102229445,0.0003111043554424271,0.01544968072849257,PA3806,True
PA3807_ndk_at,-2.436071653799999,-14.012375015105196,3.329153283255404e-05,0.005937998856133731,PA3807,True
PA3808_at,0.2597325398500008,1.629625856412406,0.1641093624555672,0.5351510844395948,PA3808,False
PA3809_fdx2_at,0.4135400307000001,2.0638304415228954,0.09397413186682786,0.4022197358695017,PA3809,False
PA3810_hscA_at,0.07007961394999995,0.4420760260816883,0.6769005601199255,0.9103395166461579,PA3810,False
PA3811_hscB_at,1.2309401073999995,7.122156194528972,0.0008464993339838576,0.027067242495900295,PA3811,True
PA3812_iscA_at,1.7845623740999992,7.599439267503855,0.0006266434001446834,0.023863461429319003,PA3812,True
PA3813_iscU_at,1.380181491800001,7.477320977767693,0.0006756983398818868,0.024550373015708556,PA3813,True
PA3814_iscS_at,1.7416436967499997,6.857470236476781,0.0010076196051812376,0.03011587907972094,PA3814,True
PA3815_at,1.3379075715499997,3.123025181651807,0.02616265591776307,0.203280813282466,PA3815,False
PA3816_cysE_at,-0.6523565807500002,-2.615544059070245,0.047351718669354864,0.28209738470427403,PA3816,False
PA3817_at,0.16434634290000005,1.0348953270867485,0.34815228692515654,0.7357400557771271,PA3817,False
PA3818_at,-1.1705066242000006,-7.4022219678886225,0.0007081275406584253,0.025254195589498627,PA3818,True
PA3819_at,1.99903918485,10.943809171832735,0.00011075768857291426,0.00973100916446708,PA3819,True
PA3820_secF_at,-0.9930146123999997,-4.796364611641537,0.00489933098418541,0.07649194210322367,PA3820,False
PA3821_secD_at,-1.607089233499999,-9.667867528347887,0.0002009613245603273,0.012718907057656844,PA3821,True
PA3822_at,-1.1981262896500002,-6.735437611957957,0.0010939861181784628,0.03141074288584601,PA3822,True
PA3823_tgt_at,-0.6450963192500003,-3.452703242782625,0.018184602621381298,0.16434665721342123,PA3823,False
PA3824_queA_at,-0.7337190477500002,-4.415338344348446,0.006922003874444327,0.09506370563560775,PA3824,False
PA3825_at,0.11516937760000046,0.7137468380490054,0.5073062454208505,0.8382943741008214,PA3825,False
PA3826_at,-0.051528191499999654,-0.33382804676374506,0.7520549828403195,0.9372423521063139,PA3826,False
PA3827_at,-0.3354317242999998,-1.395694179771823,0.2216190315413306,0.6177643793682873,PA3827,False
PA3828_at,-0.49199604965,-2.9116287175399926,0.03333650324154929,0.23117569103376498,PA3828,False
PA3829_at,-0.1403990089999998,-0.7260653441698084,0.5003492204559097,0.8340691983543806,PA3829,False
PA3830_at,0.1387859482999998,0.7946323175186993,0.4628599300468543,0.8152559834726978,PA3830,False
PA3831_pepA_at,-0.19592391834999923,-1.2077412400994465,0.2811523434273606,0.6765587462851368,PA3831,False
PA3832_holC_at,-0.21206109774999993,-0.9301399095753592,0.39499081817876264,0.7683211836064958,PA3832,False
PA3833_at,-0.40126316909999993,-1.8344979420845116,0.1260363319758887,0.46952522152536763,PA3833,False
PA3834_valS_at,-1.7549188987500006,-4.126784489692637,0.00911347017731277,0.10995794432091813,PA3834,False
PA3835_at,-0.12061744784999995,-0.7740879753258777,0.4738718887691108,0.8218061099867372,PA3835,False
PA3836_at,-0.2903951780499998,-1.6247050358917654,0.16515342141666,0.5373648637139087,PA3836,False
PA3837_at,-0.12174379485000042,-0.6028516246718715,0.5729045665517843,0.868430666681381,PA3837,False
PA3838_at,-0.19402851109999908,-1.1030763509914272,0.32023372518704013,0.7154840942772229,PA3838,False
PA3839_at,0.6737549082499998,3.5062928874628554,0.017168528840946416,0.15921673208460202,PA3839,False
PA3840_at,0.30744355500000076,1.8439786707574624,0.12450893739657909,0.4661956778093286,PA3840,False
PA3841_exoS_at,-0.16672254439999978,-1.0733422549833682,0.3321649873783735,0.7249251448680409,PA3841,False
PA3842_at,0.03561418854999987,0.2151481646968997,0.8381522100196974,0.9633594821667525,PA3842,False
PA3843_at,0.09387419205000036,0.6083591226627986,0.5695232025083432,0.8671934076286536,PA3843,False
PA3844_at,0.2698527297000002,1.6395833688200607,0.16201663364368005,0.5317933007739452,PA3844,False
PA3845_at,0.1110315647500002,0.7172388641898397,0.5053272708887618,0.8363812241303636,PA3845,False
PA3846_at,0.26661743655000025,1.5981666302238824,0.17089837946424238,0.5474817158748744,PA3846,False
PA3847_at,-0.3620236651500002,-2.175112614686188,0.08161469016140212,0.3698597558227018,PA3847,False
PA3848_at,0.010081380449999955,0.06518735174024892,0.9505509089354952,0.988617529154029,PA3848,False
PA3849_at,-0.3832594353999994,-1.960911625647807,0.10716285906545794,0.43262043104203396,PA3849,False
PA3850_at,-0.011150672850000376,-0.0718265915177405,0.945524487587065,0.9880596857207466,PA3850,False
PA3851_at,-0.12230553204999994,-0.792963486178199,0.46374736082108114,0.8155413701203715,PA3851,False
PA3852_at,0.41714881915000035,2.2504556173935546,0.07423450119778993,0.35155534118775433,PA3852,False
PA3853_at,-0.17038760104999984,-1.0984815472222171,0.32205303484337944,0.71640368975364,PA3853,False
PA3854_at,-0.0009458652499994002,-0.005905459327332402,0.9955165275374235,0.9995707784437029,PA3854,False
PA3855_at,0.07640388754999972,0.45466244761074864,0.6684106218593665,0.9086062171510926,PA3855,False
PA3856_at,0.2551841454999999,1.5622076241600462,0.17899775773775647,0.5562728627478536,PA3856,False
PA3857_at,0.5960698966500004,2.2136301878381768,0.07774857686177294,0.36209784244309606,PA3857,False
PA3858_at,0.4167438572500002,1.5965191719663983,0.17126144742204066,0.5475897857471971,PA3858,False
PA3859_at,0.5604348472500007,3.606405270149053,0.015438731720040986,0.15020227256886157,PA3859,False
PA3860_at,0.10308428415000037,0.6602527482616585,0.5382898003973129,0.8513828178542833,PA3860,False
PA3861_rhlB_at,-0.9887345838499995,-3.352587133577467,0.02027141291445624,0.17495239943473523,PA3861,False
PA3862_at,0.20046888450000022,1.200129336940258,0.283845104385656,0.6794816525195073,PA3862,False
PA3863_at,0.2140957733000004,1.3063860417619833,0.24828407870150565,0.6463512106311642,PA3863,False
PA3864_at,0.11410911865000006,0.5495683192394494,0.6062595866065434,0.8808797646917094,PA3864,False
PA3865_at,-0.08585546124999954,-0.5142936060935934,0.6289631018200642,0.8884273619661383,PA3865,False
PA3866_at,0.14194467424999946,0.7735177235040267,0.47418025191547825,0.8218936544765088,PA3866,False
PA3867_at,-0.20880894610000045,-1.1768929885609094,0.29220796070083394,0.6871795196199438,PA3867,False
PA3868_at,0.49521134160000013,2.580832316183154,0.04938226172370949,0.28636846552291045,PA3868,False
PA3869_at,-0.11252374230000006,-0.6525472783149314,0.5428550708055918,0.8548006813166703,PA3869,False
PA3870_moaA1_at,0.15430864220000018,0.9526026197692701,0.38453790513346275,0.7625977458273456,PA3870,False
PA3871_at,0.06835664424999965,0.4335905555876159,0.6826552307269375,0.9128252554564805,PA3871,False
PA3872_narI_at,0.6691523527999994,3.683622535068725,0.01423980262365185,0.14347636337461722,PA3872,False
PA3873_narJ_at,0.0806201874000001,0.5105126105202865,0.6314251096672665,0.8886253221601184,PA3873,False
PA3874_narH_at,0.7335342795000006,4.757529718933786,0.005070527006579708,0.07772167177272958,PA3874,False
PA3875_narG_at,0.20482738489999974,1.2255535482232705,0.2749404066798595,0.6687173127677457,PA3875,False
PA3876_narK2_at,0.20076844170000108,1.1736472272086473,0.29339337809996474,0.6882875342751663,PA3876,False
PA3877_narK1_at,0.20929435049999956,1.3588521376636475,0.2322772579237197,0.629561682552716,PA3877,False
PA3878_narX_at,0.43878464134999984,2.742151416240424,0.040687862356522525,0.25696218651340297,PA3878,False
PA3879_narL_at,1.4007393753999997,8.324985557031177,0.0004087764781089715,0.018945341339759104,PA3879,True
PA3880_at,2.9287524180499993,7.342828165234668,0.000735086497253882,0.025391280318639766,PA3880,True
PA3881_at,0.3733594917500005,1.9550785248804297,0.10796590399694492,0.4345897261814231,PA3881,False
PA3882_at,0.15737042020000036,0.8521990205557101,0.4330161967993475,0.7965337736635222,PA3882,False
PA3883_at,0.05830759690000065,0.33944700467684424,0.7480663969619217,0.9347029128473151,PA3883,False
PA3884_at,-0.1341590050999999,-0.86257050833756,0.42779836552181294,0.7917035111986916,PA3884,False
PA3885_at,0.014176606049999485,0.07829512553060308,0.9406300643364118,0.9865867440986119,PA3885,False
PA3886_at,-0.19848664654999926,-1.2252978620302601,0.27502869570979344,0.6687173127677457,PA3886,False
PA3887_nhaP_at,-0.3790989374999998,-2.467934747491013,0.05667369501745314,0.3052427699385471,PA3887,False
PA3888_at,0.20317049145000077,1.1867830940346542,0.2886220481266586,0.6843923358411268,PA3888,False
PA3889_at,0.3964169789999996,2.2860578264067057,0.07099828448142646,0.34261348530714303,PA3889,False
PA3890_at,0.040421151199999894,0.23850934497331028,0.8209529656991813,0.9581854364674561,PA3890,False
PA3891_at,0.20828505410000098,1.2446443156314544,0.26842011142111,0.6660143782869115,PA3891,False
PA3892_at,-0.032824511700000336,-0.18012155074672623,0.8641297940693352,0.968743750798087,PA3892,False
PA3893_at,0.09953959769999976,0.6423463872488634,0.5489379427279693,0.8590395887435436,PA3893,False
PA3894_at,0.17874491014999982,1.0778800572408176,0.3303198658030478,0.7234696658487291,PA3894,False
PA3895_at,-0.12137902420000035,-0.7772502872332793,0.4721645185518664,0.8199051532180511,PA3895,False
PA3896_at,-0.06577340599999992,-0.4201563533793346,0.6918160697851176,0.9170056850040381,PA3896,False
PA3897_at,-0.18641652829999966,-1.024834312209973,0.35244137422691574,0.7390345310650609,PA3897,False
PA3898_at,0.14883480815000016,0.6313697998821448,0.5555328904298829,0.8617983449997144,PA3898,False
PA3899_at,-0.08350948664999969,-0.49352015880240924,0.6425564383723894,0.8957177877796154,PA3899,False
PA3900_at,0.03262079184999944,0.1525391148236871,0.8847262064699213,0.9734987698676052,PA3900,False
PA3901_fecA_at,-0.03131947530000012,-0.1760014048600389,0.8671991013382133,0.9699834623855886,PA3901,False
PA3902_at,0.10544811900000006,0.667166896680955,0.5342151231450362,0.8500287972850671,PA3902,False
PA3903_prfC_at,-0.573365753300001,-2.356638810552827,0.06502178082484698,0.3282317340780869,PA3903,False
PA3904_i_at,-0.44342527234999984,-2.0031200908925726,0.10153414720846048,0.42027425490084275,PA3904,False
PA3905_at,0.04728382269999987,0.29598852823852073,0.7791379323157989,0.9470989880857337,PA3905,False
PA3906_at,0.1572379482999997,0.7038428263932234,0.5129482099637247,0.8425018918629256,PA3906,False
PA3907_at,-0.21188333345000032,-1.285118351407205,0.2550585033705177,0.6529279916917288,PA3907,False
PA3908_at,-0.08804769915000055,-0.5582192708618453,0.6007662125323137,0.8796707799607085,PA3908,False
PA3909_at,0.24218466424999985,1.3803747705952139,0.2259937750485823,0.623180870157899,PA3909,False
PA3910_at,0.24527188585000026,1.5817129863218933,0.17455870349688846,0.5518217681786143,PA3910,False
PA3911_at,0.14039832959999998,0.8676392909526386,0.42526594899119524,0.7902886662940853,PA3911,False
PA3912_at,0.5015704891500006,2.4686856022971657,0.05662148725702831,0.3052427699385471,PA3912,False
PA3913_at,0.12068306425000008,0.544272306069816,0.6096372074400987,0.8818717582971035,PA3913,False
PA3914_moeA1_at,0.11417055600000126,0.6507975478765903,0.5438952863833427,0.8556611749524253,PA3914,False
PA3915_moaB1_at,0.21938428720000047,1.3448777488025982,0.23644420226263962,0.6335712684983643,PA3915,False
PA3916_moaE_at,0.1317874234499996,0.7082801418997523,0.5104150887410456,0.8401295336492713,PA3916,False
PA3917_moaD_at,0.24869512480000022,0.7671702890596974,0.47762246202626624,0.8232169286930023,PA3917,False
PA3918_moaC_at,0.41911494025000007,2.608082240947681,0.04778036106948963,0.28350323110384673,PA3918,False
PA3919_at,3.4747576768499986,19.033285477228493,7.378626479472897e-06,0.0036817108950757695,PA3919,True
PA3920_at,2.3659310348,13.1690978890319,4.508793694598208e-05,0.006983884128001329,PA3920,True
PA3921_at,0.017396394599999532,0.1130708556561227,0.9143739277914585,0.9789023170208304,PA3921,False
PA3922_at,-0.09751900975000005,-0.601133406888004,0.5739620550359865,0.8686913489179267,PA3922,False
PA3923_at,-0.16700085085000005,-1.004517687207047,0.36123705971905196,0.7441877068055824,PA3923,False
PA3924_at,0.08218760970000005,0.509342202594715,0.6321883256216735,0.8888082426751791,PA3924,False
PA3925_at,0.007899198499999649,0.04409633390997116,0.9665344869388129,0.9934899812347289,PA3925,False
PA3926_at,-0.1853083048999995,-0.7873787056509056,0.4667262762691835,0.81641282802254,PA3926,False
PA3927_at,0.36765613685,2.3723799960707317,0.06376424516796828,0.32540545869429977,PA3927,False
PA3928_r_at,0.17166906309999952,0.9483571492533684,0.3864962559160468,0.7629251618818707,PA3928,False
PA3929_cioB_at,0.09266576179999975,0.5563689206911684,0.6019386851100367,0.8800325634768197,PA3929,False
PA3930_cioA_at,-0.0674168003500002,-0.3903762440293073,0.7123355713050522,0.9233164875819249,PA3930,False
PA3931_at,-0.6859996557999999,-4.281310340678389,0.007853708631360895,0.10137484430743471,PA3931,False
PA3932_at,0.06429236999999954,0.4000549280332375,0.7056351734409504,0.9219928867228585,PA3932,False
PA3933_at,0.04550637185000017,0.26306747035178313,0.8029948521386678,0.9547965555015031,PA3933,False
PA3934_at,0.20486552205000041,1.2995614100366377,0.250439682328971,0.6476660677453091,PA3934,False
PA3935_tauD_at,-0.10725212700000064,-0.6598933721317318,0.5385021529596207,0.8513828178542833,PA3935,False
PA3936_at,0.3274882827500001,1.831605340953558,0.1265061521053323,0.47001437518712924,PA3936,False
PA3937_at,0.0692721625499999,0.33994077531315026,0.7477163209303888,0.9347029128473151,PA3937,False
PA3938_at,-0.1506500857500006,-0.9718224129978323,0.37577250667965173,0.7546689988179981,PA3938,False
PA3939_at,0.28628487109999945,1.3907370622899795,0.22302581767351123,0.6192122466161732,PA3939,False
PA3940_at,-1.0424603348500003,-5.341378483480853,0.0030857957667516536,0.05729651067224049,PA3940,False
PA3941_at,0.384612960250001,2.39736337405437,0.06182200234352764,0.32041213148211645,PA3941,False
PA3942_tesB_at,0.4848819507000002,2.804568941413204,0.03778940402121945,0.24852338778647784,PA3942,False
PA3943_at,-0.10895099434999977,-0.6350531866629937,0.553314137361698,0.8614268145896631,PA3943,False
PA3944_at,0.4839814268500007,2.508452995876428,0.053929848950284826,0.296942086923645,PA3944,False
PA3945_at,0.5004800834999994,3.031843136141977,0.029020165518475,0.213249306169468,PA3945,False
PA3946_at,-0.18126475565,-0.9822961231184132,0.37106482167023397,0.7523553359803642,PA3946,False
PA3947_at,0.054206418350000174,0.3516174383437206,0.7394580041380981,0.9316038727402709,PA3947,False
PA3948_at,-0.0013081332500002318,-0.008317975587185888,0.9936849690281855,0.9995707784437029,PA3948,False
PA3949_at,0.08225798665000017,0.5330795623532588,0.6168118399960719,0.8840461541097148,PA3949,False
PA3950_at,0.029268115199999833,0.17651946311115704,0.8668130260885434,0.9699834623855886,PA3950,False
PA3951_at,0.1662093831,0.8060946976574344,0.45679847694068976,0.8110756667489893,PA3951,False
PA3952_at,1.0631084259500003,4.847218336169699,0.0046852333553167634,0.07439919326407851,PA3952,False
PA3953_at,-0.07382140259999925,-0.40060532243253877,0.7052550435228119,0.9219928867228585,PA3953,False
PA3954_at,0.2616819573,1.4841455863480226,0.19789103618992307,0.5873861013685765,PA3954,False
PA3955_at,-0.006098506249999858,-0.03831446566502609,0.9709196825030445,0.9940985203938076,PA3955,False
PA3956_at,0.10295315939999972,0.6689555831725029,0.5331643668540829,0.8495240691935472,PA3956,False
PA3957_at,0.11502509669999927,0.7474180012037827,0.48844943906124083,0.8281228969217181,PA3957,False
PA3958_at,-0.038518983900000414,-0.2426945226996974,0.81788338205146,0.9574709315240111,PA3958,False
PA3959_at,-0.12158074259999951,-0.7022407140112408,0.5138649313721078,0.8425290708855466,PA3959,False
PA3960_at,-0.15920588605000052,-0.8286586965554781,0.4450393305757152,0.8013892766037469,PA3960,False
PA3961_at,0.14770672085000047,0.9008104701437181,0.4089791707146754,0.7808145957919491,PA3961,False
PA3962_at,0.5514778936500004,3.5251161827149073,0.016827086499110216,0.15696391621832445,PA3962,False
PA3963_at,-0.1415397882499998,-0.8723557869629119,0.42291994756672896,0.7896403987197849,PA3963,False
PA3964_at,0.1186174673500009,0.6869484115324083,0.5226717403784421,0.8465240076447071,PA3964,False
PA3965_at,-0.1122219970499998,-0.5640273810297656,0.597094801472813,0.8790144020779169,PA3965,False
PA3966_at,-0.29205297325000057,-1.7147546919556786,0.14705298349062118,0.5055805261832922,PA3966,False
PA3967_at,-0.8149225120499999,-3.9603894523403036,0.010738666959801267,0.12178765650364212,PA3967,False
PA3968_at,-0.016908101650001228,-0.10243521586144355,0.9223926116865715,0.9823055748845956,PA3968,False
PA3969_at,0.30437529445000067,1.934191407895433,0.11089304629424919,0.4410246422215883,PA3969,False
PA3970_amn_at,0.6350353382000007,3.841384013612967,0.01210664070431078,0.13123330973402073,PA3970,False
PA3971_at,1.4573527315500003,8.1639505659597,0.00044813036541239347,0.019784471162625304,PA3971,True
PA3972_at,3.0773911696500003,10.88589708623399,0.00011363104970403155,0.009740048255937358,PA3972,True
PA3973_at,1.9871167187000003,7.557076659272544,0.0006431666903404144,0.023863461429319003,PA3973,True
PA3974_at,0.07298001984999969,0.47274341591469315,0.6563123607725225,0.9024309536136164,PA3974,False
PA3975_thiD_at,-0.02052976109999971,-0.10983482779776382,0.9168125418977651,0.9796728010634261,PA3975,False
PA3976_thiE_at,-0.5703452058000007,-2.5388922977643444,0.05196385890846794,0.29395687346169913,PA3976,False
PA3977_hemL_at,-0.6440735021000012,-4.169712313886956,0.008741478435051873,0.1071160659173435,PA3977,False
PA3978_at,0.36713018565000066,2.003316011316369,0.10150875137664189,0.42027425490084275,PA3978,False
PA3979_at,-0.1939649355999995,-1.2283900075789602,0.2739626820313386,0.6687173127677457,PA3979,False
PA3980_at,-0.8278752382499999,-4.058654851650514,0.009742006699286107,0.11468290286399606,PA3980,False
PA3981_at,0.2553220045,0.6909742175786178,0.5203433632412117,0.8450466550236271,PA3981,False
PA3982_at,0.021090999400000143,0.1169016106757726,0.9114885202209737,0.9779955293250645,PA3982,False
PA3983_at,-0.2907754350499996,-1.6868694278735368,0.15243546228570062,0.5141748601797329,PA3983,False
PA3984_lnt_at,-0.0731767028000001,-0.4516494408270442,0.6704379495858773,0.909891116269881,PA3984,False
PA3985_at,-0.010271066550000096,-0.06181668259389383,0.9531037829356148,0.988925396370607,PA3985,False
PA3986_at,0.20412842595000047,1.3262976020784887,0.242092415237476,0.6381352244011571,PA3986,False
PA3987_leuS_at,-0.4690146871999996,-2.586491240761432,0.04904481611834043,0.28636846552291045,PA3987,False
PA3988_at,-0.7107055560999997,-3.6367314134001085,0.014954617339947596,0.14692865690378082,PA3988,False
PA3989_holA_at,-0.6787553869499998,-4.048809021848936,0.00983691309176082,0.11510948401213557,PA3989,False
PA3990_at,-0.2005967251499996,-1.019692124549117,0.3546505399374175,0.7408646357378956,PA3990,False
PA3991_at,0.28359679735000043,1.6298957010369088,0.16405229856080294,0.5351510844395948,PA3991,False
PA3992_at,-0.06617310544999899,-0.4263481912889519,0.6875862751137547,0.9148752728190557,PA3992,False
PA3994_at,0.0545524941499993,0.3447191310732837,0.7443321103769893,0.9331930364751981,PA3994,False
PA3995_at,0.15158649560000015,0.8872480066752136,0.41557833146201884,0.785239186085221,PA3995,False
PA3996_lipA_at,-0.5693484000999991,-3.037080520557736,0.028846867280467654,0.21277275791081782,PA3996,False
PA3997_lipB_at,-0.42816675954999894,-2.4777931563690196,0.05599237846258199,0.30403241663354025,PA3997,False
PA3998_at,-0.9029361552499999,-4.18885992953085,0.008581229382501259,0.10678460073023766,PA3998,False
PA3999_dacC_at,-1.1530036541000008,-3.879307972405805,0.011650058725457739,0.12841244505251734,PA3999,False
PA4000_at,-0.45234062154999943,-2.698122313305563,0.042880175532572444,0.2662370392243897,PA4000,False
PA4001_mltB2_at,-0.48772008115,-2.826597581928444,0.03682172144082202,0.24394837511180426,PA4001,False
PA4002_rodA_at,-0.3229978123999997,-1.862266853600439,0.12161597047620568,0.4633214253870204,PA4002,False
PA4003_pbpA_at,-0.8420543864500001,-4.9683312927557814,0.004217811428344746,0.06934647504814853,PA4003,False
PA4004_at,-0.6198385920999998,-3.2940993294472256,0.021615588474759664,0.18123839567298486,PA4004,False
PA4005_at,-0.2648612154999994,-1.4806028226091075,0.19879278045031165,0.5888748393208527,PA4005,False
PA4006_at,-0.4272677320500007,-2.5535166031478425,0.05104727483859781,0.29256500457642326,PA4006,False
PA4007_proA_at,-0.38918843974999895,-2.319718609501246,0.06807744957556353,0.33565489198573606,PA4007,False
PA4008_at,0.023517697349999978,0.14317939847225314,0.8917397954252086,0.9745229179117672,PA4008,False
PA4009_at,0.004012492200000217,0.02507595033608852,0.9809643968672743,0.9958690341397117,PA4009,False
PA4010_at,-0.43971865704999935,-2.3636413348378036,0.06445908595408605,0.3272416010288815,PA4010,False
PA4011_at,-0.14440816129999945,-0.9244832836643492,0.397658655244232,0.772226606653761,PA4011,False
PA4012_at,0.15439308400000007,0.9944300068246107,0.3656715173068248,0.7476678657811348,PA4012,False
PA4013_at,-0.1075020917499998,-0.6739913729451477,0.5302135501851194,0.8495240691935472,PA4013,False
PA4014_at,0.21768400420000056,1.353066006118991,0.23399420303312068,0.6306106896114232,PA4014,False
PA4015_at,0.18662731689999923,1.1973797999239613,0.28482342335980504,0.6808994552329126,PA4015,False
PA4016_at,-0.08230896254999998,-0.4438723528750256,0.6756855076331013,0.9103325403858161,PA4016,False
PA4017_at,-0.06583410290000025,-0.2613496023002591,0.8042467247715251,0.9547965555015031,PA4017,False
PA4018_r_at,0.09187808305000011,0.3029128463760058,0.7741538989217889,0.9444021952716097,PA4018,False
PA4019_at,0.10063379430000019,0.62702618221016,0.5581567223478386,0.8624792139296544,PA4019,False
PA4020_mpl_at,-0.08020644965000123,-0.4596616283763076,0.6650539414114812,0.9073962677672643,PA4020,False
PA4021_at,-0.01697348234999918,-0.08519606782484225,0.9354117392962,0.9856817673659057,PA4021,False
PA4023_at,0.02086639889999997,0.13266952091362444,0.8996286074412061,0.9768224065773544,PA4023,False
PA4024_eutB_at,0.31852967709999946,1.5774781997911518,0.17551318971251975,0.5518821854408956,PA4024,False
PA4025_r_at,0.3729685368500002,2.374986238435899,0.0635585834770441,0.3247446374530222,PA4025,False
PA4026_at,0.4534909659999995,2.9355634314948373,0.03242291293920873,0.22800629099185496,PA4026,False
PA4027_at,0.4400751821999993,2.59959397637247,0.048273151532036075,0.28413576991756434,PA4027,False
PA4028_i_at,-0.055060305799999654,-0.2496521290421871,0.8127885906149813,0.9573859051829984,PA4028,False
PA4029_at,0.24167705760000047,1.4280599193200156,0.21263821738099445,0.6078623348734985,PA4029,False
PA4030_at,-0.016956688250000518,-0.10207396774259894,0.9226651626359399,0.9824017981932229,PA4030,False
PA4031_ppa_at,-1.753323086,-9.05607183671997,0.0002744591701190999,0.01509781939552357,PA4031,True
PA4032_at,-0.04472942740000008,-0.22357849569272178,0.8319331034273018,0.9615456548754823,PA4032,False
PA4033_at,-0.037466491300000015,-0.23519849092489484,0.8233838639455361,0.9584142186550254,PA4033,False
PA4034_aqpZ_at,-0.007080726249999891,-0.03804510281454293,0.971124007623928,0.9940985203938076,PA4034,False
PA4035_at,0.07379865729999935,0.3583408400584145,0.7347207818696159,0.9305276192227117,PA4035,False
PA4036_at,0.18149936455000049,1.1074287929763764,0.3185185665445329,0.7142096314975698,PA4036,False
PA4037_at,0.03261269060000016,0.21162662013484734,0.8407540785562115,0.9650309099808623,PA4037,False
PA4038_at,0.04700495149999995,0.3050847218603465,0.7725931348097927,0.9439730807977795,PA4038,False
PA4039_at,-0.07275454275000026,-0.45347703668497275,0.669207855104812,0.9089370277362356,PA4039,False
PA4040_at,0.4039848952499998,2.5145633343243983,0.05352877854155495,0.29612564245069156,PA4040,False
PA4041_at,0.2446086382999999,1.5065845653743386,0.19227058226842672,0.5782854610280836,PA4041,False
PA4042_xseB_at,-0.22176540959999969,-1.1357355310686046,0.3075568997036264,0.7022099969664496,PA4042,False
PA4043_ispA_at,-0.13173757695,-0.6565153459073592,0.540500918328123,0.8526905401445543,PA4043,False
PA4044_dxs_at,-0.21393399425000048,-1.2449932666736614,0.2683022425177745,0.6660143782869115,PA4044,False
PA4045_at,-0.2270966917499999,-1.2845313220046886,0.2552478759026652,0.6529279916917288,PA4045,False
PA4046_at,-0.5636881580500006,-3.0670595703557066,0.027876950737309898,0.21036375902539237,PA4046,False
PA4047_ribA_at,0.01522336095000032,0.08079751015190718,0.9387374157093371,0.9864272489053094,PA4047,False
PA4048_at,0.033963214799999975,0.20628248782208353,0.8447069489077152,0.9650956058711717,PA4048,False
PA4049_at,-0.10730144000000053,-0.6556042278536144,0.5410408634039804,0.8530232134012584,PA4049,False
PA4050_pgpA_at,-0.12778272110000088,-0.8209013275641509,0.44905615776894897,0.8043653513779774,PA4050,False
PA4051_thiL_at,-0.5160817452500002,-2.55487577768229,0.05096299015550671,0.29256500457642326,PA4051,False
PA4052_nusB_at,-0.6233580181500002,-2.3284103933701834,0.067344413354909,0.3350711893550248,PA4052,False
PA4053_ribE_at,-1.0643682334500006,-6.025315122939197,0.0018116644509012442,0.04196263546000766,PA4053,True
PA4054_ribB_at,-0.0108305804000004,-0.061647069537823965,0.9532322614475687,0.988925396370607,PA4054,False
PA4055_ribC_at,-0.5888530243999996,-3.2526104729688976,0.02263026449282145,0.18474582081102228,PA4055,False
PA4056_ribD_at,0.10755418595000066,0.6903144422297923,0.5207244678509506,0.8450466550236271,PA4056,False
PA4057_at,0.043219547000000524,0.16148685284989328,0.8780324914392542,0.9713567895581238,PA4057,False
PA4058_at,-0.14694203375000026,-0.588954218989851,0.5814927821064232,0.8704645258083435,PA4058,False
PA4059_at,-0.06873769579999944,-0.40137073384699057,0.7047265740854025,0.9219928867228585,PA4059,False
PA4060_at,-0.3931117148000003,-2.5254632400972787,0.05282138779819664,0.2955386773575907,PA4060,False
PA4061_at,0.9411775422999993,4.051792944209061,0.009808038244821802,0.11510624554751364,PA4061,False
PA4062_at,0.05536741540000012,0.319311877801394,0.7623995993426717,0.9403203852199687,PA4062,False
PA4063_at,0.4130008993499992,1.7684601835955969,0.13721952797854323,0.48713760053178856,PA4063,False
PA4064_at,-0.02787671355000043,-0.14618638996111272,0.8894852833733231,0.9742452680640888,PA4064,False
PA4065_at,0.017293770399999353,0.06653121006170476,0.9495332844410664,0.988617529154029,PA4065,False
PA4066_at,-0.0003431298500000679,-0.002161758489575356,0.9983587655651162,0.9995707784437029,PA4066,False
PA4067_oprG_at,4.368260606350001,27.280010315094863,1.2383656304903306e-06,0.0024296733670220285,PA4067,True
PA4068_at,-0.6163668272000002,-2.770373905284311,0.03934789037575607,0.2530327825761595,PA4068,False
PA4069_at,-0.10891596675000059,-0.6150397769464049,0.5654385345675245,0.8644421691046412,PA4069,False
PA4070_at,0.15813169084999945,0.9563119015444314,0.3828334586425659,0.7609298358572439,PA4070,False
PA4071_at,0.25536202109999984,1.495878909426904,0.1949326034955496,0.5833112883450966,PA4071,False
PA4072_at,0.04673452184999949,0.2932947413858802,0.7810801569861501,0.9477608284927342,PA4072,False
PA4073_at,0.09637373575000119,0.44241715600368964,0.6766697307548999,0.9103395166461579,PA4073,False
PA4074_at,0.10107476640000002,0.4918255248935064,0.6436724741231513,0.8962800000359226,PA4074,False
PA4075_at,-0.03860083680000015,-0.2409862210225977,0.819135878555186,0.9577738937576132,PA4075,False
PA4076_at,-0.21664018955000053,-1.3941090897144501,0.2220679529394751,0.6185953483207527,PA4076,False
PA4077_at,0.3033884965500002,1.6772406628072767,0.15433950443190192,0.5173361748782316,PA4077,False
PA4078_at,0.14198104200000028,0.8561392658196757,0.43102816605514543,0.795137115236702,PA4078,False
PA4079_at,0.28743437620000023,1.6439977601665208,0.16109737296098864,0.5306206699767091,PA4079,False
PA4080_at,-0.09998656304999987,-0.6207422583684226,0.561966713082565,0.8631485328685342,PA4080,False
PA4081_at,0.0599279397000001,0.37947693100159297,0.7199163323961698,0.9249826278690718,PA4081,False
PA4082_at,0.013637378250000332,0.08045077309638916,0.9389996390785676,0.9864272489053094,PA4082,False
PA4083_at,0.09917195249999988,0.594304201698945,0.5781772097998853,0.8696759855192071,PA4083,False
PA4084_at,0.1582591234499997,0.8276853544258567,0.44554184537970715,0.8013892766037469,PA4084,False
PA4085_at,0.08010959639999982,0.42959941753431646,0.685370443997343,0.9133100369862714,PA4085,False
PA4086_at,0.10894956334999994,0.6667142632014441,0.5344812400190339,0.8500287972850671,PA4086,False
PA4087_at,0.07736166135000033,0.48214239068487813,0.6500698622382193,0.8992505779398727,PA4087,False
PA4088_at,-0.0999769704000002,-0.4917013622385662,0.6437542858841407,0.8962800000359226,PA4088,False
PA4089_at,-0.21321216369999973,-1.2663085995911152,0.26119081406043027,0.6604639024913935,PA4089,False
PA4090_at,-0.5788329321500001,-2.928403800135678,0.03269323539981349,0.22935921759630776,PA4090,False
PA4091_hpaA_at,0.1628365248999999,0.9089824714543082,0.4050428204506123,0.7777328801852093,PA4091,False
PA4092_hpaC_at,0.05902622855000006,0.373076060511845,0.7243854463141475,0.9261683535206953,PA4092,False
PA4093_at,-0.025250638600000208,-0.16364023443500927,0.8764232668847911,0.9711271364615739,PA4093,False
PA4094_at,0.05102835764999902,0.32480063519413366,0.7584813976784472,0.9403203852199687,PA4094,False
PA4095_at,0.3086714138000004,1.8540816603621892,0.12290214881529628,0.4644804206093839,PA4095,False
PA4096_at,0.10722735725000021,0.592020988297606,0.5795907576144625,0.869829474584071,PA4096,False
PA4097_at,0.2712030637500007,1.52682445775737,0.1873337009576329,0.5708069423484791,PA4097,False
PA4098_at,0.04937673130000064,0.31986375021268415,0.7620052724855156,0.9403203852199687,PA4098,False
PA4099_at,0.057182022650000164,0.36485502450023166,0.7301436875446765,0.928012469204916,PA4099,False
PA4100_at,0.07302986175000026,0.2905814121905205,0.7830383025352071,0.9477613507551366,PA4100,False
PA4101_at,0.1441298086499998,0.8204396336602533,0.449296082391295,0.8045502710542021,PA4101,False
PA4102_at,0.16727551414999908,0.8930751753817423,0.41273283100659885,0.7836598204209164,PA4102,False
PA4103_at,0.07985313500000002,0.49001567970687226,0.6448655608550096,0.8962800000359226,PA4103,False
PA4104_at,0.07771865384999987,0.5008330636975543,0.6377526476794152,0.8935520314784666,PA4104,False
PA4105_at,0.08939123365000023,0.5571563185476486,0.6014395842717631,0.8797819727477451,PA4105,False
PA4106_at,0.1021602006000002,0.6342536093994059,0.5537952882105479,0.8614268145896631,PA4106,False
PA4107_at,0.2717976383499998,1.6538054733742582,0.15907350675159032,0.5273848009322903,PA4107,False
PA4108_at,0.20617580169999972,1.2493301222652307,0.2668412463602616,0.6659598053086069,PA4108,False
PA4109_ampR_at,0.012023056700000367,0.060856253775203976,0.9538313098310023,0.988925396370607,PA4109,False
PA4110_ampC_at,0.1412144384499996,0.8582044219281476,0.42998900049497135,0.7938694113239413,PA4110,False
PA4111_i_at,0.17376723220000034,0.9867308011483753,0.36908615287123503,0.7504114320552986,PA4111,False
PA4112_at,0.2623934407500004,1.4721216372545187,0.20096759877343878,0.5920396828731035,PA4112,False
PA4113_at,0.1835934231999996,1.1240561576348533,0.31203927400759196,0.7057690776847838,PA4113,False
PA4114_at,0.27459342504999995,1.0693640037775871,0.33378981591992357,0.7260483579100777,PA4114,False
PA4115_at,0.9558829249,3.5263441909417,0.016805081304234637,0.15696391621832445,PA4115,False
PA4116_at,0.17598915650000002,1.0483857342882765,0.3424701021601036,0.7330105532052255,PA4116,False
PA4117_at,0.3854030553499994,1.8441804054997022,0.12447664360068242,0.4661956778093286,PA4117,False
PA4118_at,0.18014985189999955,1.0563157954322948,0.33916661347588906,0.730722799018698,PA4118,False
PA4119_aph_at,-0.14702858579999933,-0.8518612124622998,0.4331869622671059,0.7965443486111169,PA4119,False
PA4120_at,0.08284412154999998,0.4662437198235182,0.6606479581969068,0.9060050983101103,PA4120,False
PA4121_at,-0.014588002700000047,-0.057857459694307396,0.9561032273163095,0.988925396370607,PA4121,False
PA4122_at,0.4580874753499993,2.5479904209146707,0.05139153604103446,0.2933817750485776,PA4122,False
PA4123_hpcC_at,-0.006420241049999831,-0.04072082782403724,0.9690944514344548,0.9937324481559858,PA4123,False
PA4124_hpcB_at,-0.03166982169999999,-0.19029001641676552,0.8565665241107758,0.967892217492038,PA4124,False
PA4125_hpcD_at,0.12345536554999992,0.736675692115538,0.4944107720540686,0.8308294916730041,PA4125,False
PA4126_at,0.03648125525000001,0.23646922226789155,0.8224505990651102,0.9584142186550254,PA4126,False
PA4127_hpcG_at,-0.041866933100000114,-0.269386984526663,0.7983953843032359,0.9541838034535729,PA4127,False
PA4128_at,0.08339339765000009,0.4033239833883769,0.7033788314505676,0.9219928867228585,PA4128,False
PA4129_at,-0.05295636800000025,-0.2872597986617428,0.7854379124961051,0.9489095962545309,PA4129,False
PA4130_at,0.267801884999999,1.4475214461802932,0.20740572414001537,0.6017182086054351,PA4130,False
PA4131_at,0.1672032974000004,0.890061146286189,0.4142027211662962,0.7840175631684196,PA4131,False
PA4132_at,0.3301268452499997,1.8399233935666817,0.12515993113207863,0.4672902652324362,PA4132,False
PA4133_at,0.09328221435000028,0.5365823321830261,0.6145612677072849,0.8840461541097148,PA4133,False
PA4134_i_at,0.09948127714999977,0.4828185895273123,0.6496219952977389,0.8990536243410513,PA4134,False
PA4135_at,-0.2833738960500005,-1.6977661188062367,0.15030903197627363,0.5101907242010867,PA4135,False
PA4136_at,0.13474818205000005,0.8465442126523041,0.4358815454462268,0.7972939790657073,PA4136,False
PA4137_at,0.05859456140000052,0.3772435838988331,0.721474236764375,0.9259533203230619,PA4137,False
PA4138_tyrS_at,-0.08561723310000025,-0.5174848671813274,0.6268893420066991,0.8880555155358437,PA4138,False
PA4139_at,-0.0068290240499999655,-0.04406830477708074,0.9665557422392607,0.9934899812347289,PA4139,False
PA4140_at,0.05743930079999959,0.3545565795886094,0.7373854954891543,0.9305855545559953,PA4140,False
PA4141_at,0.19408584399999995,0.9145658346373186,0.40237063559778063,0.7760005115100056,PA4141,False
PA4142_at,0.159088573,1.0092378025417763,0.3591774778044205,0.7430996957317466,PA4142,False
PA4143_at,-0.017773555849998957,-0.09660295368702586,0.9267943270391776,0.9833159568009933,PA4143,False
PA4144_at,0.06376210635000046,0.36357343836090855,0.7310431772142858,0.9287546171127319,PA4144,False
PA4145_at,0.5645165310499998,2.279579747284718,0.07157569312487652,0.343897270282176,PA4145,False
PA4146_at,0.1668517822499993,1.0834433000180814,0.3280697490910354,0.7224162151701589,PA4146,False
PA4147_acoR_at,0.2401884193499999,1.3206693815101458,0.24382791180421515,0.6398444444403077,PA4147,False
PA4148_at,-0.05650096140000027,-0.32857378243949453,0.755792649850703,0.9397117737687448,PA4148,False
PA4149_at,0.3191908722500001,2.0665920385227015,0.09364460985451044,0.4011587871933395,PA4149,False
PA4150_at,-0.05456710459999936,-0.3180828882515332,0.7632780370787682,0.9403203852199687,PA4150,False
PA4151_acoB_at,0.0314235403500005,0.19045203136775282,0.8564461565627747,0.967892217492038,PA4151,False
PA4152_at,0.015236250000000062,0.09192885239243549,0.9303241104776943,0.9847818379182003,PA4152,False
PA4153_at,0.15807824994999997,0.8901025963550572,0.41418247894415317,0.7840175631684196,PA4153,False
PA4154_at,0.17297747174999945,0.9698728728177645,0.3766541412391394,0.7552697306419403,PA4154,False
PA4155_at,0.056655106050000015,0.319076706580841,0.76256765999464,0.9403203852199687,PA4155,False
PA4156_at,0.16780993360000007,0.7821919826055099,0.4695054233966283,0.8178481568844493,PA4156,False
PA4157_at,-0.08670095394999944,-0.5309541117830766,0.6181797976491359,0.8840952051428437,PA4157,False
PA4158_fepC_at,0.06100580890000007,0.3842911506415662,0.7165633466123703,0.924053348898532,PA4158,False
PA4159_fepB_at,0.4190848746500002,2.284920678569573,0.07109927881055002,0.34261348530714303,PA4159,False
PA4160_fepD_at,0.5537276040500001,3.3855109097271874,0.019556548199322774,0.17129440878156824,PA4160,False
PA4161_fepG_at,0.3074934359499988,1.551507051600437,0.1814797701813705,0.5625012781924943,PA4161,False
PA4162_at,0.3845962556,1.5497604117930468,0.18188808603534093,0.5631737371930651,PA4162,False
PA4163_at,-0.22907608955000036,-1.4740023727919667,0.20048335922406668,0.5915012793949155,PA4163,False
PA4164_at,-0.16698093504999978,-0.8657707827777883,0.426198126304751,0.7909987462519585,PA4164,False
PA4165_at,0.054104303399999054,0.3504528317361016,0.7402799110540821,0.931641555797376,PA4165,False
PA4166_at,0.3499841896999989,2.0041714303073044,0.10139794693041487,0.42027425490084275,PA4166,False
PA4167_at,0.15857142985000028,0.9637391385643854,0.37943897739854077,0.7568206780643209,PA4167,False
PA4168_at,0.3417730360000011,2.196266283392557,0.07946673402275259,0.36484834107016156,PA4168,False
PA4169_at,0.2313288883000002,1.246798068345177,0.2676933637577405,0.6659598053086069,PA4169,False
PA4170_at,-0.06020199574999996,-0.36598836094073767,0.7293486573563787,0.9280039336791278,PA4170,False
PA4171_at,0.10943405619999957,0.5643565703995397,0.5968871198403871,0.8790144020779169,PA4171,False
PA4172_at,0.004464613599999723,0.02897435476430052,0.9780059749273811,0.9953245032516085,PA4172,False
PA4173_at,0.14040628295000035,0.8470929064528823,0.4356028844585043,0.7972939790657073,PA4173,False
PA4174_at,-0.1974034968999998,-1.131962861720482,0.3089986154561849,0.7029873591220547,PA4174,False
PA4175_at,0.3620162529500002,2.159281998957839,0.08326248040586214,0.3728067881522524,PA4175,False
PA4176_ppiC2_at,-0.3059028749500001,-1.7651876878858253,0.13779924725490653,0.48801827276918164,PA4176,False
PA4177_at,-0.10309476704999954,-0.6590855666804022,0.5389796818471561,0.8513828178542833,PA4177,False
PA4178_at,-0.09288752690000024,-0.5913728453407642,0.579992416790369,0.8700374971226883,PA4178,False
PA4179_at,0.012415327950000332,0.0719246785222066,0.9454502489735506,0.9880596857207466,PA4179,False
PA4180_at,0.047700904599999205,0.2885468657759936,0.7845077831986125,0.9484618672658792,PA4180,False
PA4181_at,0.17819946685000065,1.0599226641596162,0.3376730223303191,0.7296414865771873,PA4181,False
PA4182_at,0.11121353399999911,0.48173893242642707,0.6503371646207742,0.8994089640408546,PA4182,False
PA4183_at,0.040972604700000304,0.2464176083747607,0.8151558202473538,0.9574355326739455,PA4183,False
PA4184_at,-0.16012827039999955,-1.01415555292574,0.35704203848811233,0.7419691956371308,PA4184,False
PA4185_at,-0.0333446526000003,-0.2064735895703617,0.8445655073400291,0.9650956058711717,PA4185,False
PA4186_at,-0.03117519450000028,-0.18862915002677852,0.8578007041686398,0.968096620274794,PA4186,False
PA4187_at,0.18564473230000011,0.9419272284989779,0.3894775538565609,0.7640318039346785,PA4187,False
PA4188_at,-0.13911640905000056,-0.7825672531317406,0.4693039405995607,0.8178481568844493,PA4188,False
PA4189_at,-0.20370887344999966,-1.2002754512931477,0.28379319918587886,0.6794816525195073,PA4189,False
PA4190_at,-0.16623867679999993,-0.9517460207610399,0.3849323904352729,0.7627205968461171,PA4190,False
PA4191_at,-0.020040985649999676,-0.1258243969773563,0.9047737636151835,0.9775204019061836,PA4191,False
PA4192_at,-0.1266404062500004,-0.7757329168671987,0.47298320523626575,0.8209906063169154,PA4192,False
PA4193_at,-0.07034733400000004,-0.4391822594376074,0.6788602744756137,0.910405918332983,PA4193,False
PA4194_at,0.11263402169999992,0.7197120382866037,0.5039289499336798,0.8363812241303636,PA4194,False
PA4195_at,-0.10176879559999996,-0.6497279791674067,0.5445317913175264,0.8558382172750227,PA4195,False
PA4196_at,0.5112867937000001,2.4910378023379214,0.055091035818373615,0.3013681823621847,PA4196,False
PA4197_at,0.3035904436000001,1.7397894000418381,0.14238361152168685,0.4958993712524549,PA4197,False
PA4198_at,1.2822411491999999,6.288541987949087,0.0014946638793425966,0.03800564394360272,PA4198,True
PA4199_at,0.7529713226999997,4.6175652490556995,0.005748065595596483,0.08333279333911552,PA4199,False
PA4200_at,0.09480593159999984,0.6082603892458951,0.5695837094618373,0.8671934076286536,PA4200,False
PA4201_ddlA_at,0.4311830322999999,2.5230981316383865,0.052974009174125994,0.2955899586991185,PA4201,False
PA4202_at,0.7511533637500003,4.008434854208361,0.01023739482497356,0.11793292592354031,PA4202,False
PA4203_at,0.45374154885000006,2.1118906004607103,0.08840969424564554,0.3877069764396147,PA4203,False
PA4204_at,0.413134919,2.2832862992151663,0.07124470419585834,0.34261348530714303,PA4204,False
PA4205_at,1.2495880988500003,5.270443617952929,0.0032705833069571434,0.05941559674305477,PA4205,False
PA4206_at,1.3604273994999998,7.328118431709859,0.0007419500042197772,0.025391280318639766,PA4206,True
PA4207_at,-0.11968357990000023,-0.6781622464680324,0.5277778723386369,0.8487706438757424,PA4207,False
PA4208_at,0.3367056466999987,1.8818989806419995,0.11858713016368719,0.4571079555621891,PA4208,False
PA4209_at,0.42214124534999975,2.289005917774503,0.07073716975291977,0.3424004779323074,PA4209,False
PA4210_s_at,-0.027127897499999776,-0.12595445668140834,0.9046759535637616,0.9775204019061836,PA4210,False
PA4211_g_at,-0.008879189600000004,-0.05739587773711752,0.95645296918677,0.988925396370607,PA4211,False
PA4217_at,-0.07282061254999928,-0.3572806147098989,0.7354669225788528,0.9305276192227117,PA4217,False
PA4218_at,0.12148455545000036,0.5889858776852002,0.5814731275080192,0.8704645258083435,PA4218,False
PA4219_at,0.18798495495000012,0.8298840329214227,0.4444073245680515,0.8013892766037469,PA4219,False
PA4220_i_at,-0.04322736164999963,-0.17521982565369615,0.867781641095254,0.9699834623855886,PA4220,False
PA4221_fptA_at,0.10677916310000013,0.6270374266928032,0.558149919648386,0.8624792139296544,PA4221,False
PA4222_at,0.43325775560000057,2.1101970766974723,0.08859974654694765,0.3877489041102443,PA4222,False
PA4223_at,0.3359643450000007,1.9197351509204281,0.11296702753247037,0.4452245469044913,PA4223,False
PA4224_at,0.2798579438000006,1.4982790492748925,0.1943327147263867,0.5818119831533631,PA4224,False
PA4225_pchF_at,0.35369595844999946,1.8235167759343347,0.12782943374502553,0.47261560742664593,PA4225,False
PA4226_pchE_at,0.11278663859999982,0.6298339288360213,0.5564597465812959,0.8620532014861021,PA4226,False
PA4227_pchR_at,0.3402519755500002,1.5516484169554094,0.18144676207483693,0.5625012781924943,PA4227,False
PA4228_pchD_at,0.008001660000000577,0.040838363454910986,0.9690053057887696,0.9937324481559858,PA4228,False
PA4229_pchC_at,0.2804493413999989,1.4150439430822943,0.21620759408953424,0.6103587044657067,PA4229,False
PA4230_pchB_at,0.038747697749999865,0.2337423137654143,0.8244537330594088,0.9588489770376764,PA4230,False
PA4231_pchA_at,-0.02083083600000002,-0.12927360358530068,0.9021804774857634,0.9770440276874338,PA4231,False
PA4232_ssb_at,-0.6961791563499986,-2.941969799045978,0.032183144121106726,0.2271342761352928,PA4232,False
PA4233_at,-0.43393673175000025,-1.9921530754169412,0.10296635808500633,0.42471182022515314,PA4233,False
PA4234_uvrA_at,-0.23934547829999975,-1.270614326060448,0.25977529923074955,0.6587838911125341,PA4234,False
PA4235_bfrA_at,1.1962394792000008,2.891137143513346,0.03414150578649335,0.23367081751081378,PA4235,False
PA4236_katA_at,1.8947742812999993,11.105144139511726,0.00010319845834777629,0.009345017320538634,PA4236,True
PA4237_rplQ_at,-1.6824024893500003,-4.9344679611535165,0.004342791002543691,0.07080794415781763,PA4237,False
PA4238_rpoA_at,-2.2990001615500004,-6.501313407530991,0.0012854721475516152,0.03439222300222185,PA4238,True
PA4239_rpsD_at,-2.2505784054999998,-3.894644459793861,0.011471055170627827,0.12787619457256705,PA4239,False
PA4240_rpsK_at,-2.6090068020000006,-11.743318458821136,7.8738395574008e-05,0.008324877483478025,PA4240,True
PA4241_rpsM_at,-2.665919542650001,-15.16708235711985,2.2582703462902125e-05,0.005282137861853757,PA4241,True
PA4242_rpmJ_at,-2.4099885923999995,-5.726717667249646,0.0022720545916663708,0.0484243172511995,PA4242,True
PA4243_secY_at,-2.5554727956,-6.208598230144462,0.0015834766760389953,0.039326344789727956,PA4243,True
PA4244_rplO_at,-2.4905330891500004,-7.55772126508825,0.0006429114238877279,0.023863461429319003,PA4244,True
PA4245_rpmD_at,-2.90262387995,-4.387043879873497,0.007107528701945027,0.09551350214531605,PA4245,False
PA4246_rpsE_at,-2.8013443649000003,-4.779791905209126,0.004971551627358285,0.07700671810166018,PA4246,False
PA4247_rplR_at,-2.8183204358499996,-7.11445151870676,0.0008507373193580623,0.027067242495900295,PA4247,True
PA4248_rplF_at,-2.7018233342499993,-10.006082427052611,0.00017044980599113726,0.01127266919172847,PA4248,True
PA4249_rpsH_at,-2.6471852563499993,-16.72824360789968,1.3949737924560612e-05,0.0037321889738165344,PA4249,True
PA4250_rpsN_at,-0.9684728880999991,-3.3947189798457864,0.019361763162335656,0.170343706030377,PA4250,False
PA4251_rplE_at,-1.2517330991000009,-3.8425530661499785,0.01209226267085961,0.13123330973402073,PA4251,False
PA4252_rplX_at,-1.2520399056499993,-4.182673797156195,0.008632628020285147,0.10700847869049113,PA4252,False
PA4253_rplN_at,-1.5819033804,-4.969583571936215,0.004213270748738591,0.06934647504814853,PA4253,False
PA4254_rpsQ_at,-1.8302052725000006,-4.935065501904626,0.004340548506232082,0.07080794415781763,PA4254,False
PA4255_rpmC_at,-2.3499459819500004,-4.7353818866597255,0.005171278608783152,0.07885530023652236,PA4255,False
PA4256_rplP_at,-1.8377952505500001,-3.8443450390116722,0.012070261441608415,0.13123330973402073,PA4256,False
PA4257_rpsC_at,-1.958532257249999,-3.9633093553911976,0.010707408505757117,0.12166758004804322,PA4257,False
PA4258_rplV_at,-1.794177864149999,-6.744018395067381,0.0010876343943152752,0.03141074288584601,PA4258,True
PA4259_rpsS_at,-1.9084811180999992,-3.8962423258758756,0.011452587704361,0.12787619457256705,PA4259,False
PA4260_rplB_at,-2.0898417239500002,-5.474967609619852,0.0027699634974277998,0.05434668381953343,PA4260,False
PA4261_rplW_at,-2.5748325905,-6.171124871271953,0.0016272411174244278,0.0398848068141632,PA4261,True
PA4262_rplD_at,-2.622826407099999,-9.091962961869884,0.00026934629960250254,0.01509781939552357,PA4262,True
PA4263_rplC_at,-2.243762459199999,-9.058442595876475,0.00027411790186527017,0.01509781939552357,PA4263,True
PA4264_rpsJ_at,-2.8132048614,-16.84574996402578,1.3477001756565144e-05,0.0037321889738165344,PA4264,True
PA4265_tufA_s_at,-1.8918666784000004,-4.1222498837593,0.009153821392669025,0.10995794432091813,PA4265,False
PA4266_fusA1_at,-2.961160927049999,-5.009315738324995,0.004072124288494675,0.06781185873461865,PA4266,False
PA4267_rpsG_at,-2.4555897677500003,-8.908407456431894,0.0002967477392929165,0.01544968072849257,PA4267,True
PA4268_rpsL_at,-3.0451733256000004,-9.768757079988987,0.00019122406515584587,0.012368624697882516,PA4268,True
PA4269_rpoC_at,-0.7041227523499991,-1.8141864260262663,0.12937344385434307,0.4749032677420419,PA4269,False
PA4270_rpoB_at,-1.091420854799999,-2.022299131739189,0.09907931142578971,0.4162604047481786,PA4270,False
PA4271_rplL_at,-2.392195396449999,-4.535940046812413,0.006191680049888531,0.08739623207108847,PA4271,False
PA4272_rplJ_at,-2.3917037409000006,-6.849405473123872,0.001013072384944741,0.03011587907972094,PA4272,True
PA4273_rplA_at,-1.7401698264499998,-2.924812176211978,0.032829788778376404,0.23004301993990894,PA4273,False
PA4274_rplK_at,-1.7005794757499988,-3.787473709522959,0.01279148863715048,0.1352121392339176,PA4274,False
PA4275_nusG_at,-2.3047379123499994,-12.069021710886307,6.894736331132111e-05,0.007957336871577177,PA4275,True
PA4276_secE_at,-2.34516323155,-13.749150400170956,3.6527469676001194e-05,0.006278038061126243,PA4276,True
PA4278_at,-0.008914444099999308,-0.041124347826393196,0.968788401272854,0.9937324481559858,PA4278,False
PA4279_at,-0.3412595952999995,-1.9921481887332761,0.10296700092784464,0.42471182022515314,PA4279,False
PA4280_birA_at,-0.11825209539999992,-0.682648594721126,0.5251664045301925,0.8472669917842011,PA4280,False
PA4281_sbcD_at,0.4784522636500004,2.212891149642241,0.07782089206430794,0.36209784244309606,PA4281,False
PA4282_at,-0.08481293060000006,-0.44406414340993494,0.6755558446947686,0.9103325403858161,PA4282,False
PA4283_recD_at,0.17704666855000006,1.0943599036021898,0.3236925676310413,0.7168000199685136,PA4283,False
PA4284_recB_at,-0.11459095769999994,-0.6447796437860204,0.5474829351769029,0.858355843663116,PA4284,False
PA4285_recC_at,0.0687506937500002,0.35903555495940565,0.7342320513602675,0.9303960934997921,PA4285,False
PA4286_at,-0.47136727759999975,-2.5456405288022674,0.051538694427493925,0.2933817750485776,PA4286,False
PA4287_at,0.10770338355000009,0.6684086951099407,0.5334854871084739,0.8495240691935472,PA4287,False
PA4288_at,0.47334168460000026,2.956478129436444,0.03164742882833234,0.22524397349886838,PA4288,False
PA4289_at,0.1151382951500004,0.744048460445818,0.49031380062931723,0.8287631291476119,PA4289,False
PA4290_at,0.41791113835000004,2.1447927776846463,0.0848016116760498,0.37756602596462113,PA4290,False
PA4291_at,-0.5374520643,-2.70984900399526,0.0422838039943041,0.2638688875701429,PA4291,False
PA4292_at,-0.5969051150500002,-2.8797214588591267,0.03459934159728587,0.23516365432058273,PA4292,False
PA4293_at,0.20654565510000022,1.1855730474145338,0.2890586725961674,0.6843923358411268,PA4293,False
PA4294_at,0.26713333149999974,1.6597071136389632,0.15786788824181652,0.5246811915253146,PA4294,False
PA4295_at,0.020266616550000283,0.1306457711724223,0.9011491956442579,0.9768224065773544,PA4295,False
PA4296_at,0.2133202481000005,1.3045396604074946,0.24886557637435308,0.646720875293352,PA4296,False
PA4297_at,0.0923605059999999,0.5453422752676516,0.6089539242786621,0.8817460526706357,PA4297,False
PA4298_at,0.1497246055499999,0.961099544337245,0.3806425462664728,0.7584502462168108,PA4298,False
PA4299_at,0.1482885188000007,0.825346794368891,0.4467509388849485,0.8026788846998799,PA4299,False
PA4300_at,0.08935373604999963,0.5727347840932798,0.5916160909383926,0.8764793131798084,PA4300,False
PA4301_at,-0.1645867571999995,-0.8087181898094891,0.45541946182398996,0.8103382564377282,PA4301,False
PA4302_at,0.13013482534999987,0.7720666850783047,0.4749655571341944,0.8224911059993728,PA4302,False
PA4303_at,0.03795689490000065,0.208963817949578,0.8427230051094887,0.9650826945027271,PA4303,False
PA4304_at,0.32957587384999876,1.903103958232981,0.11540274212228736,0.45108616649089206,PA4304,False
PA4305_at,0.15978602195000002,1.0023653565856914,0.36217945430334975,0.7441877068055824,PA4305,False
PA4306_at,0.052960491699999945,0.32693333555257265,0.7569611550866722,0.9403203852199687,PA4306,False
PA4307_pctC_at,-0.4218378965500005,-2.2095964127141845,0.07814415722883404,0.3628215984701058,PA4307,False
PA4308_at,0.07054900965000055,0.44609812050595216,0.6741815284749174,0.9102446694706253,PA4308,False
PA4309_pctA_at,1.6722675651999994,10.340331273690433,0.00014556888938342677,0.01065864936544786,PA4309,True
PA4310_pctB_at,0.34075622679999995,1.4395709929618583,0.20952830119806792,0.6045507749273665,PA4310,False
PA4311_at,0.11683754329999907,0.7181913543085636,0.5047884174885603,0.8363812241303636,PA4311,False
PA4312_at,0.16546636530000036,1.0766524258810877,0.3308181687175849,0.7235072582738843,PA4312,False
PA4313_at,-0.15277045065000028,-0.813054229646946,0.45314706055322784,0.8086256056215789,PA4313,False
PA4314_purU1_at,-0.5823598772500009,-2.4823578448466055,0.055679935602970465,0.3036945680588108,PA4314,False
PA4315_mvaT_at,0.3741810727499999,1.389403631331202,0.22340566862680614,0.6193903747232129,PA4315,False
PA4316_sbcB_at,0.13120745480000018,0.8279807845388478,0.44538927622924046,0.8013892766037469,PA4316,False
PA4317_at,-1.8291415874999997,-10.140271321412463,0.0001598951551092901,0.010943521895038158,PA4317,True
PA4318_at,-0.5253313201500003,-3.2771288587324188,0.02202428059438454,0.18286865939658942,PA4318,False
PA4319_at,-0.270198745300001,-1.576560507956093,0.1757207044701389,0.5518821854408956,PA4319,False
PA4320_at,-0.3562269577999997,-1.76012239102099,0.13870145499333822,0.4891532439129951,PA4320,False
PA4321_at,-0.07490825635000053,-0.43428407152946163,0.6821839771414565,0.9128252554564805,PA4321,False
PA4322_at,-0.27587708054999993,-1.574953227740074,0.1760847339887873,0.5518821854408956,PA4322,False
PA4323_at,-0.12200052314999965,-0.7881027020952296,0.46633930632760984,0.81641282802254,PA4323,False
PA4324_at,0.5508012711500001,3.580948462794148,0.01585895632292555,0.15252584463519575,PA4324,False
PA4325_at,0.026224894200000293,0.11657295424577209,0.9117360114324632,0.9779955293250645,PA4325,False
PA4326_at,0.7865717103499996,3.276535167217254,0.022038735554226148,0.18286865939658942,PA4326,False
PA4327_at,0.41152042015000045,2.545851921676056,0.05152543743378234,0.2933817750485776,PA4327,False
PA4328_at,2.3752703459000006,7.718816774559337,0.0005827190400434457,0.02271446536222332,PA4328,True
PA4329_pykA_at,-0.2535326595999994,-1.5758914481519344,0.17587214860846695,0.5518821854408956,PA4329,False
PA4330_at,0.4326874745499998,2.5616462966020475,0.05054540077751583,0.29176157330344343,PA4330,False
PA4331_at,-0.027385195449999955,-0.11678527342234352,0.91157612544664,0.9779955293250645,PA4331,False
PA4332_at,-0.10041095915000042,-0.6210185753379823,0.5617988306906062,0.8631485328685342,PA4332,False
PA4333_at,-1.5962220358999994,-5.386288575489556,0.002975124484447021,0.056126867677740916,PA4333,False
PA4334_at,-0.00420306065000009,-0.026497823546958628,0.9798853223947825,0.9954444265819278,PA4334,False
PA4335_at,-0.2053005472499998,-0.8446859720520534,0.43682628547002195,0.7973269324804781,PA4335,False
PA4336_at,0.01444099234999996,0.09109344217244873,0.9309551888585743,0.9847818379182003,PA4336,False
PA4337_at,0.0865031826,0.4842192213137118,0.6486948478514198,0.8984042057537547,PA4337,False
PA4338_at,-0.014115475999999738,-0.08682550322156928,0.9341801251780298,0.9855873903563185,PA4338,False
PA4339_at,0.15846069545000008,0.9105437429781712,0.4042941896337825,0.7767703335080576,PA4339,False
PA4340_at,0.1356055990999998,0.8370518931606106,0.4407238476850462,0.8001689940156543,PA4340,False
PA4341_at,-0.023845531400000564,-0.15430010392410037,0.883407945166182,0.9733693682606042,PA4341,False
PA4342_at,0.20891607564999948,1.2043312918439906,0.28235579677116773,0.6780686331273331,PA4342,False
PA4343_at,0.14815635425000018,0.8527101216613887,0.43275792783990064,0.7965337736635222,PA4343,False
PA4344_at,0.10695785349999953,0.5067410674497068,0.6338863683424081,0.8898295168288609,PA4344,False
PA4345_at,0.23928292520000038,1.359199424283271,0.2321745816153242,0.629561682552716,PA4345,False
PA4346_at,0.23504561835000048,1.334734527144231,0.23951229015406925,0.6357786141769751,PA4346,False
PA4347_at,0.22437965299999973,1.452557201493516,0.20607194362232054,0.5995418187477776,PA4347,False
PA4348_at,2.3078913305000004,4.36866414302031,0.007231131473731242,0.09635555791731865,PA4348,False
PA4349_at,0.7894772131999996,3.7122898614047104,0.013822058061512977,0.14124415581608574,PA4349,False
PA4350_at,0.0665345406500002,0.37449379049940523,0.7233944998284699,0.9261683535206953,PA4350,False
PA4351_at,0.19754127149999956,0.9064453982140965,0.4062616842651234,0.7783078150186777,PA4351,False
PA4352_at,1.9778857265499994,11.230818171979253,9.773397815793834e-05,0.009131145959327382,PA4352,True
PA4353_at,0.5753594603999996,2.7576959733710575,0.039943686647262416,0.25499841605833684,PA4353,False
PA4354_at,0.38996059544999984,1.9688999141970522,0.1060731697047745,0.4309484050648873,PA4354,False
PA4355_at,0.3838824718500007,2.1902015982727265,0.08007632671514123,0.3659388657184171,PA4355,False
PA4356_xenB_at,0.26814801445000036,1.2318232306090768,0.2727834470553024,0.6687173127677457,PA4356,False
PA4357_r_at,0.03767273535000015,0.20951463740598206,0.8423156112729636,0.9650826945027271,PA4357,False
PA4358_at,0.20263618119999993,1.1859566743328158,0.28892018389334995,0.6843923358411268,PA4358,False
PA4359_i_at,0.026746184799999462,0.08556110220825346,0.9351358089076104,0.9856817673659057,PA4359,False
PA4360_at,-0.4506519850499995,-2.1590269252783463,0.08328931811420522,0.3728067881522524,PA4360,False
PA4361_at,0.1909405350500002,1.104973565124603,0.3194851152531905,0.7150149765704484,PA4361,False
PA4362_at,-0.13573547329999958,-0.7260990168274006,0.5003302954152452,0.8340691983543806,PA4362,False
PA4363_iciA_at,-0.05784347745000007,-0.35606071391704663,0.7363258451798342,0.9305276192227117,PA4363,False
PA4364_at,0.12641228930000015,0.8197479422450461,0.44965570780600006,0.804949360141763,PA4364,False
PA4365_at,0.34945819064999917,1.752484992222422,0.14007311002908787,0.49192740192793033,PA4365,False
PA4366_sodB_at,-1.0465777433000003,-4.526699870336401,0.00624436149550134,0.08780129197833157,PA4366,False
PA4367_at,0.44851519080000024,2.5860970152942886,0.04906824198613179,0.28636846552291045,PA4367,False
PA4368_at,0.1863641704500001,1.1184436306660892,0.31421343777085414,0.7086054769039263,PA4368,False
PA4369_at,-0.050340345950000476,-0.32074800784349256,0.7613736186285136,0.9403203852199687,PA4369,False
PA4370_at,-1.1975728075500003,-5.940691894930723,0.0019299726529685291,0.04345466738112432,PA4370,True
PA4371_at,-0.3316159767499993,-2.129142018059385,0.08649805844688978,0.38251508040450277,PA4371,False
PA4372_at,-0.4534731406999999,-2.0327510218681524,0.09776773296920761,0.41192618200197284,PA4372,False
PA4373_at,-0.09112361514999989,-0.5714999401290288,0.5923911949797059,0.8766293557209281,PA4373,False
PA4374_at,0.2818708978000002,1.6191625542177965,0.16633725597618884,0.540300159837539,PA4374,False
PA4375_at,-0.03339940879999981,-0.21733057988964713,0.836540921441253,0.9627207267263256,PA4375,False
PA4376_pncB2_at,0.016494060249999443,0.06975364336242929,0.9470935746529549,0.988227757562009,PA4376,False
PA4377_at,0.08934015449999944,0.35403623306990656,0.7377522295154356,0.9306492976699215,PA4377,False
PA4378_inaA_at,0.1952735743499998,1.0130641136481804,0.35751506159177115,0.7419691956371308,PA4378,False
PA4379_at,0.09021895994999873,0.45868476745182507,0.6657091557142232,0.9074571680385142,PA4379,False
PA4380_at,0.13128625770000024,0.8191837826855082,0.44994918639731657,0.8049850793722205,PA4380,False
PA4381_at,0.027005488199999483,0.11724671716706307,0.9112286537149235,0.9779955293250645,PA4381,False
PA4382_at,0.19705376529999974,1.182351550280244,0.2902239577500011,0.6846530268288182,PA4382,False
PA4383_at,0.01960082599999957,0.10865818043069843,0.917699501676989,0.9801450311868549,PA4383,False
PA4384_at,0.39486604949999915,2.1809273927524515,0.08101816759665724,0.36881124089243966,PA4384,False
PA4385_groEL_at,-1.1667829643999994,-4.242079415276841,0.00815335557819037,0.1041011950829252,PA4385,False
PA4386_groES_at,-1.0921256671000013,-2.768217575193815,0.039448528461530935,0.2530327825761595,PA4386,False
PA4387_at,1.0993439388999988,3.7803245631939872,0.012885601768094484,0.1352121392339176,PA4387,False
PA4388_at,-0.066510590950001,-0.3836691639775734,0.7169961402433358,0.924053348898532,PA4388,False
PA4389_at,-0.21070103109999927,-1.0022453958679753,0.36223203873564286,0.7441877068055824,PA4389,False
PA4390_at,-0.061941706299999844,-0.3711446029187019,0.7257364560996443,0.9264015327050465,PA4390,False
PA4391_at,0.16247300840000012,0.8857717774784892,0.4163016255875163,0.7853690282718337,PA4391,False
PA4392_at,0.29843429279999967,1.8551935188519175,0.12272662122644604,0.4644804206093839,PA4392,False
PA4393_at,-0.03819499589999964,-0.2459149964207097,0.8155238654788237,0.9574355326739455,PA4393,False
PA4394_at,-0.18042012065000002,-1.147860349719054,0.30296318899885233,0.6980432607217733,PA4394,False
PA4395_at,-0.3294900472999993,-1.2175349870493166,0.277721409853743,0.6713216502665837,PA4395,False
PA4396_at,0.004792213450000915,0.030031743785933856,0.9772036101937898,0.9950099926325614,PA4396,False
PA4397_panE_at,0.1859894977000005,0.7562910611981403,0.4835642124729063,0.8265292778648552,PA4397,False
PA4398_at,0.42154405159999975,1.8912543851432702,0.11717119351862207,0.45492720649776347,PA4398,False
PA4399_at,0.08675507400000004,0.5392522913321169,0.612849005607962,0.883240507764763,PA4399,False
PA4400_at,-0.31495142464999937,-1.9059684453142143,0.1149793891642082,0.45050930553402185,PA4400,False
PA4401_at,-0.07639989904999922,-0.4001522243731654,0.7055679686337106,0.9219928867228585,PA4401,False
PA4402_argJ_at,-0.8178710040499997,-5.03574927089005,0.003981277726896784,0.0669537162871842,PA4402,False
PA4403_secA_at,-0.39111549295000003,-1.4399674350196334,0.20942197151523492,0.6045507749273665,PA4403,False
PA4404_at,-0.11715601354999983,-0.7069757380682548,0.5111588322838521,0.840883422812396,PA4404,False
PA4405_at,0.15547830975000032,0.7551719423865112,0.48417842710144376,0.8267823131322716,PA4405,False
PA4406_lpxC_at,-0.7044689547000003,-3.1975183422972298,0.024061817570986337,0.19269096356847018,PA4406,False
PA4407_ftsZ_at,-0.6435632773999993,-2.3842271436749383,0.06283512992517111,0.3227291228093867,PA4407,False
PA4408_ftsA_at,-0.19842157370000013,-1.2471279455254751,0.2675822098841014,0.6659598053086069,PA4408,False
PA4409_ftsQ_at,-0.19260281799999923,-0.9387808052741737,0.3909431496940868,0.7642282893056775,PA4409,False
PA4410_ddlB_at,-0.5010667489000005,-2.537639084702261,0.05204323738111364,0.293979362020379,PA4410,False
PA4411_murC_at,-0.6747061060000004,-3.442965972438068,0.018376475209399667,0.16473860542538213,PA4411,False
PA4412_murG_at,0.1841963408499998,0.8350677898599369,0.4417411337006857,0.8001689940156543,PA4412,False
PA4413_ftsW_at,-0.21330670075000047,-1.0533195304502037,0.34041160855803393,0.731167641237817,PA4413,False
PA4414_murD_at,-0.31714171690000015,-1.064605531270173,0.3357421946956375,0.727823157762282,PA4414,False
PA4415_mraY_at,-0.3249443858500003,-1.6371521175634858,0.16252514375703322,0.5326408664553995,PA4415,False
PA4416_murF_at,-0.18111449255000078,-0.9880410653586734,0.36850319915490637,0.749744151477974,PA4416,False
PA4417_murE_at,-0.6721693002000002,-4.341501051921641,0.007418390922572294,0.09763466925051868,PA4417,False
PA4418_ftsI_at,0.12858807209999945,0.4946591610650963,0.6418069249197361,0.8957177877796154,PA4418,False
PA4419_ftsL_at,0.12013852694999994,0.6994855063862333,0.5154440843754837,0.8433850004784389,PA4419,False
PA4420_at,0.0033313449999994305,0.017217868489840322,0.9869287388724866,0.9971600046663187,PA4420,False
PA4421_at,0.18960998455000055,0.7678339276632211,0.4772617261722686,0.8230564392945308,PA4421,False
PA4422_at,0.23295214329999947,1.3748825934774083,0.22758186718579337,0.6240332480876686,PA4422,False
PA4423_at,-0.4185027134999997,-2.642730774130751,0.04582534340639898,0.2757954716667326,PA4423,False
PA4424_at,-0.43310126709999963,-1.30679144881367,0.24815656806341108,0.6463051148766538,PA4424,False
PA4425_at,-0.5682669163000007,-1.494232416113502,0.19534516036001745,0.583655641562976,PA4425,False
PA4426_at,-0.40397868055000075,-1.8064777623471195,0.13066343938433697,0.47649241416496746,PA4426,False
PA4427_sspB_at,-0.9433953454499999,-3.08621675046574,0.027276332469005404,0.20850453625008547,PA4427,False
PA4428_sspA_at,-0.8551565807500001,-5.408538954811037,0.002922019855787603,0.0554806737779543,PA4428,False
PA4429_at,-1.6507723775,-5.055822622425216,0.0039138693116907005,0.06638914918908202,PA4429,False
PA4430_at,-2.4183760303499993,-12.154863581082942,6.661358777996033e-05,0.007957336871577177,PA4430,True
PA4431_at,-2.2014727128999994,-5.6869322795808115,0.002343270258287511,0.04943544351354942,PA4431,True
PA4432_rpsI_at,-2.703931601849999,-7.5533880880447715,0.0006446296920254369,0.023863461429319003,PA4432,True
PA4433_rplM_at,-2.8962881760000005,-14.609195066711019,2.7140260734245786e-05,0.005508537057992093,PA4433,True
PA4434_at,-0.029592586850000657,-0.17357000961901464,0.8690116216659824,0.9702803940776634,PA4434,False
PA4435_at,0.20824092625000112,1.3534862863044814,0.23386909304940978,0.6306106896114232,PA4435,False
PA4436_at,-0.2158017236999994,-1.2563940812510859,0.2644769962330857,0.6644447425025011,PA4436,False
PA4437_at,0.07082963915000029,0.31597464512235884,0.7647858740063996,0.9409797707420554,PA4437,False
PA4438_at,-0.6749977514500003,-4.237175917803778,0.008191730319477336,0.10411893131195393,PA4438,False
PA4439_trpS_at,-0.5640016909500005,-3.38397057057052,0.019589348683593858,0.17132675535160988,PA4439,False
PA4440_at,0.025811013950000294,0.10561404968122531,0.9199948016323142,0.9806506362456895,PA4440,False
PA4441_at,-0.4063358555499992,-0.9826077586646456,0.3709254921161457,0.7523553359803642,PA4441,False
PA4442_cysN_at,-1.2194477791500002,-5.547654223496856,0.0026140977165974607,0.052335303264941,PA4442,False
PA4443_cysD_at,-2.2275298602000007,-12.641569519443564,5.50318498421578e-05,0.007862149028540983,PA4443,True
PA4444_mltB1_at,0.03553528419999985,0.18776220789183493,0.8584451070559346,0.968096620274794,PA4444,False
PA4445_at,-0.3644518547000004,-1.927826745900658,0.1118012586154458,0.4434381456944164,PA4445,False
PA4446_algW_at,-0.40280313399999956,-2.4486820825475997,0.05803039164779802,0.30927462091660046,PA4446,False
PA4447_hisC1_at,-0.4165405623999998,-0.9650590825415172,0.37883828675120834,0.7563915046871141,PA4447,False
PA4448_hisD_at,-0.7134674319999998,-3.8836209803015547,0.011599396138529767,0.12814075587517929,PA4448,False
PA4449_hisG_at,-1.2010066357499998,-6.615974736239678,0.0011871341559488928,0.03265173664446347,PA4449,True
PA4450_murA_at,-1.1006273307,-6.519103965036491,0.0012696011123770666,0.03412270386964116,PA4450,True
PA4451_at,-1.2318840808499996,-4.3886824312150265,0.007096628886259897,0.09551350214531605,PA4451,False
PA4452_at,-0.5247586873999994,-2.853027786822373,0.03569681790733678,0.23903466462182513,PA4452,False
PA4453_at,-1.0887408029499994,-3.629050628797515,0.015075570584372193,0.14692865690378082,PA4453,False
PA4454_at,-0.5405164171500001,-3.131830828837909,0.025903868445753646,0.2024836250620265,PA4454,False
PA4455_at,-0.35317445119999924,-1.7339691911256525,0.14345566979262953,0.49872469678898423,PA4455,False
PA4456_at,-0.6579259026999997,-3.015417759499407,0.029571269973041315,0.21648817793696665,PA4456,False
PA4457_at,-0.6231388909499991,-2.541767267245245,0.05178225789484716,0.2939154965950534,PA4457,False
PA4458_at,-0.4148145928,-2.5343068485075175,0.052254946336307014,0.2946097836546965,PA4458,False
PA4459_at,-0.6809114244999996,-2.703128366972636,0.04262446031633749,0.26520885139742334,PA4459,False
PA4460_at,-0.9910970401000005,-4.116381176154578,0.009206350565367897,0.1099775957808453,PA4460,False
PA4461_at,-0.8355766752499996,-3.639625155807838,0.014909335835786776,0.14692865690378082,PA4461,False
PA4462_rpoN_at,-0.5225786459500004,-1.9855814762260038,0.10383464490635073,0.42668834530977706,PA4462,False
PA4463_at,1.5715512260500013,7.317551906033433,0.0007469271794748084,0.025391280318639766,PA4463,True
PA4464_ptsN_at,1.3722724565500002,8.015153498614543,0.0004885520063249131,0.02083780513933651,PA4464,True
PA4465_at,1.072605297499999,4.390575384869439,0.007084060868869336,0.09551350214531605,PA4465,False
PA4466_at,-0.10676353679999906,-0.6507800249624363,0.5439057103979018,0.8556611749524253,PA4466,False
PA4467_at,-0.09561258090000013,-0.4911166646143907,0.6441396246403149,0.8962800000359226,PA4467,False
PA4468_sodM_at,0.18981426374999977,0.968102308267988,0.3774562984680589,0.7555294361706256,PA4468,False
PA4469_at,0.1793918236500005,1.135230543979729,0.30774953803551863,0.7022099969664496,PA4469,False
PA4470_fumC1_at,-0.07311997079999966,-0.4468011161407178,0.6737068631240436,0.9102446694706253,PA4470,False
PA4471_at,-0.07178689070000033,-0.4180527970993738,0.6932559739111234,0.9173779950287364,PA4471,False
PA4472_pmbA_at,0.5716822169999993,3.6289421667607717,0.01507728657320483,0.14692865690378082,PA4472,False
PA4473_at,-0.40108661884999997,-1.3587234345354442,0.23231532016726117,0.629561682552716,PA4473,False
PA4474_at,0.24153544310000008,1.5263141603586055,0.18745664620448693,0.5708069423484791,PA4474,False
PA4475_at,0.48653826560000013,2.047074506300977,0.09599980084406641,0.40827660965908585,PA4475,False
PA4476_at,-0.11112226219999854,-0.6792401161778995,0.5271496539984489,0.8484558007751901,PA4476,False
PA4477_cafA_at,0.11811688365000084,0.7350326203796024,0.4953271038452463,0.8313359946487368,PA4477,False
PA4478_at,-0.08156922034999958,-0.4746502999697489,0.6550432730105142,0.9021158247267792,PA4478,False
PA4479_mreD_at,-0.19460251589999977,-1.1043618773304569,0.3197263120989797,0.7152608441208965,PA4479,False
PA4480_mreC_at,-0.6205478403499995,-3.1953478891427296,0.024120272548410166,0.19289663616839975,PA4480,False
PA4481_mreB_at,-1.3815585953499996,-8.829858667034717,0.0003094794954327242,0.01544968072849257,PA4481,True
PA4482_gatC_at,-0.9240011639499999,-5.29216949026075,0.0032126429219958134,0.0587255162697744,PA4482,False
PA4483_gatA_at,-1.2439397052499999,-6.966946778892859,0.0009369269022101525,0.02888702513974449,PA4483,True
PA4484_gatB_at,-0.5886634992000008,-2.9475762459220984,0.03197493671999172,0.22642295717757224,PA4484,False
PA4485_at,-0.18780410355000043,-1.1760676646060118,0.2925089825821606,0.6871795196199438,PA4485,False
PA4486_at,-0.39774887035000006,-2.1258598446624,0.08685836188837447,0.3825832408540691,PA4486,False
PA4487_at,-0.22987450335000048,-1.3343643463331558,0.23962495859188812,0.6357786141769751,PA4487,False
PA4488_at,0.1522007567000001,0.8486698664328309,0.43480276214453367,0.7972939790657073,PA4488,False
PA4489_at,-0.3005491986000006,-1.8453668134191012,0.12428689637043344,0.46601912303295095,PA4489,False
PA4490_at,-0.3094422483500008,-1.7247775557556113,0.1451653276410298,0.5008459076759094,PA4490,False
PA4491_at,-0.35275038890000054,-2.1043627898907866,0.08925779817595088,0.3894524833681593,PA4491,False
PA4492_at,0.019919177649999398,0.09073443006635631,0.9312264083929703,0.9847818379182003,PA4492,False
PA4493_at,0.7772294108999995,4.108629641614839,0.009276266371643294,0.11052652603945835,PA4493,False
PA4494_at,0.3960609121500003,2.4316494628287204,0.05926008857788498,0.3132819296858935,PA4494,False
PA4495_at,0.6132356553499996,3.932959935735725,0.011037489924222505,0.12469609538190723,PA4495,False
PA4496_at,0.23850167419999924,1.0806363991444088,0.3292033872074473,0.7232087153225869,PA4496,False
PA4497_at,0.05877276880000082,0.3740015478994182,0.7237384916825571,0.9261683535206953,PA4497,False
PA4498_at,-0.03775785029999934,-0.22806336675580852,0.8286302249823716,0.9606994857547716,PA4498,False
PA4499_at,0.07519053760000105,0.3391503840003946,0.7482767297058824,0.9347029128473151,PA4499,False
PA4500_at,0.23000569194999976,1.3485226395839276,0.23535067792920789,0.6319681068847252,PA4500,False
PA4501_at,-0.09080873090000097,-0.5407122480967187,0.6119139067477041,0.8826895894747723,PA4501,False
PA4502_at,0.24778970174999948,1.4235651917799943,0.2138644324303247,0.6086182216614947,PA4502,False
PA4503_at,-0.17918813505000042,-1.0625802428059477,0.3365761024297981,0.7286086571908023,PA4503,False
PA4504_at,-0.08819084970000013,-0.5534673934743443,0.6037799820889569,0.8801012814699356,PA4504,False
PA4505_at,0.12376956104999959,0.7422965976554057,0.49128510177706197,0.8292813619328324,PA4505,False
PA4506_at,0.02083255175000076,0.12111523539501187,0.9083165142318214,0.9779955293250645,PA4506,False
PA4507_at,0.20107887904999977,1.144620323217134,0.3041848094070652,0.6993874172539007,PA4507,False
PA4508_at,0.23973494395000028,1.515521604754217,0.1900753116799178,0.5740293917639796,PA4508,False
PA4509_at,-0.033670546099999754,-0.20758193115661788,0.8437453133014311,0.9650956058711717,PA4509,False
PA4510_at,0.1276691012000004,0.616440487308183,0.5645844819304545,0.8644421691046412,PA4510,False
PA4511_at,0.20907698369999927,1.0297117314665687,0.3503565986483313,0.7364996213014565,PA4511,False
PA4512_at,0.01084497720000055,0.06728781763008755,0.9489603980936825,0.9885983899432593,PA4512,False
PA4513_at,0.007591494649999753,0.043098043777836555,0.9672915384345934,0.9935141368048077,PA4513,False
PA4514_at,0.1538403406500004,0.7824019434720513,0.46939268758486846,0.8178481568844493,PA4514,False
PA4515_at,-0.3117145384000004,-1.8242567147074855,0.1277077948764619,0.4724626528239187,PA4515,False
PA4516_at,0.0029305445999998625,0.013715699867006896,0.9895872489170527,0.998407704341065,PA4516,False
PA4517_at,0.026214513399999806,0.16755844495028044,0.8734969254598169,0.9711271364615739,PA4517,False
PA4518_at,0.08230546185000032,0.5340388139230733,0.6161950334755114,0.8840461541097148,PA4518,False
PA4519_at,-0.5974279368500008,-2.3444727145761175,0.06601204202496973,0.3312420113887228,PA4519,False
PA4520_at,0.0857581946999999,0.4999789384536057,0.6383126846667707,0.8937487049919858,PA4520,False
PA4521_at,0.08631003235000012,0.4017334048616234,0.7044762379623574,0.9219928867228585,PA4521,False
PA4522_ampD_at,0.23840974724999997,1.4855323127651368,0.19753914487702795,0.587057160503691,PA4522,False
PA4523_at,1.1066090404500004,6.860805422216657,0.0010053747537105957,0.03011587907972094,PA4523,True
PA4524_nadC_at,0.0016651659999995516,0.010799340488659897,0.9918011874473163,0.999305074170967,PA4524,False
PA4525_pilA_at,-0.22551514249999904,-1.4009585047435122,0.2201342368901457,0.6162814688395275,PA4525,False
PA4526_pilB_at,0.49442876310000017,2.135867846465037,0.08576465736359765,0.38047956764738156,PA4526,False
PA4527_pilC_at,0.6731869937000008,3.2066051571809155,0.023818818131164453,0.191526726120265,PA4527,False
PA4528_pilD_at,0.22778695935000037,0.8375125689798606,0.44048790491831447,0.8001689940156543,PA4528,False
PA4529_at,0.4696196708500002,2.3664746547620403,0.06423290740280589,0.3272416010288815,PA4529,False
PA4530_at,-0.08837565854999951,-0.48596963122568493,0.6475371779613263,0.8974343841488972,PA4530,False
PA4531_at,0.2623686672000005,1.3839884333169528,0.22495455558570465,0.621820030475218,PA4531,False
PA4532_at,-0.46861389735000003,-1.8890618226337277,0.11750146682197285,0.4551930724196672,PA4532,False
PA4533_at,0.032696433249999934,0.20793937164335866,0.8434808483003732,0.9650956058711717,PA4533,False
PA4534_at,0.0033048793499999007,0.021047613622104656,0.9840217857797109,0.9965259596864794,PA4534,False
PA4535_at,1.0356429983999993,5.10720896014409,0.003747297901272102,0.06457391809810445,PA4535,False
PA4536_at,0.8022338424500006,5.086021963933164,0.0038149525613840342,0.065275612721821,PA4536,False
PA4537_at,0.5929529049499997,2.5967895738756246,0.048437185688141426,0.28474133405562035,PA4537,False
PA4538_ndh_at,0.14736085680000066,0.8289290395006147,0.44489983440115605,0.8013892766037469,PA4538,False
PA4539_at,-0.1571503450999998,-0.7260523980995854,0.5003564966682498,0.8340691983543806,PA4539,False
PA4540_at,0.19769896840000012,0.9615794774808484,0.3804234821378336,0.7582704422158106,PA4540,False
PA4541_at,0.2579231170000007,1.4062737595112111,0.2186446208821141,0.6137219032331511,PA4541,False
PA4542_clpB_at,1.1567520421,7.3104168573311865,0.0007503103918138483,0.025391280318639766,PA4542,True
PA4543_at,-0.1391550335999998,-0.8853985824245639,0.41648463190290236,0.7854625259149258,PA4543,False
PA4544_rluD_at,-0.42980282625000044,-2.116610631066766,0.08788226793063571,0.3863144354292171,PA4544,False
PA4545_comL_at,-0.5906551335500012,-3.432822147701464,0.018578809368492703,0.16619281450296056,PA4545,False
PA4546_pilS_at,0.10912565139999941,0.7024384869953121,0.5137517055697698,0.8425290708855466,PA4546,False
PA4547_pilR_at,-0.13937049835000082,-0.8155598792063921,0.45183778088925747,0.8076274455858395,PA4547,False
PA4548_at,0.0209879628999996,0.1364478111834961,0.8967910191443047,0.9762367188243717,PA4548,False
PA4549_fimT_at,-0.17901839060000047,-0.944478279917868,0.38829252548278653,0.763916206553885,PA4549,False
PA4550_fimU_at,0.0545753957499997,0.34346847976259365,0.7452172408121351,0.9332656764723888,PA4550,False
PA4551_pilV_at,-0.3924078170000005,-2.193803115327939,0.07971372181723203,0.36484834107016156,PA4551,False
PA4552_pilW_at,-0.06306743120000036,-0.39607572967950977,0.7083862964551216,0.923062496644973,PA4552,False
PA4553_pilX_at,-0.18887837060000034,-1.1771331315634475,0.29212042450008624,0.6871795196199438,PA4553,False
PA4554_pilY1_at,0.034918752949999465,0.21343208744471334,0.8394198312169038,0.9642353306830355,PA4554,False
PA4555_pilY2_at,0.034855192150000214,0.22470446341789735,0.831103512707859,0.9612645462366787,PA4555,False
PA4556_pilE_at,0.26098763400000013,1.4176231723094843,0.2154958015974307,0.6098116770204216,PA4556,False
PA4557_lytB_at,-0.4954679631000003,-2.458732538851812,0.05731780468174254,0.30698143617537454,PA4557,False
PA4558_at,-0.8313099362499994,-3.7793543973645285,0.012898434325822144,0.1352121392339176,PA4558,False
PA4559_lspA_at,-0.82854800515,-2.855820447750594,0.03558020696593221,0.23879714732209464,PA4559,False
PA4560_ileS_at,-0.6680981027000001,-4.004339705065095,0.010279054629856154,0.1181689756861979,PA4560,False
PA4561_ribF_at,-0.37935250730000014,-2.0123355253236737,0.1003467692898533,0.41811391029239886,PA4561,False
PA4562_at,0.12125298424999986,0.7676596890628822,0.47735641843006926,0.8230564392945308,PA4562,False
PA4563_rpsT_at,-3.1320337365500004,-6.624504688284563,0.0011801802947293868,0.03265173664446347,PA4563,True
PA4564_at,-0.1108802234499997,-0.6363571424489075,0.552530055312565,0.8612461874403599,PA4564,False
PA4565_proB_at,-0.08576246439999924,-0.3411016421637781,0.7468935552210128,0.9347029128473151,PA4565,False
PA4566_obg_at,-0.5296008766499991,-2.175961318273295,0.08152733371373914,0.3698597558227018,PA4566,False
PA4567_rpmA_at,-1.936567729850001,-12.591715951280975,5.610096146767266e-05,0.007862149028540983,PA4567,True
PA4568_rplU_at,-2.130660659150001,-10.304551626910525,0.00014801500394202654,0.01065864936544786,PA4568,True
PA4569_ispB_at,-1.1273605636,-6.088002418513037,0.0017295093158144863,0.040681257005791296,PA4569,True
PA4570_at,0.07137918519999964,0.38112073653405887,0.7187706545103965,0.924053348898532,PA4570,False
PA4571_at,0.8194992632000009,2.511334950114544,0.05374027627860677,0.2962984277288447,PA4571,False
PA4572_fklB_at,-1.5012741357000001,-4.482837312409735,0.006501646589735117,0.09068410385587891,PA4572,False
PA4573_at,0.08135263985000041,0.4204153876022617,0.6916388602583721,0.9170056850040381,PA4573,False
PA4574_at,-0.36282398145000005,-2.2094214507082617,0.07816136372070917,0.3628215984701058,PA4574,False
PA4575_at,0.44518530009999946,2.401997145883392,0.06146885312803986,0.3202136417439834,PA4575,False
PA4576_at,-0.04030607394999919,-0.2595439451533072,0.8055632898528751,0.9549026999934038,PA4576,False
PA4577_at,2.9694294870999993,7.72938848071035,0.0005790081545420082,0.02271446536222332,PA4577,True
PA4578_at,-0.5804587558499996,-2.9467528814177757,0.03200541970297997,0.22642295717757224,PA4578,False
PA4579_at,-0.2088878612000009,-1.0676439540976768,0.3344944261200739,0.727312224655617,PA4579,False
PA4580_at,0.38083905839999943,1.6757517275806555,0.1546360489840584,0.5180351646671415,PA4580,False
PA4581_rtcR_at,0.04429710095000061,0.26121815434224493,0.8043425431175778,0.9547965555015031,PA4581,False
PA4582_at,0.19420438920000027,1.2537000440987454,0.26537641495456016,0.6645802547909756,PA4582,False
PA4583_at,0.18518085230000025,1.1366006569199563,0.30722712344381625,0.7022099969664496,PA4583,False
PA4584_at,-0.37336694804999926,-2.3934104491248775,0.0621249987646111,0.3206914860441851,PA4584,False
PA4585_rtcA_at,-0.07926490529999963,-0.511748718140565,0.6306196158962553,0.8886253221601184,PA4585,False
PA4586_at,0.08052524675000061,0.39123281282981315,0.7117413825788877,0.9233164875819249,PA4586,False
PA4587_ccpR_at,1.9433360767499996,7.733698468241475,0.0005775033076246324,0.02271446536222332,PA4587,True
PA4588_gdhA_at,-1.0671647575499996,-5.461976369445044,0.002798956621367049,0.05457892660073425,PA4588,False
PA4589_at,0.02408978194999989,0.15226250382506834,0.8849333136490531,0.9734987698676052,PA4589,False
PA4590_pra_at,0.1417224801999999,0.8885791675636767,0.4149269566765715,0.7847869041640969,PA4590,False
PA4591_at,0.2237635612500002,1.3267715475000352,0.2419467952140423,0.638037113185418,PA4591,False
PA4592_at,-0.10200540964999938,-0.6401019003355584,0.5502823094518037,0.8595970470895213,PA4592,False
PA4593_at,-0.12506024215,-0.7690060510056106,0.4766250737720028,0.8230564392945308,PA4593,False
PA4594_at,0.39647562625,1.3071006281406705,0.2480593640521439,0.6463051148766538,PA4594,False
PA4595_at,-0.13751129794999972,-0.7722609953223297,0.47486034125986337,0.8224911059993728,PA4595,False
PA4596_at,0.8078651545,2.9143569607975186,0.033230930110330924,0.23102236731591402,PA4596,False
PA4597_oprJ_at,0.09855952349999964,0.6409937038187383,0.5497478944706795,0.8594082210426666,PA4597,False
PA4598_mexD_at,0.16213494199999978,0.9162960814238837,0.40154538363628495,0.7760005115100056,PA4598,False
PA4599_mexC_at,0.05830024810000012,0.3709608329003461,0.7258650579867899,0.9264015327050465,PA4599,False
PA4600_nfxB_at,-0.08968009449999936,-0.4861412186402925,0.6474237557247317,0.8974343841488972,PA4600,False
PA4601_at,-0.07068390299999994,-0.4489630268617153,0.6722482113912369,0.9101513983939813,PA4601,False
PA4602_glyA3_at,-1.6029798579499994,-8.50191260268759,0.00037017630702889374,0.01743086194537655,PA4602,True
PA4603_at,-0.15469816525000013,-0.8945747601428535,0.41200303270861943,0.7827556418875231,PA4603,False
PA4604_at,-0.33607936905000013,-2.112376909637013,0.08835519880101941,0.3877069764396147,PA4604,False
PA4605_at,0.1344907279999994,0.5885018250964742,0.5817736857350015,0.8705360056745801,PA4605,False
PA4606_at,-0.25310955194999973,-1.4899894013972812,0.196412207771538,0.5856449656509414,PA4606,False
PA4607_at,0.5790983262499996,3.745399422711801,0.013356924736271886,0.13817022670948387,PA4607,False
PA4608_at,0.75032507355,3.071372774690496,0.027740438757028023,0.20987175131602434,PA4608,False
PA4609_radA_at,-0.23376132669999983,-1.4074597947565008,0.21831353495684522,0.6136549506953156,PA4609,False
PA4610_at,1.4845713641000007,5.962135145580358,0.0018991546274669307,0.043167757874717716,PA4610,True
PA4611_at,3.4598781402500007,20.028077103698006,5.735571899989684e-06,0.0036384809429023377,PA4611,True
PA4612_at,0.2198660086500004,1.1762063227442177,0.29245839035183874,0.6871795196199438,PA4612,False
PA4613_katB_at,-0.40997942784999974,-2.082337051324873,0.09178894657210587,0.39435747410468264,PA4613,False
PA4614_mscL_at,0.1948999687500006,1.1605405536092468,0.2982235801472763,0.6946355333386894,PA4614,False
PA4615_at,1.3105257678500006,7.309789578668976,0.0007506086944348147,0.025391280318639766,PA4615,True
PA4616_at,0.08695391195000024,0.5241000223987748,0.6226030794687212,0.8860352334992487,PA4616,False
PA4617_at,0.04514271240000056,0.16018283506830622,0.8790073108085311,0.9713567895581238,PA4617,False
PA4618_at,0.1466876055499995,0.45363230168627905,0.6691034054365922,0.9089370277362356,PA4618,False
PA4619_at,0.57840251945,3.2592181799905724,0.02246511756049765,0.183691176482079,PA4619,False
PA4620_at,0.6505458902500001,3.3569255199518824,0.020175541168653843,0.17463711076278898,PA4620,False
PA4621_at,0.49535089394999954,3.0327194172224696,0.028991089432723244,0.213249306169468,PA4621,False
PA4622_at,0.2690365150499989,1.725106007944906,0.14510388290784113,0.5008459076759094,PA4622,False
PA4623_r_at,0.5234692992500003,3.01092399583773,0.02972407967325918,0.21733656267925905,PA4623,False
PA4624_at,-0.014456528050000195,-0.058422268584841106,0.955675285372229,0.988925396370607,PA4624,False
PA4625_at,0.0008140797999995897,0.005107041796059139,0.9961226857635305,0.9995707784437029,PA4625,False
PA4626_hprA_at,-0.2756539167500005,-1.6176700898830025,0.1666574679401155,0.540300159837539,PA4626,False
PA4627_at,-0.2662451299999997,-1.413410250211404,0.2166595989325394,0.6107559383701757,PA4627,False
PA4628_lysP_at,-0.08184184480000001,-0.5301744614435754,0.6186820271947854,0.8840952051428437,PA4628,False
PA4629_at,-0.08897504055000027,-0.5706551162837457,0.5929218409204249,0.8766485696201007,PA4629,False
PA4630_at,-0.07171582950000044,-0.4566086309886442,0.6671028144924653,0.9074571680385142,PA4630,False
PA4631_at,-0.029431847599999728,-0.1523008235255945,0.8849046218862079,0.9734987698676052,PA4631,False
PA4632_at,-1.4807529192500004,-5.423677658939888,0.002886523408320427,0.0553422696461695,PA4632,False
PA4633_at,1.321689020600001,5.722836858381928,0.0022788881886820016,0.0484243172511995,PA4633,True
PA4634_at,0.2143005605999999,1.3417708432618587,0.23738005943316318,0.6341731182029114,PA4634,False
PA4635_at,0.0952077947500003,0.608661219383252,0.5693380933256212,0.8671934076286536,PA4635,False
PA4636_at,-0.9374674762000001,-5.106827350212574,0.003748503997594163,0.06457391809810445,PA4636,False
PA4637_i_at,-0.14384167050000007,-0.8674623715575929,0.4253541445497218,0.7902886662940853,PA4637,False
PA4638_at,0.08560638470000015,0.41737200171006034,0.693722299672597,0.9173779950287364,PA4638,False
PA4639_at,-0.028630525350000546,-0.1707729592253899,0.8710978532217212,0.9708999186200188,PA4639,False
PA4640_mqoB_at,-0.7530955608500003,-3.1626898555853957,0.025019428310753225,0.1984694811820667,PA4640,False
PA4641_at,-1.1916100000064489e-05,-6.789057597114045e-05,0.9999484565664184,0.9999484565664184,PA4641,False
PA4642_at,-0.5598773010000007,-2.950738361941725,0.03185816832177664,0.22631258066584273,PA4642,False
PA4643_at,-0.08769291815000102,-0.396803965535728,0.7078824328967692,0.9230261025758334,PA4643,False
PA4644_at,-0.3065969094999996,-1.2399028128400902,0.2700263532768535,0.666879128600975,PA4644,False
PA4645_at,-0.5289037730499997,-2.6697784377183393,0.04436029550667444,0.2714698547052682,PA4645,False
PA4646_upp_at,-0.9268577312000001,-3.896182732835079,0.011453275842214743,0.12787619457256705,PA4646,False
PA4647_uraA_at,-0.3338066032000002,-1.8522491937788568,0.1231919998985017,0.465111040027313,PA4647,False
PA4648_at,0.5616817533000003,2.9001270253131453,0.03378570574306233,0.23231619626596364,PA4648,False
PA4649_at,0.13978506009999947,0.8431189780986974,0.4376241653214279,0.7977255611898187,PA4649,False
PA4650_at,0.28949174900000063,1.4374738102799458,0.2100916435154425,0.604917102092227,PA4650,False
PA4651_at,0.23062406830000004,1.4705017433860286,0.20138557914666114,0.5926777594286238,PA4651,False
PA4652_at,-0.08252444190000041,-0.3851035274997488,0.7159982563834406,0.924053348898532,PA4652,False
PA4653_at,0.31222534015000036,1.859072318585752,0.12211629143347257,0.46358165794865985,PA4653,False
PA4654_at,0.22721743505000092,1.3897509078553387,0.2233066821883351,0.6193903747232129,PA4654,False
PA4655_hemH_at,0.4153777726000003,1.7403675287971738,0.14227756487112483,0.49584854952069046,PA4655,False
PA4656_at,0.6711099158500007,3.541942103490352,0.01652840909496122,0.1556421756259807,PA4656,False
PA4657_at,1.64334313085,8.642440614115584,0.0003425768600746365,0.01639355608454724,PA4657,True
PA4658_at,1.4949895810999987,6.856407783110302,0.0010083359671317722,0.03011587907972094,PA4658,True
PA4659_at,0.5759433494500001,3.4663884741421227,0.017918772325357706,0.16326608963940473,PA4659,False
PA4660_phr_at,0.5271069446999999,3.3591751222425428,0.020126030756626202,0.17446512081517207,PA4660,False
PA4661_at,-0.716534321300001,-3.4717939498981853,0.01781499241114605,0.16271894627831415,PA4661,False
PA4662_murI_at,0.10058657344999933,0.6234385899831842,0.560329870071072,0.8631485328685342,PA4662,False
PA4663_moeB_at,-0.3193981357000002,-1.6793810067659558,0.15391421687066342,0.5162046042739173,PA4663,False
PA4664_hemK_at,-0.1653477372999994,-0.6935234591480886,0.5188726386664471,0.8439028326031245,PA4664,False
PA4665_prfA_at,-0.9487894864499999,-5.592999772427372,0.002522072906082676,0.05164260112779109,PA4665,False
PA4666_hemA_at,-0.04739948609999978,-0.26405881449750335,0.8022727281532293,0.9547965555015031,PA4666,False
PA4667_at,-0.27490557174999886,-1.4580311721599664,0.2046314054776058,0.5992340560403918,PA4667,False
PA4668_at,-0.44465739864999954,-2.356645161430629,0.06502126809830218,0.3282317340780869,PA4668,False
PA4669_ipk_at,-0.5891974503499999,-2.9932264272647284,0.030334536259476966,0.218737639334969,PA4669,False
PA4670_prs_at,-2.179961764849999,-11.604566088742864,8.340889190687099e-05,0.008324877483478025,PA4670,True
PA4671_at,-1.6084546541500018,-4.470535609996118,0.0065760002075539534,0.09128853118316645,PA4671,False
PA4672_at,-1.5987111845000008,-9.411503694116092,0.00022848650780419577,0.01386465551479893,PA4672,True
PA4673_at,-0.8549697504500005,-4.919107245488659,0.0044009046374204296,0.07155725054104047,PA4673,False
PA4674_at,0.5326927448500003,2.80035782357483,0.037977585607829614,0.24901035553930656,PA4674,False
PA4675_at,-0.4810106594999999,-3.1019519044075805,0.026793858567259327,0.20615510003514823,PA4675,False
PA4676_at,-0.5295195243000004,-3.041040461269026,0.028716607811867353,0.21224550104187795,PA4676,False
PA4677_at,-0.013860859199999354,-0.06801821856406595,0.9484073879907523,0.988547172961496,PA4677,False
PA4678_rimI_at,-0.18997661519999998,-1.006957811552222,0.36017111303754396,0.7439801663160934,PA4678,False
PA4679_at,-0.4321887535500011,-2.4308544402973395,0.05931817322059103,0.3132819296858935,PA4679,False
PA4680_at,0.15468744015000002,0.9797136544399854,0.37222107252245784,0.752969129749159,PA4680,False
PA4681_at,0.37426186479999934,2.2226665345039684,0.0768701401813596,0.3596642647913216,PA4681,False
PA4682_at,0.4191264169500002,2.2600353736005854,0.07334845300109089,0.3492953028838357,PA4682,False
PA4683_at,0.7622669611499999,2.9360358628198733,0.03240516350169908,0.22800629099185496,PA4683,False
PA4684_at,-0.17049338175000006,-0.8678717159799816,0.4251501049439048,0.7902886662940853,PA4684,False
PA4685_at,0.3164357660499997,1.5979633849176895,0.1709431297606346,0.5474817158748744,PA4685,False
PA4686_at,-0.6301217832999999,-2.909592951307857,0.033415523602398065,0.23139267285142942,PA4686,False
PA4687_hitA_at,-0.6487773917500004,-4.2001633465054695,0.008488223244488682,0.10655470642614895,PA4687,False
PA4688_hitB_at,-0.1574817886999993,-0.9696428011402207,0.3767582970057796,0.7552697306419403,PA4688,False
PA4689_at,-0.02096319020000026,-0.10294478561513759,0.922008177022839,0.9820738563077146,PA4689,False
PA4690_at,0.20625074610000027,1.3305910833798549,0.24077620355386833,0.635804725939017,PA4690,False
PA4691_at,0.03655321269999989,0.2366504893125716,0.8223174979525063,0.9584142186550254,PA4691,False
PA4692_at,0.3865352031999998,2.4064168646561144,0.061134051681239865,0.31956929679909224,PA4692,False
PA4693_pssA_at,-0.0909001297000005,-0.458970762535277,0.6655172939202959,0.9074571680385142,PA4693,False
PA4694_ilvC_at,-1.2808496283500013,-3.703636843957939,0.013946655687795956,0.14227039060375563,PA4694,False
PA4695_ilvH_at,-1.5467764098500005,-5.051996970096359,0.0039266127629604694,0.06641391587007277,PA4695,False
PA4696_ilvI_at,-1.5707868027500007,-5.800671250352645,0.0021463220752277502,0.04648365252248498,PA4696,True
PA4697_at,0.7953099436499995,3.003431477344221,0.02998083109779357,0.21830243392386287,PA4697,False
PA4698_at,-0.5059352377499993,-2.6854073057665295,0.04353731245184281,0.26778793127344275,PA4698,False
PA4699_at,-0.12494134139999957,-0.7092096780877045,0.5098855438462037,0.8399625835652826,PA4699,False
PA4700_mrcB_at,-0.49388265285,-2.244239297621263,0.07481558172042957,0.3531391451535272,PA4700,False
PA4701_at,-0.189838034200001,-1.0452119137358515,0.34379984235400135,0.7337222161333038,PA4701,False
PA4702_at,0.23739010890000056,1.4453378813173456,0.20798662860391454,0.602465204706024,PA4702,False
PA4703_at,0.14459596219999948,0.8911008034829158,0.4136952361743157,0.7840175631684196,PA4703,False
PA4704_at,0.4611591831500004,2.52271641039884,0.05299868688501129,0.2955899586991185,PA4704,False
PA4705_at,-0.038712403449999044,-0.24994704437685433,0.8125728649134933,0.9573464196762103,PA4705,False
PA4706_at,-0.002213574399999807,-0.013982262682004422,0.9893848941492952,0.998407704341065,PA4706,False
PA4707_at,0.2265255766999994,1.3728814543897692,0.22816310863779862,0.624055788774202,PA4707,False
PA4708_at,0.3442930392500001,2.0430097643042373,0.09649807401230999,0.40890034238621126,PA4708,False
PA4709_at,0.010630110600000187,0.06473281315774346,0.9508951284445856,0.988617529154029,PA4709,False
PA4710_at,0.1784741016,1.0712529551859604,0.3330174728700478,0.725541545752998,PA4710,False
PA4711_at,0.18195005404999964,1.1832057641027742,0.2899145642437615,0.6844914260484477,PA4711,False
PA4712_at,0.07904882170000072,0.5103688743313489,0.6315188111783512,0.8886253221601184,PA4712,False
PA4713_at,0.2864000015000001,1.8130684271981101,0.1295597256474296,0.4749032677420419,PA4713,False
PA4714_at,0.29958567420000026,1.5827097904570848,0.1743347743317483,0.5518217681786143,PA4714,False
PA4715_at,0.16795882800000062,0.9422528171283707,0.3893261479222316,0.7640318039346785,PA4715,False
PA4716_at,0.16056272895000046,0.7485373305826348,0.48783123557049896,0.8280814467735754,PA4716,False
PA4717_at,0.27094027160000067,1.7107946448711822,0.14780558349645737,0.5069834874476387,PA4717,False
PA4718_at,0.22832066870000034,1.2672476994999287,0.2608814847394502,0.6604509329790985,PA4718,False
PA4719_at,0.00018808170000017554,0.0011812252055113505,0.9991031982698622,0.9995707784437029,PA4719,False
PA4720_trmA_at,-0.44641302284999895,-2.615785216070665,0.047337936061059335,0.28209738470427403,PA4720,False
PA4721_at,-0.004817190049999809,-0.03013351320018456,0.9771263874307987,0.9950099926325614,PA4721,False
PA4722_at,-0.23841686695000064,-1.0169872243854527,0.3558172373674641,0.7419045991183242,PA4722,False
PA4723_dksA_at,-1.6390942969499998,-8.346297636920609,0.0004038816901457233,0.01886704466823593,PA4723,True
PA4724_at,0.06196209039999978,0.3940649967632405,0.709778392175026,0.9233164875819249,PA4724,False
PA4725_at,0.15283526760000044,0.9880952980152937,0.36847908665653356,0.749744151477974,PA4725,False
PA4726_at,1.3953442338500004,6.2205236481245505,0.0015698412184713979,0.03915290428780783,PA4726,True
PA4727_pcnB_at,-0.6087671073000003,-3.049625553771804,0.028436465136486344,0.21160181263382888,PA4727,False
PA4728_folK_at,-0.6388431541499999,-3.3951519756750033,0.01935265801645749,0.170343706030377,PA4728,False
PA4729_panB_at,-0.8852106564,-4.641845211884484,0.0056233162984751185,0.08220842205949618,PA4729,False
PA4730_panC_at,-1.0856838302499998,-5.8681630461936996,0.00203866142758392,0.044903715881387356,PA4730,True
PA4731_panD_at,-0.9098200036500002,-5.731538460201413,0.002263599311938287,0.0484243172511995,PA4731,False
PA4732_pgi_at,-0.11390794260000003,-0.7312827104420639,0.49742289826763164,0.8329533937989417,PA4732,False
PA4733_acsB_at,0.13003518854999996,0.6960274040181873,0.5174308152402382,0.8433850004784389,PA4733,False
PA4734_at,0.2167235700999992,1.1547663407799604,0.30037371691292125,0.6948549099851672,PA4734,False
PA4735_at,0.15878960635000006,0.9989981298582081,0.363657869435308,0.7456464797937983,PA4735,False
PA4736_at,0.21241871814999946,1.3504392974749417,0.2347775448203682,0.631581640225177,PA4736,False
PA4737_at,0.0951975541500012,0.5129648596268992,0.6298276996033567,0.8884285919135562,PA4737,False
PA4738_at,0.02505171039999965,0.0963557133587645,0.9269809907529944,0.9833159568009933,PA4738,False
PA4739_at,-0.2755982202,-1.305061944689032,0.2487009613918,0.646720875293352,PA4739,False
PA4740_pnp_at,-1.4143741931999996,-3.3337932002986204,0.020692735486194755,0.17654111752116394,PA4740,False
PA4741_rpsO_at,-1.55288812535,-5.581303089831213,0.0025454412615884764,0.05170043716079149,PA4741,False
PA4742_truB_at,-0.506262672700001,-2.9995686212400248,0.030114171338028597,0.21830243392386287,PA4742,False
PA4743_rbfA_at,-0.4821595411999997,-2.0242329571556197,0.09883525911781768,0.41553166797676777,PA4743,False
PA4744_infB_at,-0.8755219220499999,-2.4817157013823667,0.0557237739557451,0.3036945680588108,PA4744,False
PA4745_nusA_at,-1.0467323745500003,-3.235422873300213,0.0230662953214727,0.18778452871671966,PA4745,False
PA4746_at,-0.4862505155500001,-3.128345891344138,0.026005940844671283,0.20301189364951613,PA4746,False
PA4747_secG_at,-0.9855417271500002,-2.88092013533049,0.034550947924549776,0.23510621905653178,PA4747,False
PA4748_tpiA_at,-1.608204164850001,-10.219250802843076,0.0001540471234672215,0.010924353840097179,PA4748,True
PA4749_glmM_at,-0.37194835765,-2.205045630121033,0.07859301636370346,0.36300716587605514,PA4749,False
PA4750_folP_at,-0.11910932749999947,-0.765925332308674,0.47829971861439463,0.8233483706293875,PA4750,False
PA4751_ftsH_at,0.5800456915500005,3.7649835668188962,0.013090245469967258,0.13597689224093967,PA4751,False
PA4752_ftsJ_at,0.22876593695000036,1.4225227829823415,0.2141497726032381,0.6086182216614947,PA4752,False
PA4753_at,-0.4138642490000004,-2.6281164124008645,0.046639021161097284,0.27926477981100567,PA4753,False
PA4754_at,-0.41602151019999933,-2.082389565431705,0.09178282258519795,0.39435747410468264,PA4754,False
PA4755_greA_at,-0.5903537043999991,-1.4221684416661053,0.214246849351447,0.6086182216614947,PA4755,False
PA4756_carB_at,-0.9922873833000008,-3.1203624112455355,0.026241483088823788,0.203280813282466,PA4756,False
PA4757_at,-1.6670460084000007,-10.342072455637998,0.00014545108625438048,0.01065864936544786,PA4757,True
PA4758_carA_at,-1.4403168207000006,-7.849723647242126,0.000538683017311509,0.022173857594634687,PA4758,True
PA4759_dapB_at,-0.13497959500000078,-0.5374229098779352,0.614021898965895,0.8840461541097148,PA4759,False
PA4760_dnaJ_at,-0.04847178019999987,-0.22524110254359048,0.8307082152870683,0.9611923272860489,PA4760,False
PA4761_dnaK_at,0.8438933962999995,2.2063775580286293,0.07846136002844643,0.36300716587605514,PA4761,False
PA4762_grpE_at,0.5646119950500008,1.2242768550464056,0.27538150634075254,0.6687173127677457,PA4762,False
PA4763_recN_at,0.21953717665000028,1.3757563749637383,0.2273285091162828,0.6240332480876686,PA4763,False
PA4764_fur_at,-0.3933317112999992,-1.5183977641919777,0.18937400137537222,0.5733823930532104,PA4764,False
PA4765_omlA_at,-1.1400798992999999,-3.2741992160203366,0.02209571455024972,0.18286865939658942,PA4765,False
PA4766_at,0.28715534809999976,1.8689789433090118,0.12057158442499287,0.46143325482802866,PA4766,False
PA4767_at,0.2625445165500002,1.4408236672354975,0.20919249718318378,0.6045507749273665,PA4767,False
PA4768_smpB_at,-0.7186279620500002,-4.233586291879937,0.008219955127606706,0.10411893131195393,PA4768,False
PA4769_at,-0.16375639740000025,-0.7580459121900152,0.48260221069272086,0.8262640000017584,PA4769,False
PA4770_lldP_at,1.0233608975,4.654352363233928,0.005560285226858906,0.0816155582176846,PA4770,False
PA4771_lldD_at,0.44917661629999994,2.8029402550683833,0.03786206197400296,0.2487233222979703,PA4771,False
PA4772_at,0.42879276249999965,2.3643678294069046,0.06440100941080718,0.3272416010288815,PA4772,False
PA4773_at,-0.8595583071999995,-2.769391146310336,0.03939372142512999,0.2530327825761595,PA4773,False
PA4774_at,-0.7200001598999997,-4.6099575421337375,0.0057878136680999314,0.08350057134406542,PA4774,False
PA4775_at,-0.20056689900000002,-0.8883076758051727,0.4150597405135633,0.7847869041640969,PA4775,False
PA4776_at,-0.9412129392000006,-6.013798963308413,0.0018272522045823152,0.04201252529754495,PA4776,False
PA4777_at,-0.09738535854999952,-0.6203018395557652,0.5622343654464764,0.8631485328685342,PA4777,False
PA4778_at,-0.0928067334999998,-0.3559945251138629,0.7363724606999393,0.9305276192227117,PA4778,False
PA4779_at,-0.23687836570000087,-1.2896061420089306,0.25361501899322214,0.6514123826499377,PA4779,False
PA4780_at,-0.16678746430000047,-0.9747078473322619,0.3744707266331937,0.7538080358970514,PA4780,False
PA4781_at,-0.010262586850000588,-0.06521396487420801,0.9505307553371282,0.988617529154029,PA4781,False
PA4782_at,-0.07380107494999999,-0.4108158655910468,0.6982209079924252,0.9208443344036331,PA4782,False
PA4783_at,0.12427918134999949,0.8087721968445941,0.4553911060870643,0.8103382564377282,PA4783,False
PA4784_at,0.16033729934999918,0.9993730726933632,0.36349300052495853,0.7456464797937983,PA4784,False
PA4785_at,-0.22489849955000007,-1.2203349622718458,0.276747459073684,0.6700680971236955,PA4785,False
PA4786_at,0.19645088930000032,1.159807394138603,0.2984958323291017,0.6947669087376258,PA4786,False
PA4787_at,0.038073236449999825,0.24691266468553777,0.8147933605770775,0.9574355326739455,PA4787,False
PA4788_at,0.06947874409999955,0.42627959756853656,0.687633062682892,0.9148752728190557,PA4788,False
PA4789_at,-0.2049111805999999,-1.2894688967520838,0.25365905216338047,0.6514123826499377,PA4789,False
PA4790_at,-0.00854696765000007,-0.0544243466681588,0.958704768306713,0.9895086732893537,PA4790,False
PA4791_at,0.5835947071499987,3.5527553548478528,0.016339651672385554,0.15487148106869786,PA4791,False
PA4792_at,0.10967378094999969,0.6908209217278507,0.5204318942261655,0.8450466550236271,PA4792,False
PA4793_at,0.6413400098499995,2.9455040199982334,0.03205171757521295,0.22647828289040026,PA4793,False
PA4794_at,0.38111083064999995,2.3342951418460713,0.06685294012658215,0.3336711108205331,PA4794,False
PA4795_at,0.4130050255999995,1.874902092512971,0.11965761198511228,0.45940106198725145,PA4795,False
PA4796_at,0.5170407555499992,2.3201107052719463,0.06804419721728402,0.33565489198573606,PA4796,False
PA4798_at,0.11888394444999939,0.7711152825869986,0.47548097059728694,0.8226575523032424,PA4798,False
PA4799_at,0.16122375545,0.923347615697343,0.39819599840100933,0.7730150549433843,PA4799,False
PA4800_at,-0.16664001024999964,-1.025661967171629,0.35208687692255747,0.7385542970656356,PA4800,False
PA4801_at,-0.20313194590000005,-1.3031083656772886,0.24931721067182924,0.646752358754688,PA4801,False
PA4802_at,0.3454472620500004,1.7707107124000603,0.13682228395349688,0.48660783284004994,PA4802,False
PA4803_at,0.2271361875000002,1.4224102085631947,0.2141806094060361,0.6086182216614947,PA4803,False
PA4804_at,0.2998865798999999,1.774927859598407,0.13608104590872153,0.48543820376893027,PA4804,False
PA4805_at,0.42264289944999955,2.5289497160529995,0.05259727894989304,0.29512452819940366,PA4805,False
PA4806_at,-0.03557238515000094,-0.20368172403390855,0.8466325288404184,0.9657517567354075,PA4806,False
PA4807_selB_at,0.2567044510999992,1.4950938707388846,0.1951292032284938,0.5836028913632696,PA4807,False
PA4808_selA_at,0.12484881060000141,0.7995443865073985,0.46025512255726136,0.8134629494571259,PA4808,False
PA4809_fdhE_at,0.17656534700000037,0.9451394132620532,0.38798588608877094,0.763916206553885,PA4809,False
PA4810_fdnI_at,0.4421348286000004,2.7772681438476567,0.03902803199859223,0.2530327825761595,PA4810,False
PA4811_fdnH_at,0.20142236210000064,1.2514204514298075,0.26613963860801515,0.6648972465393791,PA4811,False
PA4812_fdnG_at,-0.04362215269999936,-0.2788878682760395,0.7914979244899006,0.9513555075943022,PA4812,False
PA4813_lipC_at,0.09248316244999977,0.5331392523974443,0.6167734483586331,0.8840461541097148,PA4813,False
PA4814_fadH2_at,0.1971966896499997,1.1421211921687722,0.305130030024507,0.7004662077707676,PA4814,False
PA4815_at,-0.04409332565000046,-0.27927720303528497,0.7912157303897928,0.9513555075943022,PA4815,False
PA4816_at,0.1659376174500009,0.6969396491563903,0.516906207963194,0.8433850004784389,PA4816,False
PA4817_at,-0.22511766635000008,-1.2282207944994088,0.27402092160605074,0.6687173127677457,PA4817,False
PA4818_at,-0.0036285606500001677,-0.02343810599848978,0.9822074311405361,0.9964276007744218,PA4818,False
PA4819_at,0.039085285000000525,0.16720765671162013,0.8737588213317001,0.9711271364615739,PA4819,False
PA4820_at,0.10765270914999991,0.6852038673175561,0.5236829169931297,0.8465240076447071,PA4820,False
PA4821_at,-0.10620244660000022,-0.6578904964842103,0.5396866546764532,0.8518626037612238,PA4821,False
PA4822_at,-0.1535445608499999,-0.9959325647572725,0.36500817037147004,0.7472828141935557,PA4822,False
PA4823_at,-0.02161747295000005,-0.07101458474809381,0.9461390910325949,0.9880596857207466,PA4823,False
PA4824_at,0.21452276775000012,1.2401145799607913,0.2699544294038527,0.666879128600975,PA4824,False
PA4825_mgtA_at,0.033347714499999626,0.2062088756450994,0.8447614338097332,0.9650956058711717,PA4825,False
PA4826_at,-0.06954541994999985,-0.3809851072485878,0.7188651519888511,0.924053348898532,PA4826,False
PA4827_at,0.2802240740500004,1.7403281945289588,0.1422847774618495,0.49584854952069046,PA4827,False
PA4828_at,0.06403264964999966,0.32685362580473254,0.757017951853093,0.9403203852199687,PA4828,False
PA4829_lpd3_at,0.16001350959999883,1.0026319730429218,0.3620626063770537,0.7441877068055824,PA4829,False
PA4830_at,-0.23619522849999974,-1.4675501519035006,0.2021493242547306,0.5943311301515206,PA4830,False
PA4831_at,-0.11356054855000064,-0.620512985425747,0.5621060372081157,0.8631485328685342,PA4831,False
PA4832_at,-0.12329597900000033,-0.6860635299614523,0.5231844715258746,0.8465240076447071,PA4832,False
PA4833_at,0.9484817395999996,4.075993564749693,0.00957742848657076,0.11342604441037323,PA4833,False
PA4834_at,0.025565685950000194,0.16399555367676644,0.8761578012174235,0.9711271364615739,PA4834,False
PA4835_at,0.06648234175000045,0.40771720369466685,0.700352021983681,0.9219928867228585,PA4835,False
PA4836_at,0.17015042329999996,1.0038129800053204,0.3615453908236455,0.7441877068055824,PA4836,False
PA4837_at,0.4854380433500003,2.965919418626272,0.03130416392257692,0.22361202530132007,PA4837,False
PA4838_at,0.1599277750999999,0.9938143903373945,0.365943585669765,0.7477572906800188,PA4838,False
PA4839_speA_at,0.056759500750000136,0.32614243679257743,0.7575247828019406,0.9403203852199687,PA4839,False
PA4840_at,-0.18113988405000025,-1.0468795826805026,0.34310059453947267,0.7335597891243502,PA4840,False
PA4841_at,0.1946463197999999,1.2263940290064268,0.27465036657597103,0.6687173127677457,PA4841,False
PA4842_at,0.5943380465499999,3.4423719766793957,0.018388254122405037,0.16473860542538213,PA4842,False
PA4843_at,0.6306566391499997,2.995160936935888,0.030267129444997598,0.218737639334969,PA4843,False
PA4844_at,0.09544856235000054,0.6120233355559849,0.567280531393497,0.8663760269284181,PA4844,False
PA4845_dipZ_at,-0.1036777295000002,-0.671462236686601,0.5316941727636987,0.8495240691935472,PA4845,False
PA4846_aroQ1_at,-1.5305518751499996,-7.845813075851761,0.0005399400215325082,0.022173857594634687,PA4846,True
PA4847_accB_at,-1.6271653198500005,-6.418069867555817,0.001362918765251521,0.035605601857475244,PA4847,True
PA4848_accC_at,-1.5228719555500003,-5.457173142804352,0.0028097662111821603,0.05457892660073425,PA4848,False
PA4849_at,-0.14867368049999996,-0.6854911892011092,0.5235162875452077,0.8465240076447071,PA4849,False
PA4850_prmA_at,-0.08880255455000086,-0.4177183757030861,0.6934850239797565,0.9173779950287364,PA4850,False
PA4851_at,-0.013604092950000535,-0.083636419552777,0.9365907965519109,0.9864272489053094,PA4851,False
PA4852_at,-1.5202476679000005,-7.422104222637885,0.0006993658018425102,0.02510040920515253,PA4852,True
PA4853_fis_at,-1.625370922550001,-3.8480372786509314,0.012025074081189049,0.13123330973402073,PA4853,False
PA4854_purH_at,-0.7942723482999998,-3.126697657110324,0.026054374454487977,0.203120593429293,PA4854,False
PA4855_purD_at,-0.8703327060500001,-4.980595321453715,0.00417358766297514,0.06900487916930247,PA4855,False
PA4856_at,-0.17378586274999996,-0.6606592838809051,0.5380496486924323,0.8513828178542833,PA4856,False
PA4857_at,0.18243976750000002,1.1450614690099559,0.3040182260832182,0.6992775610495594,PA4857,False
PA4858_at,0.016898672299999973,0.10706375078415029,0.9189016031667488,0.9806506362456895,PA4858,False
PA4859_at,-0.15472397475000044,-0.8637934692595985,0.427186300597644,0.7911952691371091,PA4859,False
PA4860_at,-0.013702640350000017,-0.08176582446684298,0.9380051650572663,0.9864272489053094,PA4860,False
PA4861_at,0.06261509674999921,0.3754203711479104,0.722747182156258,0.9261683535206953,PA4861,False
PA4862_at,0.22565704165000078,0.9508778976351414,0.3853325163821042,0.7627205968461171,PA4862,False
PA4863_at,0.09131471710000039,0.44049059099776766,0.6779738897393761,0.910405918332983,PA4863,False
PA4864_ureD_at,0.47276467780000075,2.8958341667907277,0.033955089893886896,0.23293666563568563,PA4864,False
PA4865_ureA_at,-0.010234237299999727,-0.06015650634813223,0.9543614021664636,0.988925396370607,PA4865,False
PA4866_at,0.004663944850000323,0.02731504129273068,0.9792651491947115,0.9953535143593676,PA4866,False
PA4867_ureB_at,-0.04041816139999943,-0.22352482687127573,0.8319726517574446,0.9615456548754823,PA4867,False
PA4868_ureC_at,-0.18362010769999992,-1.186560976217309,0.28870215153929685,0.6843923358411268,PA4868,False
PA4869_at,0.03962586304999949,0.256263580492697,0.8079569801143955,0.9551490518682015,PA4869,False
PA4870_at,0.8803658471500002,4.046723264239022,0.009857154743714382,0.11511748575695009,PA4870,False
PA4871_at,0.11922136154999974,0.7530432352588747,0.4853482857384501,0.8268480491625232,PA4871,False
PA4872_at,-0.006659096249999941,-0.041564173763545674,0.9684548217788919,0.9937324481559858,PA4872,False
PA4873_at,0.22564366580000073,1.4537024944373733,0.2057697460196904,0.5995418187477776,PA4873,False
PA4874_at,-0.13063865580000034,-0.6554259352737397,0.5411465645328405,0.8530232134012584,PA4874,False
PA4875_at,0.020785849650000188,0.13068205123403107,0.9011219315793909,0.9768224065773544,PA4875,False
PA4876_osmE_at,0.5871275332999994,2.5273948030401954,0.05269709941206702,0.29512452819940366,PA4876,False
PA4877_at,0.47893657915,2.6481483550074585,0.045527686741975416,0.27456553705252795,PA4877,False
PA4878_at,1.1727280345499995,7.443424518819124,0.0006901126873403107,0.024920265507270365,PA4878,True
PA4879_at,0.13234412320000022,0.8407089225130465,0.4388534772068142,0.7993792071298329,PA4879,False
PA4880_at,1.4176277955999996,5.973132659077029,0.0018835739553413333,0.04313897393439334,PA4880,True
PA4881_at,0.06104240164999997,0.3839900603563025,0.716772837598803,0.924053348898532,PA4881,False
PA4882_at,-0.14525561224999883,-0.847770559807086,0.4352589172971872,0.7972939790657073,PA4882,False
PA4883_at,0.1506491780000001,0.5542198683304973,0.6033021429244118,0.8801012814699356,PA4883,False
PA4884_at,0.02712091129999905,0.1750235368050176,0.8679279573665128,0.9699834623855886,PA4884,False
PA4885_irlR_at,-0.015578449750000445,-0.0883552463389211,0.9330240537190747,0.985249688895038,PA4885,False
PA4886_at,-0.021938500549999684,-0.1338855225548469,0.8987151725676414,0.9768224065773544,PA4886,False
PA4887_at,-0.013979859600000033,-0.07098414464589733,0.9461621318072974,0.9880596857207466,PA4887,False
PA4888_at,-0.09454164975000001,-0.5527898959915083,0.6042104014207529,0.8805106270766406,PA4888,False
PA4889_at,0.20006800560000038,1.1654903681298596,0.29639123392358724,0.6914431063584522,PA4889,False
PA4890_at,-0.3987829846500004,-2.3024852319328115,0.06955636118903691,0.3394765687882846,PA4890,False
PA4891_ureE_at,0.1569503336000002,1.0096497227797936,0.3589982031027917,0.7429899519912209,PA4891,False
PA4892_ureF_at,0.08187378509999998,0.49722320309487505,0.6401214411354205,0.894474220434925,PA4892,False
PA4893_ureG_at,-0.006327572900000078,-0.03605795731679057,0.9726314327847292,0.9940985203938076,PA4893,False
PA4894_i_at,0.16330748225000002,0.911814423662371,0.40368570535205966,0.7767551689121358,PA4894,False
PA4895_at,0.24490272545000025,1.5854053243826418,0.17373064325510035,0.550958279202328,PA4895,False
PA4896_at,0.27543367220000015,1.5937530056951568,0.1718727665739093,0.5484239373222701,PA4896,False
PA4897_at,0.1359608364499998,0.755439415355031,0.48403157696785626,0.8267823131322716,PA4897,False
PA4898_at,0.07994959175000105,0.4392398085546059,0.6788212729977914,0.910405918332983,PA4898,False
PA4899_at,0.10224634690000034,0.6643058347421329,0.5358987157843415,0.8507079727871568,PA4899,False
PA4900_at,0.1971825018500004,1.147649837469051,0.30304242966609957,0.6980432607217733,PA4900,False
PA4901_mdlC_at,0.02881139904999941,0.18553183593415443,0.8601035280501991,0.968743750798087,PA4901,False
PA4902_at,-0.01679323789999998,-0.09693833472387166,0.9265411266023661,0.9833159568009933,PA4902,False
PA4903_at,0.12231863984999958,0.7295454554541428,0.498395951417114,0.8333973210344128,PA4903,False
PA4904_vanA_at,0.06799018039999893,0.42077534444277587,0.6913926450636578,0.9170056850040381,PA4904,False
PA4905_vanB_at,0.02212189064999981,0.14228449243947888,0.892410982342929,0.9747685267575203,PA4905,False
PA4906_at,-0.37215534135000006,-2.1667050957751686,0.08248546242417269,0.37203787879592376,PA4906,False
PA4907_at,-0.3322949712000005,-2.0204765558638615,0.09930990124304269,0.41663441105955046,PA4907,False
PA4908_at,0.37842378014999944,1.813132049156495,0.12954911757167648,0.4749032677420419,PA4908,False
PA4909_at,0.0007257146000001491,0.004694872670149511,0.9964356055662338,0.9995707784437029,PA4909,False
PA4910_at,-0.02163166869999955,-0.12198646948384322,0.907660890818027,0.9779955293250645,PA4910,False
PA4911_at,0.31992592759999994,1.9826517613456431,0.10422419670519717,0.4275007817468924,PA4911,False
PA4912_at,0.08719492145000007,0.4887218078023892,0.6457192507217618,0.896603800365249,PA4912,False
PA4913_at,0.3663077223500002,2.3404796470810956,0.06634059322324548,0.33260709685862255,PA4913,False
PA4914_at,0.045589120349999845,0.28373774453703443,0.7879852789347683,0.95049202662675,PA4914,False
PA4915_at,0.12253542505000059,0.7034993889881855,0.5131446283262977,0.8425018918629256,PA4915,False
PA4916_at,0.05097442534999974,0.2910032966426897,0.7827337184522961,0.9477613507551366,PA4916,False
PA4917_at,-0.24538777965000058,-1.3034530991270423,0.24920836361300766,0.646752358754688,PA4917,False
PA4918_at,0.4489469877499994,0.8337221318684941,0.44243208820471097,0.8001689940156543,PA4918,False
PA4919_pncB1_at,0.27335233255,0.6368992158486207,0.552204313393016,0.8612461874403599,PA4919,False
PA4920_nadE_at,0.20038305279999946,0.5593629120933911,0.6000422288831369,0.8796707799607085,PA4920,False
PA4921_at,-0.16983662430000024,-0.9148318514120491,0.4022436698470964,0.7760005115100056,PA4921,False
PA4922_azu_at,1.1159626336000006,5.650634056226217,0.0024105413020518683,0.050135851957163594,PA4922,False
PA4923_at,-0.4242099142000004,-2.684494377707295,0.04358491983689401,0.26778793127344275,PA4923,False
PA4924_at,-0.11933890989999973,-0.7431251729415219,0.4908255369623628,0.8287631291476119,PA4924,False
PA4925_at,-0.05254126874999976,-0.3262432845456845,0.7574529049411243,0.9403203852199687,PA4925,False
PA4926_at,-0.02594473589999957,-0.15146950447310592,0.8855271143916796,0.9734987698676052,PA4926,False
PA4927_at,0.0009600459999994371,0.00602676618836567,0.9954244317124291,0.9995707784437029,PA4927,False
PA4928_at,-0.6524094066000004,-3.505842393643277,0.017176796614631715,0.15921673208460202,PA4928,False
PA4929_at,0.11981297784999967,0.7394506751498982,0.4928659045065252,0.8300787804243693,PA4929,False
PA4930_alr_at,-0.07563002024999976,-0.4739777521146808,0.6554907232056624,0.9021158247267792,PA4930,False
PA4931_dnaB_at,-0.3634313685999997,-1.9672661818020913,0.10629508738397297,0.4311873772171364,PA4931,False
PA4932_rplI_at,-0.7001418794500012,-1.8856236479487714,0.1180213035458579,0.4557071568668282,PA4932,False
PA4933_at,-1.1645953332000012,-3.450347496133768,0.01823081289687681,0.16434665721342123,PA4933,False
PA4934_rpsR_at,-1.3094401602500003,-2.213345821757929,0.07777639371790081,0.36209784244309606,PA4934,False
PA4935_rpsF_at,-1.2269720386499996,-2.547357410574254,0.051431132081407614,0.2933817750485776,PA4935,False
PA4936_at,0.22067384805000057,1.360797371337371,0.231702690831036,0.6294679636516453,PA4936,False
PA4937_rnr_at,0.6411781542500004,3.4502454283861974,0.018232818070058453,0.16434665721342123,PA4937,False
PA4938_purA_at,-0.9946975595500005,-3.2682825383014267,0.02224078184644294,0.18308984887854987,PA4938,False
PA4939_at,-0.6698197985500007,-4.192408017828171,0.00855190899476661,0.10678460073023766,PA4939,False
PA4940_at,-0.8525337549500005,-5.2205855434106505,0.0034082373677737287,0.06079056105065505,PA4940,False
PA4941_hflC_at,-0.19615420204999978,-0.9686609437480075,0.3772030575898086,0.7554328672928252,PA4941,False
PA4942_hflK_at,-0.6182863043499998,-3.5793559748996033,0.015885674727065237,0.15253357494862316,PA4942,False
PA4943_at,0.30498762234999965,1.3573999709782476,0.23270705551393356,0.6300431135027658,PA4943,False
PA4944_at,0.5747192357000008,1.6840374473891886,0.1529930214599317,0.5150682603978117,PA4944,False
PA4945_miaA_at,-0.05033633319999975,-0.16625213069150416,0.8744723027719623,0.9711271364615739,PA4945,False
PA4946_mutL_at,-0.09036690365000055,-0.5430713761364089,0.6104046593095067,0.88231165990413,PA4946,False
PA4947_amiB_at,-0.40780901775,-1.524876478018114,0.1878034468099049,0.5709731196876634,PA4947,False
PA4948_at,0.15968064780000013,0.882937902659025,0.417692863702372,0.7854818184473107,PA4948,False
PA4949_at,0.37054808510000026,2.018101533248468,0.09961122887851794,0.4173036962127805,PA4949,False
PA4950_at,0.09733201830000038,0.5214355210502516,0.6243275100294086,0.8867740646798019,PA4950,False
PA4951_orn_at,0.0506009946499999,0.2563289805935975,0.8079092341107437,0.9551490518682015,PA4951,False
PA4952_at,-0.3652800828,-2.2762275449843856,0.0718764597099203,0.3439551559777162,PA4952,False
PA4953_motB_at,0.15740143445000054,0.7902077280924976,0.4652155263222733,0.81641282802254,PA4953,False
PA4954_motA_at,0.25912167794999963,0.9371684444295151,0.3916958970786632,0.7649376410766462,PA4954,False
PA4955_at,0.2637438309500002,1.4612876487189839,0.20377900673534172,0.5976299121296569,PA4955,False
PA4956_rhdA_at,-0.24359506259999897,-1.4237825859761086,0.21380497032846194,0.6086182216614947,PA4956,False
PA4957_psd_at,-0.05805046950000037,-0.3485649496704763,0.7416130952110447,0.9323762756833185,PA4957,False
PA4958_at,0.32708702610000007,1.649435009389962,0.15997222994074686,0.5289868232759752,PA4958,False
PA4959_at,-0.2779144507,-1.751524072085233,0.14024665742378878,0.49224318759476493,PA4959,False
PA4960_at,-0.21287180795000005,-1.158422849144032,0.2990105680397673,0.6947669087376258,PA4960,False
PA4961_at,-0.33409582624999956,-1.4371270447878106,0.21018493021406182,0.604917102092227,PA4961,False
PA4962_at,-0.0026566538499999126,-0.011198705134580503,0.9914980064747541,0.999305074170967,PA4962,False
PA4963_at,0.03731803245000087,0.17976238992419655,0.8643972441711779,0.968743750798087,PA4963,False
PA4964_parC_at,0.17098129204999957,0.8579562955592285,0.4301137534339193,0.7938694113239413,PA4964,False
PA4965_at,-0.11481127890000042,-0.6102200314299089,0.568383538720687,0.867108940151076,PA4965,False
PA4966_at,-0.34435063299999946,-2.106070754441733,0.08906462356480363,0.38923983956146413,PA4966,False
PA4967_parE_at,0.0005419365500003437,0.0031046347848266605,0.9976429242763027,0.9995707784437029,PA4967,False
PA4968_at,-0.07126475415000044,-0.31572330255875364,0.7649657157663499,0.9409797707420554,PA4968,False
PA4969_at,0.28042340249999986,1.6879712356329872,0.1522190885964385,0.51373942401298,PA4969,False
PA4970_at,0.2399513473999999,1.1860459901314553,0.2888879495004803,0.6843923358411268,PA4970,False
PA4971_at,0.3578034789000002,1.9196229291391331,0.11298328363430639,0.4452245469044913,PA4971,False
PA4972_at,-0.05223701749999954,-0.2300828108779016,0.8271443124665875,0.960612557212038,PA4972,False
PA4973_thiC_at,-0.43737011665000036,-2.3017195906803156,0.06962286225128665,0.3395196082941783,PA4973,False
PA4974_at,-0.40894074229999866,-2.19793139001723,0.07930023147635054,0.3646571581795307,PA4974,False
PA4975_at,0.017997013550000496,0.11412310077208018,0.9135812028418789,0.9785876178211647,PA4975,False
PA4976_aspC_at,0.2116965868999996,1.0457139210564053,0.34358922607173353,0.7336820831306067,PA4976,False
PA4977_at,0.5343974245499998,2.3527596277074516,0.06533577619509044,0.3291508752837253,PA4977,False
PA4978_at,0.2507916728499997,1.5423438303309294,0.18363188630896127,0.5664870455002863,PA4978,False
PA4979_at,0.020371222649999687,0.13206077532139565,0.9000859506271544,0.9768224065773544,PA4979,False
PA4980_at,-0.020053735750000357,-0.0906752077607421,0.9312711495351361,0.9847818379182003,PA4980,False
PA4981_at,-0.03276354585000085,-0.19389531793909756,0.8538890497945518,0.9664709764685491,PA4981,False
PA4982_at,0.058498172300000206,0.3738183053834152,0.7238665651781471,0.9261683535206953,PA4982,False
PA4983_at,0.3576018906500007,1.9141224671505574,0.11378303587004959,0.44715077531784103,PA4983,False
PA4984_at,0.3058010944999996,1.7079297465507726,0.1483524635539141,0.5076759305106618,PA4984,False
PA4985_at,0.17302551199999883,1.0714321953151815,0.33294426542681704,0.725541545752998,PA4985,False
PA4986_at,-0.12605190865000004,-0.6662987087413856,0.5347256349563952,0.8501877599549816,PA4986,False
PA4987_at,-0.06768238925000025,-0.437377900719087,0.6800836793545413,0.9114236194628483,PA4987,False
PA4988_waaA_at,0.15611421734999986,0.7901464983591384,0.46524818603035323,0.81641282802254,PA4988,False
PA4989_at,-0.10159863194999996,-0.5424159078060035,0.6108237744289491,0.88231165990413,PA4989,False
PA4990_at,-0.19790884804999997,-1.255319790516801,0.26483532130436166,0.6645802547909756,PA4990,False
PA4991_at,-0.22476853325000068,-1.3837551069531497,0.2250215196928669,0.621820030475218,PA4991,False
PA4992_at,0.21938448970000035,1.2443771576811524,0.2685103839067008,0.6660143782869115,PA4992,False
PA4993_at,0.6762396397499995,4.274221683341668,0.007906896363128866,0.1016381337607395,PA4993,False
PA4994_at,0.11592756409999971,0.6226559660256108,0.5608046570498687,0.8631485328685342,PA4994,False
PA4995_at,0.24632011100000017,1.3745220143978878,0.22768649648916167,0.6240332480876686,PA4995,False
PA4996_rfaE_at,0.10189326270000088,0.5694237053826937,0.5936958240277244,0.87691182439829,PA4996,False
PA4997_msbA_at,-0.31373304800000046,-1.8747274580122832,0.11968445681152964,0.45940106198725145,PA4997,False
PA4998_at,-0.57153535585,-3.3467148808103295,0.020402004171388047,0.17558128227978875,PA4998,False
PA4999_at,-0.15671888735000028,-0.9042745138861873,0.40730691938795993,0.7792077297917288,PA4999,False
PA5000_at,0.2938512014499999,1.3740701724163957,0.22781767133794215,0.6240332480876686,PA5000,False
PA5001_at,-0.3925520863500003,-2.4361764137316486,0.05893052186262601,0.31272759260588506,PA5001,False
PA5002_at,-0.33415516535000034,-2.162227153915484,0.08295326833930439,0.3728067881522524,PA5002,False
PA5003_at,-0.24530175665000087,-1.5244798119930065,0.1878992410524981,0.5709731196876634,PA5003,False
PA5004_at,-0.55041831535,-3.1610697688031766,0.025065006493978602,0.19856342964139712,PA5004,False
PA5005_at,-0.4092270196499994,-2.6486747189362307,0.045498880404875305,0.27456553705252795,PA5005,False
PA5006_at,-0.04074836144999949,-0.2433897005128838,0.8173738660461378,0.9574709315240111,PA5006,False
PA5007_at,-0.1252522208500002,-0.69524211038711,0.517882708147054,0.8433850004784389,PA5007,False
PA5008_at,-0.09536725864999962,-0.6173609492977887,0.5640236978083712,0.8644421691046412,PA5008,False
PA5009_waaP_at,0.00933140560000112,0.05814234161578819,0.9558873771145133,0.988925396370607,PA5009,False
PA5010_waaG_at,-0.13718658390000016,-0.5586559352952633,0.6004897198453784,0.8796707799607085,PA5010,False
PA5011_waaC_at,-0.09469273355000052,-0.5994379067759928,0.5750067607074434,0.8694911453485579,PA5011,False
PA5012_waaF_at,-0.09615192169999975,-0.6047688597614218,0.5717260372929867,0.868430666681381,PA5012,False
PA5013_ilvE_at,-0.5376560823999998,-3.132663995285682,0.02587953213094206,0.2024836250620265,PA5013,False
PA5014_glnE_at,0.1410020440999995,0.8986747536420356,0.41001286702290934,0.7814980716445111,PA5014,False
PA5015_aceE_at,-0.3420877459000007,-2.156688487907732,0.08353578626388543,0.37334217004497317,PA5015,False
PA5016_aceF_at,-0.33374149535,-0.9254357637676286,0.3972084332853542,0.7716068773325395,PA5016,False
PA5017_at,0.3322073106999994,1.9436784279520496,0.1095534525314448,0.43840803259331607,PA5017,False
PA5018_msrA_at,0.3555705167499994,2.3027196134632373,0.06953601723294746,0.3394765687882846,PA5018,False
PA5019_at,-0.12009894995000003,-0.731544348613011,0.4972764682359283,0.8329451599421382,PA5019,False
PA5020_at,-0.012426349750001009,-0.07863547273165737,0.9403726203797158,0.9865867440986119,PA5020,False
PA5021_at,-0.11795096964999985,-0.6859866584961606,0.5232290296495834,0.8465240076447071,PA5021,False
PA5022_at,-0.15287721460000014,-0.9298732548219634,0.39511625892871216,0.7683211836064958,PA5022,False
PA5023_at,0.43218066785,2.291339756028711,0.07053119087244034,0.34168443578204427,PA5023,False
PA5024_at,-0.3140956344000001,-1.7125414109093542,0.14747313776328297,0.5061381276237222,PA5024,False
PA5025_metY_at,0.6095167074000001,3.806853492155228,0.01254030614591039,0.1343188336056525,PA5025,False
PA5026_at,0.3983977007499995,1.5715707993976273,0.17685323142514237,0.553406762449967,PA5026,False
PA5027_at,2.91618156885,18.299387071022263,8.960352711749102e-06,0.0037321889738165344,PA5027,True
PA5028_at,-0.057042737999999815,-0.34565658290231316,0.7436689355075833,0.9330925994737957,PA5028,False
PA5029_at,0.1600097068499995,0.9898161050535518,0.36771466840245753,0.748657398207148,PA5029,False
PA5030_at,-0.031080014049999605,-0.18051077033356638,0.8638399839161816,0.968743750798087,PA5030,False
PA5031_at,0.10608593135,0.5517618672466066,0.6048638641520316,0.880525985050829,PA5031,False
PA5032_at,0.10690979075000007,0.6034241031778619,0.5725525027903963,0.868430666681381,PA5032,False
PA5033_at,0.10085174839999977,0.6380485485362504,0.5515140710314321,0.8608358053808034,PA5033,False
PA5034_hemE_at,-0.24916547295000058,-0.9318408876599602,0.39419138646039914,0.7681823864274473,PA5034,False
PA5035_gltD_at,-0.29000438245000026,-0.9175813966236763,0.40093321409656546,0.7760005115100056,PA5035,False
PA5036_gltB_at,-0.5906648143499993,-3.057736191352806,0.028174616642267707,0.21129999590565507,PA5036,False
PA5037_at,-0.13857914949999994,-0.7172898937290393,0.5052983917255417,0.8363812241303636,PA5037,False
PA5038_aroB_at,-0.021892446649999897,-0.11742932618687603,0.9110911535138347,0.9779955293250645,PA5038,False
PA5039_aroK_at,-0.027740487550000026,-0.1204357232340826,0.9088279200353212,0.9779955293250645,PA5039,False
PA5040_pilQ_at,0.9202941029499998,4.340649531872841,0.0074243513904201355,0.09763466925051868,PA5040,False
PA5041_pilP_at,0.9860133535500006,3.6378313909329894,0.014937386324967094,0.14692865690378082,PA5041,False
PA5042_pilO_at,0.5340459840500005,2.382036898183184,0.06300579169126709,0.3231464791485649,PA5042,False
PA5043_pilN_at,1.1693618563500001,5.9377326974645355,0.0019342716367404982,0.04345466738112432,PA5043,True
PA5044_pilM_at,1.03579650975,6.176977460550336,0.0016203129371096284,0.0398848068141632,PA5044,True
PA5045_ponA_at,-0.046183604849999504,-0.29166416325583444,0.7822566873031419,0.9477613507551366,PA5045,False
PA5046_at,-2.428979049899999,-12.37504144796389,6.104584456802769e-05,0.007954782341516144,PA5046,True
PA5047_at,0.02404350425000068,0.10005630232662542,0.9241876512686544,0.9831634475386024,PA5047,False
PA5048_at,0.07403830755000129,0.31278887723646065,0.7670666083948903,0.9417926693809605,PA5048,False
PA5049_rpmE_at,-1.3920629933499997,-3.5759502380376036,0.015942987897838642,0.15283457128123493,PA5049,False
PA5050_priA_at,0.06604132899999993,0.3233777084837977,0.7594963847221364,0.9403203852199687,PA5050,False
PA5051_argS_at,0.08332266329999971,0.27524259101851734,0.7941418119440795,0.9519062014148348,PA5051,False
PA5052_at,-0.3796266160999995,-1.4837498948777013,0.1979915562997067,0.5873882562399565,PA5052,False
PA5053_hslV_at,1.5805778086500002,2.4482500304684023,0.05806123957064959,0.30927462091660046,PA5053,False
PA5054_hslU_at,1.3867647019499998,4.781419109090537,0.004964405934583417,0.07700671810166018,PA5054,False
PA5055_at,0.2171624690499998,1.1129904188105195,0.31633847153447686,0.710403755609283,PA5055,False
PA5056_phaC1_at,0.4552200487500002,2.858481773625734,0.035469474089352845,0.23859808513134953,PA5056,False
PA5057_phaD_at,0.2315055606499996,1.4163361113625417,0.21585071475131193,0.6101687824673924,PA5057,False
PA5058_phaC2_at,0.08408754285000075,0.4756970670116076,0.6543471787970814,0.9021158247267792,PA5058,False
PA5059_at,0.3292407856500006,2.1014939236337136,0.08958326939110285,0.3900052689615617,PA5059,False
PA5060_phaF_at,1.1836251116499996,5.5697142901587355,0.002568845134940162,0.05195952736858348,PA5060,False
PA5061_at,0.34341671050000055,1.9544362246254947,0.10805471100182126,0.4345897261814231,PA5061,False
PA5062_at,0.2681250907999999,1.522082224076319,0.1884792661158842,0.571849979566028,PA5062,False
PA5063_ubiE_at,-0.2270724471000003,-0.6159353724112359,0.5648923700130059,0.8644421691046412,PA5063,False
PA5064_at,-0.04935944044999907,-0.31842232196101056,0.7630353815766625,0.9403203852199687,PA5064,False
PA5065_at,-0.05706537629999886,-0.36176335951797917,0.7323144276094489,0.9291663550138427,PA5065,False
PA5066_hisI_at,-0.08727481609999899,-0.329775956191272,0.7549367999762981,0.939044379683113,PA5066,False
PA5067_hisE_at,-0.13393371590000047,-0.47463325421642816,0.6550546116295107,0.9021158247267792,PA5067,False
PA5068_tatA_at,-0.24158292634999956,-1.0062206855129225,0.36049284479244803,0.7439801663160934,PA5068,False
PA5069_tatB_at,-0.37165088409999925,-1.392908711944683,0.2224084888851621,0.6186655791956824,PA5069,False
PA5070_tatC_at,-0.33477564740000076,-2.037243051065148,0.09720964123740863,0.4107508602465092,PA5070,False
PA5071_at,-0.07361495590000011,-0.470837315852575,0.6575822407450436,0.9030632452228946,PA5071,False
PA5072_at,-0.047309882500000455,-0.15873738693529563,0.8800881405639815,0.9715020168102003,PA5072,False
PA5073_at,0.16112667315000095,0.9566408671562914,0.3826825917981722,0.7609298358572439,PA5073,False
PA5074_at,-0.5978418113000008,-3.2898616785526347,0.021716832565387686,0.18182827379782635,PA5074,False
PA5075_at,-0.6052748924000007,-3.4430839216740514,0.01837413730094379,0.16473860542538213,PA5075,False
PA5076_at,-1.1491588855000003,-6.745856418982213,0.0010862795135378133,0.03141074288584601,PA5076,True
PA5077_mdoH_at,0.10502359734999978,0.5666571456629873,0.5954369300988193,0.8780042610613032,PA5077,False
PA5078_at,-0.6409181096500003,-3.361741896264328,0.020069707986547645,0.17446512081517207,PA5078,False
PA5079_at,-0.05128284199999911,-0.25390968227128097,0.8096760965543173,0.9565944408508052,PA5079,False
PA5080_at,-0.024399778650000314,-0.13036941831898854,0.9013568768249147,0.9768224065773544,PA5080,False
PA5081_at,-0.041277494000000026,-0.24177757813742098,0.8185555932486139,0.9576661144626002,PA5081,False
PA5082_at,0.1061596570999992,0.6504123479980359,0.5441244640489007,0.8556611749524253,PA5082,False
PA5083_at,-0.001111949700000281,-0.006772066644064153,0.9948586035536924,0.9995707784437029,PA5083,False
PA5084_at,0.15316232060000035,0.7647861277314105,0.47892005403137566,0.8233483706293875,PA5084,False
PA5085_at,0.5516933323500002,3.322329084741361,0.02095460513473301,0.17695667980349855,PA5085,False
PA5086_at,0.09570141684999989,0.6008735774970602,0.5741220752514617,0.8687101632211064,PA5086,False
PA5087_at,0.09142677514999997,0.5758559641198768,0.5896596977706354,0.8759445710736805,PA5087,False
PA5088_at,0.2998838741000003,1.4853682719868693,0.19758073988409985,0.587057160503691,PA5088,False
PA5089_at,0.05079147174999932,0.3270867477934261,0.7568518468864357,0.9403203852199687,PA5089,False
PA5090_at,-0.10443231245000018,-0.5513143319249314,0.6051484694066235,0.880525985050829,PA5090,False
PA5091_hutG_at,0.3146364668999997,1.9135640443853277,0.11386455559902559,0.44715077531784103,PA5091,False
PA5092_hutI_at,-0.040606502099999275,-0.23505770122605602,0.8234872847125776,0.9584142186550254,PA5092,False
PA5093_at,0.2162626691499998,1.174475587084059,0.2930904402409084,0.6878510092735195,PA5093,False
PA5094_at,0.20840959465000086,1.2786459536738484,0.2571535971384882,0.6544380045854308,PA5094,False
PA5095_at,0.28301913235000065,1.4537288015694447,0.20576280959019447,0.5995418187477776,PA5095,False
PA5096_at,0.028701276700000555,0.18633216518501156,0.8595083386218069,0.968743750798087,PA5096,False
PA5097_at,0.024750928350000034,0.1604332259000077,0.8788201120553427,0.9713567895581238,PA5097,False
PA5098_hutH_at,0.02938439430000006,0.15962817317433534,0.8794220224912243,0.9713567895581238,PA5098,False
PA5099_at,0.04897816524999987,0.20339854288955717,0.8468422669446047,0.9658038332175826,PA5099,False
PA5100_hutU_at,0.26786261915000065,1.420900766480038,0.21459448906959666,0.6088040778792285,PA5100,False
PA5101_at,0.28016872400000015,1.7757341967649354,0.1359397824052158,0.48543820376893027,PA5101,False
PA5102_at,-0.018446038049999558,-0.09077965865754506,0.9311922393865452,0.9847818379182003,PA5102,False
PA5103_at,0.0759594341500005,0.43927153316528106,0.6787997734729376,0.910405918332983,PA5103,False
PA5104_at,0.2407597820499996,1.3760224255298912,0.22725141882652458,0.6240332480876686,PA5104,False
PA5105_hutC_at,0.13239534020000043,0.7457074058652818,0.48939527653069825,0.8284956709012509,PA5105,False
PA5106_at,0.16558485510000054,0.8071200170659248,0.45625915785465887,0.810660592847692,PA5106,False
PA5107_blc_at,-0.1417832573500002,-0.8649772659926636,0.4265944791875295,0.7911194174962884,PA5107,False
PA5108_at,0.11780864300000005,0.7389659058801231,0.49313553474573024,0.8302619443688125,PA5108,False
PA5109_at,-0.1227383528499999,-0.7148373497111009,0.5066876610156652,0.8375073217461964,PA5109,False
PA5110_fbp_at,-0.050647271649999936,-0.21002884665035285,0.8419353453342043,0.9650694143402389,PA5110,False
PA5111_gloA3_at,-0.07297078504999988,-0.3623382203372243,0.7319105869749144,0.9291066875804453,PA5111,False
PA5112_estA_at,0.06659514625000096,0.3457095850255006,0.743631448108732,0.9330925994737957,PA5112,False
PA5113_at,-0.15553744580000028,-0.9104201092340233,0.4043534321897194,0.7767703335080576,PA5113,False
PA5114_at,-0.13797826779999944,-0.7432452223758391,0.49075897754292314,0.8287631291476119,PA5114,False
PA5115_at,0.1684180244500002,1.0420644431678945,0.3451228399181325,0.7340412245299222,PA5115,False
PA5116_at,0.1349795629499999,0.6591197929817479,0.5389594434966555,0.8513828178542833,PA5116,False
PA5117_typA_at,-1.5917678754000004,-6.816044596821389,0.001036002370958021,0.030642763595270916,PA5117,True
PA5118_thiI_at,-0.69022154505,-4.418230280247306,0.0069033598363789275,0.09506370563560775,PA5118,False
PA5119_glnA_at,-0.4126888423999979,-2.352318045785047,0.06537162303885063,0.3291508752837253,PA5119,False
PA5120_at,0.0188743281999999,0.10607907879219786,0.9196441079959168,0.9806506362456895,PA5120,False
PA5121_at,0.034297150550000044,0.22199383247129875,0.8331010720469595,0.9620625681907795,PA5121,False
PA5122_at,0.32290184300000035,1.7580988372237762,0.13906355076711846,0.4900714227648822,PA5122,False
PA5123_at,0.12580165834999946,0.6668183235147109,0.5344200519859276,0.8500287972850671,PA5123,False
PA5124_ntrB_at,0.046861414400000356,0.2924322596355382,0.7817023911727465,0.9477613507551366,PA5124,False
PA5125_ntrC_at,-0.11470301794999926,-0.5739734459469419,0.5908392103710645,0.875989821723951,PA5125,False
PA5126_at,-0.14970981439999953,-0.7365861021461734,0.49446070494912225,0.8308294916730041,PA5126,False
PA5127_at,0.25931229994999994,1.6177756450240397,0.16663480080024867,0.540300159837539,PA5127,False
PA5128_secB_at,-2.133198817150001,-10.687656595488692,0.0001241635752557584,0.009876037891289107,PA5128,True
PA5129_grx_at,-1.0015532034500012,-5.416378995257045,0.0029035734474458287,0.05541443945966287,PA5129,False
PA5130_at,-1.0906672692,-3.272013919148925,0.022149169550550452,0.18286865939658942,PA5130,False
PA5131_pgm_at,-1.0965440178000012,-3.859050138752845,0.011891442549144567,0.13058401276915096,PA5131,False
PA5132_at,0.027021647799999826,0.1574705251341756,0.8810356764996661,0.9720292393396504,PA5132,False
PA5133_at,-0.30985902254999953,-1.3308844789187029,0.2406865029666677,0.635804725939017,PA5133,False
PA5134_at,-0.3938656594500003,-2.3803721516291994,0.06313584228551955,0.32342695186472414,PA5134,False
PA5135_at,-0.014474629799999583,-0.08072594757782392,0.9387915349025839,0.9864272489053094,PA5135,False
PA5136_at,0.011011469100000504,0.06859192190202504,0.9479730417695599,0.9885470903369254,PA5136,False
PA5137_at,0.07066482435000054,0.40005965550244565,0.705631907999536,0.9219928867228585,PA5137,False
PA5138_at,-0.21810039250000024,-1.3338397867067504,0.23978469820982473,0.6357786141769751,PA5138,False
PA5139_at,-0.4029724410500002,-2.240452190964579,0.0751719705030418,0.35425317724652045,PA5139,False
PA5140_hisF1_at,-0.36003436145000034,-2.2259623837803137,0.0765523869909991,0.3587478899912585,PA5140,False
PA5141_hisA_at,-0.5936535902999998,-3.6375124828955743,0.014942379645432591,0.14692865690378082,PA5141,False
PA5142_hisH1_at,-0.9073172018999998,-4.393384484885912,0.007065457731646653,0.09551350214531605,PA5142,False
PA5143_hisB_at,-0.6504000739500011,-2.502742322029874,0.05430765052950773,0.2981854766946665,PA5143,False
PA5144_i_at,0.060727579149999045,0.3702565899655086,0.7263579805358121,0.9264015327050465,PA5144,False
PA5145_at,0.27450997740000105,1.2730047630116819,0.2589924655650202,0.6574585464665744,PA5145,False
PA5146_at,-0.23874549474999984,-1.5235684644558998,0.1881195099382935,0.5710528290339326,PA5146,False
PA5147_mutY_at,-0.3529497263000003,-1.9742667799236906,0.10534754964703405,0.4291181157248737,PA5147,False
PA5148_at,-0.7359238633,-2.8000726452318636,0.03799036684918405,0.24901035553930656,PA5148,False
PA5149_at,-0.0795260781999989,-0.48754603155477105,0.6464955581040192,0.8972583954256677,PA5149,False
PA5150_at,0.13501992670000007,0.8151604139722023,0.4520463242227387,0.8077549072176806,PA5150,False
PA5151_at,-0.04293329784999944,-0.2650214861970809,0.801571704080657,0.9547965555015031,PA5151,False
PA5152_at,0.7041827751499987,1.9255921406517835,0.11212195194961914,0.4437280737954091,PA5152,False
PA5153_at,0.4000802517499995,2.420903426714576,0.06005044534736923,0.31558653688804933,PA5153,False
PA5154_at,0.08286891470000013,0.5076918001004516,0.6332654252684708,0.8897718150267977,PA5154,False
PA5155_at,0.02038064640000048,0.1326714736896326,0.8996271404152179,0.9768224065773544,PA5155,False
PA5156_at,0.07273153464999993,0.4299063676579014,0.6851614307031936,0.9133100369862714,PA5156,False
PA5157_at,0.3292307486999997,2.043775233678925,0.09640403259345427,0.40890034238621126,PA5157,False
PA5158_at,-0.12778863739999924,-0.5150328624271677,0.6284823688405337,0.8884273619661383,PA5158,False
PA5159_at,-0.1937514392499997,-0.9298537831550916,0.3951254201115975,0.7683211836064958,PA5159,False
PA5160_at,0.016811620449999953,0.0766672858626427,0.9418615008651473,0.9870191639405336,PA5160,False
PA5161_rmlB_at,-0.29109892670000015,-1.359151266896357,0.23218881695216245,0.629561682552716,PA5161,False
PA5162_rmlD_at,-0.20131242895000057,-1.268830026479039,0.26036103918382253,0.6597008508979678,PA5162,False
PA5163_rmlA_at,-0.8774396303499996,-4.707208924737127,0.00530282627608268,0.0796235598495476,PA5163,False
PA5164_rmlC_at,-0.05966365365000037,-0.32450747325542895,0.7586904678436625,0.9403203852199687,PA5164,False
PA5165_at,0.3941600731500001,2.2081476315131585,0.07828675821630025,0.36300716587605514,PA5165,False
PA5166_at,-0.3114500704499994,-2.0141176753992234,0.10011882486746641,0.41811391029239886,PA5166,False
PA5167_at,0.48794312410000007,2.4041518549396876,0.061305382779786095,0.32018055283213925,PA5167,False
PA5168_at,-0.053245008899999835,-0.3187052609296066,0.7628331367936122,0.9403203852199687,PA5168,False
PA5169_at,-0.04787250479999994,-0.2922166133534132,0.7818579973228927,0.9477613507551366,PA5169,False
PA5170_arcD_at,4.69455426425,22.267728628530914,3.393013636404729e-06,0.003156514640059722,PA5170,True
PA5171_arcA_at,5.4941828781,21.237970302492744,4.290199986489598e-06,0.003156514640059722,PA5171,True
PA5172_arcB_at,5.2430222581,32.31521931023456,5.331172578641206e-07,0.0024296733670220285,PA5172,True
PA5173_arcC_at,2.7997715393,12.384598084227106,6.0817039112027816e-05,0.007954782341516144,PA5173,True
PA5174_at,-1.1527125173000003,-6.966213453584249,0.0009373805303586813,0.02888702513974449,PA5174,True
PA5175_cysQ_at,0.03942493164999972,0.25227332171681766,0.8108718936536279,0.9572386614611419,PA5175,False
PA5176_at,0.0058744474000000935,0.0299573384782946,0.9772600692165881,0.9950099926325614,PA5176,False
PA5177_at,0.16997649794999958,0.8659170140445623,0.4261251163964767,0.7909987462519585,PA5177,False
PA5178_at,0.2674984697999996,1.4532872054191928,0.20587927536702397,0.5995418187477776,PA5178,False
PA5179_at,0.3434534636999995,2.2043552890784284,0.07866134673700936,0.36300716587605514,PA5179,False
PA5180_at,0.31083918959999934,1.8105887790984732,0.1299738632819455,0.47576253686413633,PA5180,False
PA5181_at,0.4054089896999997,2.559140840054823,0.05069949335961479,0.29182894869657827,PA5181,False
PA5182_at,0.7385027394499994,2.766724254021945,0.03951839025686292,0.2530327825761595,PA5182,False
PA5183_at,0.19422629665000013,1.0963505111166174,0.3228998365846536,0.7166623069899213,PA5183,False
PA5184_at,0.07276158439999936,0.4488407589934324,0.6723306626260671,0.9101513983939813,PA5184,False
PA5185_at,0.14109197785000038,0.9139465631598808,0.402666327457458,0.7763164112068778,PA5185,False
PA5186_at,0.05990542425000012,0.38114274044987895,0.7187553241801815,0.924053348898532,PA5186,False
PA5187_at,0.10524955610000042,0.6132436591462833,0.5665348798226943,0.8656864752430891,PA5187,False
PA5188_at,0.2636442194499997,1.6359259462371039,0.1627822050085546,0.5328899102782827,PA5188,False
PA5189_at,0.09143208679999937,0.5894763535103108,0.5811686790237542,0.8704645258083435,PA5189,False
PA5190_at,-0.2052368002499989,-1.150573793927797,0.3019434257908414,0.6971899293234811,PA5190,False
PA5191_at,0.44579957925,1.8662814965236125,0.12099018932455968,0.4620119611104075,PA5191,False
PA5192_pckA_at,-1.3968112922000007,-4.618403892491058,0.005743703377080925,0.08333279333911552,PA5192,False
PA5193_yrfI_at,-0.823038491050001,-3.7917494926711126,0.01273557777558494,0.1352121392339176,PA5193,False
PA5194_at,-0.05167670304999916,-0.282888148047269,0.7886002110107614,0.95049202662675,PA5194,False
PA5195_at,0.4044303029000007,2.6012162996397916,0.04817853740516938,0.28413576991756434,PA5195,False
PA5196_at,-0.1175760394499985,-0.5301419835030072,0.6187029537206243,0.8840952051428437,PA5196,False
PA5197_rimK_at,0.32119629999999955,1.6726501857902958,0.155255597719882,0.5186347606011495,PA5197,False
PA5198_at,0.20019976994999933,1.1018715319717236,0.32070991293506435,0.7154840942772229,PA5198,False
PA5199_envZ_at,0.2753914613499999,1.6667639828607537,0.1564382178294423,0.5219928288798739,PA5199,False
PA5200_ompR_at,0.20030095755000055,0.9926996777279746,0.36643665145771975,0.7477572906800188,PA5200,False
PA5201_at,-0.6474121085999993,-3.776736467499231,0.012933135302190894,0.1352121392339176,PA5201,False
PA5202_at,-0.06548636294999977,-0.3568895332702748,0.7357422323238205,0.9305276192227117,PA5202,False
PA5203_gshA_at,0.04616101155000063,0.2397004204160549,0.8200790085183196,0.9578426542611856,PA5203,False
PA5204_argA_at,0.21996581319999997,1.429677145211816,0.21219865706950639,0.6071955738994238,PA5204,False
PA5205_at,0.2682122182000004,1.539634951213796,0.18427285928655235,0.5676963566577992,PA5205,False
PA5206_argE_at,0.4672482531499993,2.3719469389619348,0.06379848782419673,0.32540545869429977,PA5206,False
PA5207_at,0.11895217334999986,0.7157170106579441,0.5061890624439189,0.8373886513616939,PA5207,False
PA5208_at,1.15543165455,4.3601069401084604,0.0072895268005486675,0.09663548366673301,PA5208,False
PA5209_at,-0.06264762364999932,-0.40009404943347215,0.7056081510293988,0.9219928867228585,PA5209,False
PA5210_at,-0.1750752120000003,-1.1001713049858068,0.32138294291509906,0.715610716753875,PA5210,False
PA5211_at,0.5102982995999996,3.277704639707058,0.022010271949989262,0.18286865939658942,PA5211,False
PA5212_i_at,1.7205134532499997,6.7477831020268955,0.001084861419348419,0.03141074288584601,PA5212,True
PA5213_gcvP1_at,0.19888197670000007,1.070413619642418,0.3333604671218198,0.7259192413906888,PA5213,False
PA5214_gcvH1_at,-0.35740155139999974,-1.9567138885465838,0.10774013416517157,0.43405778897754954,PA5214,False
PA5215_gcvT1_at,-0.09786004094999967,-0.5823577343819738,0.585597016850324,0.8741984390023763,PA5215,False
PA5216_at,0.0003526048000006554,0.0021405909213090568,0.9983748362215374,0.9995707784437029,PA5216,False
PA5217_at,0.05706094525000083,0.2761363023349739,0.7934933192779169,0.9519062014148348,PA5217,False
PA5218_at,0.1985347607000003,1.1038012682014062,0.3199475060149595,0.7152608441208965,PA5218,False
PA5219_at,0.004720290299999874,0.029612986930779017,0.9775213664057276,0.9951039022248552,PA5219,False
PA5220_at,0.11525538869999963,0.696978816116222,0.5168836922775023,0.8433850004784389,PA5220,False
PA5221_at,-0.07105781455000004,-0.45769975671151836,0.6663701787824788,0.9074571680385142,PA5221,False
PA5222_at,-0.39324915260000015,-2.4968346764848244,0.05470152185173865,0.2997887873550593,PA5222,False
PA5223_ubiH_at,-0.3557892486500007,-2.2370077372579122,0.07549768984821124,0.35521934648007303,PA5223,False
PA5224_pepP_at,-0.2954728552999999,-1.7726662127694635,0.13647806249721584,0.4859708867868193,PA5224,False
PA5225_at,-0.20435708785000095,-0.7890047468595972,0.46585750072423787,0.81641282802254,PA5225,False
PA5226_at,0.7246500792999999,2.8646464500774886,0.03521444229470888,0.23824391649040974,PA5226,False
PA5227_at,0.7034471930499997,2.513775185907663,0.05358032776248497,0.29612564245069156,PA5227,False
PA5228_at,0.5182703403000009,2.923087604772215,0.03289558288322551,0.23022996533967346,PA5228,False
PA5229_at,0.6781927701999999,2.8864936340022824,0.03432691885489665,0.23412311052134613,PA5229,False
PA5230_at,0.5845693415,2.3192633956184,0.06811607670874428,0.33565489198573606,PA5230,False
PA5231_at,1.4412818251,8.148455048032718,0.00045214950794198085,0.019784471162625304,PA5231,True
PA5232_at,2.4606616186000005,12.650697930741057,5.483873647224455e-05,0.007862149028540983,PA5232,True
PA5233_at,0.18661609639999988,1.0758050239680774,0.33116250873810815,0.7235072582738843,PA5233,False
PA5234_at,0.10645163234999977,0.6011998776785711,0.5739211223959347,0.8686913489179267,PA5234,False
PA5235_glpT_at,-0.19716921779999907,-1.2356405429478206,0.27147766547672714,0.6685665309882775,PA5235,False
PA5236_at,0.06236962519999967,0.35133001443110545,0.7396608134772369,0.9316038727402709,PA5236,False
PA5237_at,-0.2480590922000001,-1.2623011424985506,0.26251458817945295,0.6620991061474077,PA5237,False
PA5238_at,0.1731897475499995,1.0149159176361893,0.35671280889339485,0.7419122237266862,PA5238,False
PA5239_rho_at,-0.4423428692999991,-2.1945307850288773,0.07964067167262727,0.36484834107016156,PA5239,False
PA5240_trxA_at,-0.5388474816500004,-1.637590029489471,0.16243343515845807,0.5326368798566486,PA5240,False
PA5241_ppx_at,-0.0076830726499999,-0.049194071284556884,0.962669269629058,0.9909533614964385,PA5241,False
PA5242_ppk_at,0.33961755889999967,1.3212716713745267,0.2436416427597828,0.6396408159161827,PA5242,False
PA5243_hemB_at,0.5780717778,2.5112330100238234,0.05374696940272473,0.2962984277288447,PA5243,False
PA5244_at,-0.08312604344999919,-0.4315796240402331,0.6840226123254856,0.9133100369862714,PA5244,False
PA5245_at,0.012920331950000197,0.06101623162407222,0.9537101227054983,0.988925396370607,PA5245,False
PA5246_at,0.26564664979999986,1.5205961284388603,0.18883965515337062,0.5726482278375783,PA5246,False
PA5247_at,0.4120612234000003,2.3629154678755357,0.06451716880010543,0.3272416010288815,PA5247,False
PA5248_at,-0.13763274899999978,-0.8656190881708905,0.4262738741269474,0.7909987462519585,PA5248,False
PA5249_at,0.4371121817499999,1.5290281083629398,0.18680367792379834,0.5708069423484791,PA5249,False
PA5250_at,-0.2072572081499997,-0.6474814823304462,0.5458702851746086,0.8567979996100656,PA5250,False
PA5251_at,0.12928427155000044,0.7889910436503628,0.46586481722911016,0.81641282802254,PA5251,False
PA5252_at,-0.11014871560000028,-0.6619340860113647,0.537297049825748,0.8510577059403533,PA5252,False
PA5253_algP_at,0.4088705730000015,1.8609073330377548,0.12182863784469246,0.4635569786565346,PA5253,False
PA5254_at,0.22585613310000063,1.3185266028027476,0.24449167442703004,0.6405879015333511,PA5254,False
PA5255_algQ_at,0.005691505799999774,0.019168675999624366,0.9854479540906234,0.9970322577668501,PA5255,False
PA5256_dsbH_at,-0.0010304125500004702,-0.00644476664872016,0.9951070875769745,0.9995707784437029,PA5256,False
PA5257_at,-0.37356444795000066,-2.012904266311825,0.10027396605132469,0.41811391029239886,PA5257,False
PA5258_at,0.008857631299999724,0.041262122370983575,0.9686839074197171,0.9937324481559858,PA5258,False
PA5259_hemD_at,0.06365021224999978,0.4096734307405694,0.6990062556902831,0.9211459633468115,PA5259,False
PA5260_hemC_at,0.37822152040000034,1.5663186958014814,0.17805304584763768,0.5546718417538335,PA5260,False
PA5261_algR_at,0.43457216889999906,1.8855255414152663,0.11803617153123577,0.4557071568668282,PA5261,False
PA5262_algZ_at,0.1573196713500007,0.8192869139862434,0.4498955262637379,0.8049850793722205,PA5262,False
PA5263_argH_at,-0.6288723686499997,-3.8380252208718755,0.012148059366259295,0.131440215863607,PA5263,False
PA5264_at,0.1292379128500003,0.7678665963728838,0.47724397344630254,0.8230564392945308,PA5264,False
PA5265_at,-0.027978911449999977,-0.1610674770401006,0.8783459694697402,0.9713567895581238,PA5265,False
PA5266_at,-0.029082841899999323,-0.18781768016043704,0.8584038704624697,0.968096620274794,PA5266,False
PA5268_corA_at,0.08134884440000079,0.47490446597055697,0.6548742175060122,0.9021158247267792,PA5268,False
PA5269_at,0.4720482247499991,2.2766879764697703,0.0718350686690284,0.3439551559777162,PA5269,False
PA5270_at,0.07944400745000024,0.3909854982294871,0.7119129171639198,0.9233164875819249,PA5270,False
PA5271_at,0.3004104497500002,1.373664245001026,0.22793557717776078,0.6240332480876686,PA5271,False
PA5272_cyaA_at,-0.006927875349999724,-0.03464508501760207,0.973703300303247,0.9941400911682414,PA5272,False
PA5273_at,-0.20349411894999925,-1.2640141376931693,0.26194799205120767,0.661641643674372,PA5273,False
PA5274_rnk_at,-0.46406264975000067,-1.4590597410071848,0.2043618040979022,0.5987424484421365,PA5274,False
PA5275_at,0.8020264683500002,3.49422986274347,0.017391489831090737,0.16044876041661454,PA5275,False
PA5276_lppL_i_at,0.0451198674000004,0.08565592175017411,0.9350641362703473,0.9856817673659057,PA5276,False
PA5277_lysA_at,0.1259115253999994,0.6815953775042706,0.5257786873563658,0.8476399216049216,PA5277,False
PA5278_dapF_at,-0.1330101584000003,-0.7541606788924707,0.48473392778614605,0.8268057339639412,PA5278,False
PA5279_at,0.22453486444999982,1.1876400222046728,0.2883131952313612,0.6843923358411268,PA5279,False
PA5280_sss_at,-0.26450445940000034,-1.572758615066764,0.17658298226911495,0.552855017891495,PA5280,False
PA5281_at,0.058543011149999824,0.3660971239865995,0.7292723808383008,0.9280039336791278,PA5281,False
PA5282_at,0.26395332790000037,1.5867301131290483,0.1734344823750482,0.5506123857926287,PA5282,False
PA5283_at,0.09907123250000005,0.4655089142802473,0.661139062339274,0.9061273847359798,PA5283,False
PA5284_at,-0.0435482734999999,-0.2784544198160063,0.7918121352762089,0.9513555075943022,PA5284,False
PA5285_at,-2.1083315241499996,-8.687307029518129,0.00033428522532009193,0.01612789210027919,PA5285,True
PA5286_at,-1.0569337636499991,-5.6885988418745566,0.0023402349694210648,0.04943544351354942,PA5286,True
PA5287_amtB_at,0.014765324600000795,0.07917451006058417,0.9399649010065855,0.9865866012308714,PA5287,False
PA5288_glnK_at,0.6908969172499999,4.132364035833771,0.009064101915146583,0.10995794432091813,PA5288,False
PA5289_at,0.028262910349999615,0.07098007010691512,0.9461652159189072,0.9880596857207466,PA5289,False
PA5290_at,0.12441567584999991,0.8001157681648401,0.4599528312571756,0.8134629494571259,PA5290,False
PA5291_at,-0.39159587250000083,-2.042983634923482,0.0965012858244583,0.40890034238621126,PA5291,False
PA5292_at,0.0484088321499998,0.20084417314895525,0.8487348083321904,0.9660270328716476,PA5292,False
PA5293_at,0.21240324410000078,1.1518852154848782,0.301451650425953,0.696640916532061,PA5293,False
PA5294_at,0.33102809980000014,2.1263003838297876,0.08680990919721603,0.3825832408540691,PA5294,False
PA5295_at,-0.08017034135000056,-0.432013664636365,0.6837273595119844,0.9133100369862714,PA5295,False
PA5296_rep_at,-0.29905026620000097,-1.786289661911652,0.13410422180190465,0.48277519848685674,PA5296,False
PA5297_poxB_at,0.08907624545000026,0.516345569558105,0.6276292390328289,0.8884273619661383,PA5297,False
PA5298_at,-0.843856315,-2.6890057315723137,0.043350219164278614,0.2676479512584834,PA5298,False
PA5299_at,0.03504753014999995,0.22338138871465646,0.8320783535015506,0.9615456548754823,PA5299,False
PA5300_cycB_at,-2.335690854450001,-10.03181327538333,0.00016836307550679945,0.011261193891284335,PA5300,True
PA5301_at,0.16171269350000017,0.7275271924828177,0.49952808048435465,0.8340691983543806,PA5301,False
PA5302_dadX_at,0.8232105858000001,3.639842013728054,0.014905948739254743,0.14692865690378082,PA5302,False
PA5303_at,2.94330222145,13.688079254201465,3.733118113139968e-05,0.006278038061126243,PA5303,True
PA5304_dadA_at,3.248687126,9.266956092227812,0.00024598311171891344,0.014730315101071055,PA5304,True
PA5305_at,0.3343529082000005,1.80649719452108,0.13066017110325703,0.47649241416496746,PA5305,False
PA5306_at,0.570254394900001,3.027094071258064,0.02917831478412252,0.2141440907971885,PA5306,False
PA5307_at,0.2767181656000002,1.6125758588070556,0.16775504516879433,0.5419353435035803,PA5307,False
PA5308_lrp_at,-0.46934420055000015,-3.000754119830465,0.030073179183901982,0.21830243392386287,PA5308,False
PA5309_at,0.04884635775000046,0.3137580083002427,0.7663725100205233,0.9417779876340429,PA5309,False
PA5310_at,0.15208853484999985,0.889957687927836,0.414253248632991,0.7840175631684196,PA5310,False
PA5311_at,-0.11790298244999953,-0.7262327759476764,0.5002551237496718,0.8340691983543806,PA5311,False
PA5312_at,2.97388961185,9.825529693973301,0.0001859919451681508,0.012163873213997062,PA5312,True
PA5313_at,1.1566509385500003,4.6622208646111085,0.005521052242640591,0.08144277705195234,PA5313,False
PA5314_at,0.6816854088,3.7306661864045503,0.013561652943009607,0.13930870719468505,PA5314,False
PA5315_rpmG_at,-2.2408306919000003,-7.388931211150205,0.000714057087353247,0.025254195589498627,PA5315,True
PA5316_rpmB_at,-3.088756429100001,-17.75155292248063,1.0410412969435277e-05,0.0037321889738165344,PA5316,True
PA5317_at,0.010339634250000174,0.0673099533149204,0.9489436379722207,0.9885983899432593,PA5317,False
PA5318_at,0.13498620814999995,0.7984910747608118,0.4608127657000061,0.8134629494571259,PA5318,False
PA5319_radC_at,-0.1171665151500001,-0.557746927627021,0.6010653824988635,0.8797819727477451,PA5319,False
PA5320_dfp_at,-0.43085260084999977,-2.338866365312852,0.06647383419441165,0.3327083231873359,PA5320,False
PA5321_dut_at,-0.3662454777500006,-1.5906191879404457,0.17256793220295974,0.5487244835830739,PA5321,False
PA5322_algC_at,-0.19373518420000035,-1.1943769120460668,0.2858953247796543,0.6818202192074199,PA5322,False
PA5323_argB_at,-0.8180112580500012,-5.0637228681919515,0.003887705796739145,0.06613594312025031,PA5323,False
PA5324_at,0.06854475554999961,0.43072669781601197,0.684602995288438,0.9133100369862714,PA5324,False
PA5325_at,-0.026642635800000036,-0.16538859478575277,0.8751172125295342,0.9711271364615739,PA5325,False
PA5326_at,0.03160936505000045,0.17558041622323298,0.8675128678203018,0.9699834623855886,PA5326,False
PA5327_at,0.24150314530000028,1.5589832952013234,0.17974213011461396,0.5579969292482161,PA5327,False
PA5328_at,0.09097530779999996,0.5155329811146319,0.6281572635669539,0.8884273619661383,PA5328,False
PA5329_at,0.1683790162500003,1.013851925069248,0.357173576643731,0.7419691956371308,PA5329,False
PA5330_at,0.00516932935000014,0.030293693908998033,0.9770048426779572,0.9950099926325614,PA5330,False
PA5331_pyrE_at,-0.3930012358999999,-1.6838088892402256,0.15303810876361665,0.5150682603978117,PA5331,False
PA5332_crc_at,0.1950110411499999,0.8125836396068769,0.4533932741433801,0.8086256056215789,PA5332,False
PA5333_at,0.05988995579999923,0.38242058043231525,0.717865298716985,0.924053348898532,PA5333,False
PA5334_rph_at,-0.05274288274999961,-0.27390524007106715,0.7951125694310716,0.952193811530272,PA5334,False
PA5335_at,-0.44086101560000035,-2.363033848171528,0.06450769232176626,0.3272416010288815,PA5335,False
PA5336_gmk_at,-0.4109805704999996,-2.4646051496458434,0.056905837310807596,0.30588836384603973,PA5336,False
PA5337_rpoZ_at,-0.6812390643999997,-3.1677799502184247,0.024876833911491772,0.19787168162573052,PA5337,False
PA5338_spoT_at,-0.74160011785,-3.4913739157029027,0.017444757573286705,0.16062331821639714,PA5338,False
PA5339_at,-1.0591531853500005,-4.63235547464475,0.005671695615996136,0.08263267424691399,PA5339,False
PA5340_at,-0.8322688980999988,-4.40683661661441,0.006977152707200568,0.09506370563560775,PA5340,False
PA5341_at,0.2525845225000003,1.5660892746546697,0.17810563726040526,0.5546718417538335,PA5341,False
PA5342_at,-0.09097834750000011,-0.46689705670655396,0.6602114657470658,0.9058285984585616,PA5342,False
PA5343_at,-0.006346137500000459,-0.031603813618539485,0.9760107537583458,0.9950099926325614,PA5343,False
PA5344_at,-0.15776237354999978,-0.47267902940555945,0.6563552348657647,0.9024309536136164,PA5344,False
PA5345_recG_at,-0.5463163108,-3.140643623184832,0.025647749984148413,0.20182173316403418,PA5345,False
PA5346_at,1.4823435274499994,8.062870979612745,0.0004751347062157929,0.02056355059401586,PA5346,True
PA5347_at,-0.2822606814000004,-1.7839478833423423,0.13450926498772428,0.4836417432606873,PA5347,False
PA5348_at,-0.022361418750000084,-0.09650795312692793,0.9268660507805421,0.9833159568009933,PA5348,False
PA5349_at,0.27170662074999985,1.45334666736494,0.20586358930593904,0.5995418187477776,PA5349,False
PA5350_r_at,0.24157375779999946,1.3799568899047587,0.2261142403498593,0.623180870157899,PA5350,False
PA5351_at,-1.7614847414499994,-6.160553275330433,0.0016398442489003555,0.0398848068141632,PA5351,True
PA5352_at,0.11596672504999983,0.739509976034188,0.4928329283377068,0.8300787804243693,PA5352,False
PA5353_glcF_at,-0.018065085149999938,-0.1113054309471335,0.9157041905826,0.9789443973938837,PA5353,False
PA5354_glcE_at,0.5089637389999995,3.0344555090559537,0.028933580112155927,0.21314524723423003,PA5354,False
PA5355_glcD_at,0.04681939840000027,0.25035776831611656,0.8122724585324962,0.9573464196762103,PA5355,False
PA5356_glcC_at,0.6260829080499999,3.092151180001601,0.0270932331239557,0.20791495458618417,PA5356,False
PA5357_at,0.1584109847499997,0.8461908113097375,0.4360610966695914,0.7972939790657073,PA5357,False
PA5358_ubiA_at,0.16089832115000036,0.9851785455563088,0.3697777520280548,0.7510392851749933,PA5358,False
PA5359_at,0.2809638247499997,1.2022139983332378,0.28310535810070225,0.6794816525195073,PA5359,False
PA5360_phoB_at,0.2712367866999994,1.3694010432539334,0.22917733282603825,0.6256719554722805,PA5360,False
PA5361_phoR_at,0.2279929621500001,1.1272489952075686,0.3108082905065415,0.7045853004950737,PA5361,False
PA5362_at,-0.4269803844499993,-1.9221348954653579,0.11261998634779039,0.4445883565681383,PA5362,False
PA5363_at,0.1621834481500004,0.7569814903034949,0.4831855580051361,0.8265292778648552,PA5363,False
PA5364_at,0.717595102899999,3.645955728894327,0.014810819569383432,0.14692865690378082,PA5364,False
PA5365_phoU_at,-0.21407441430000063,-1.3414094345004957,0.23748914614359048,0.6341731182029114,PA5365,False
PA5366_pstB_at,0.12193153309999971,0.62114032760685,0.5617248676334125,0.8631485328685342,PA5366,False
PA5367_pstA_at,0.10546262510000037,0.6259941790749214,0.5587812918687586,0.862673404851344,PA5367,False
PA5368_pstC_at,-0.06372258299999967,-0.39510073653468447,0.7090611551704415,0.9232674198413239,PA5368,False
PA5369_at,-0.2647448218000008,-1.1503615281344077,0.30202309044691444,0.6971899293234811,PA5369,False
PA5370_at,-0.18323036309999985,-1.1578486190402093,0.2992242802667145,0.6947669087376258,PA5370,False
PA5371_at,-0.14486054029999984,-0.8277343075274608,0.4455165617781442,0.8013892766037469,PA5371,False
PA5372_betA_at,0.20482741495,1.3187892687980984,0.24441021925607967,0.6405879015333511,PA5372,False
PA5373_betB_at,0.1269718436999998,0.8241019527727802,0.4473955590517836,0.8033466322693099,PA5373,False
PA5374_betI_at,-0.046127757499999866,-0.2937467279479464,0.7807541471074607,0.9477250793719353,PA5374,False
PA5375_betT1_at,-0.10321758394999936,-0.6694336422508812,0.5328837673860778,0.8495240691935472,PA5375,False
PA5376_at,-0.049708012800000034,-0.30475796015462364,0.772827876305632,0.9439730807977795,PA5376,False
PA5377_at,-0.04881316724999962,-0.25868638061366944,0.8061888250974533,0.9551490518682015,PA5377,False
PA5378_at,0.2965706559500001,1.792858818635249,0.13297459777967544,0.4819510360413606,PA5378,False
PA5379_sdaB_at,0.03624376150000064,0.23515709952311006,0.823414268663944,0.9584142186550254,PA5379,False
PA5380_at,-0.31126066295000054,-1.6516199548482924,0.1595222976659573,0.5280923757378091,PA5380,False
PA5381_at,0.12084565900000044,0.7113142325846373,0.508688012176441,0.8396115843060096,PA5381,False
PA5382_at,-0.22780452389999972,-1.1694762307819877,0.29492295999875145,0.6902252654284895,PA5382,False
PA5383_at,-0.03850699280000036,-0.24921123163509143,0.8131111348980308,0.9573859051829984,PA5383,False
PA5384_at,0.26826272985,1.4454964139899533,0.20794440110946016,0.602465204706024,PA5384,False
PA5385_at,0.04460041109999935,0.28277028283825195,0.7886855348360596,0.95049202662675,PA5385,False
PA5386_at,-0.14907483899999985,-0.9158826582526165,0.4017424462440439,0.7760005115100056,PA5386,False
PA5387_at,0.07827481639999956,0.4221413063809729,0.6904587025943242,0.9165629056089744,PA5387,False
PA5388_at,0.04878053900000001,0.2783371738482135,0.7918971356631332,0.9513555075943022,PA5388,False
PA5389_at,0.08490665610000026,0.4589819462566581,0.6655097918319596,0.9074571680385142,PA5389,False
PA5390_at,-0.2572443314499999,-1.291544807855788,0.2529937751999121,0.6512517997902415,PA5390,False
PA5391_at,0.20079042079999976,0.9717705724562513,0.3757959285653334,0.7546689988179981,PA5391,False
PA5392_at,0.08729676175000023,0.5417189432235942,0.6112696080862499,0.8824951957801488,PA5392,False
PA5393_at,0.09056594424999975,0.5637605635344358,0.5972631653616096,0.8790144020779169,PA5393,False
PA5394_cls_at,0.3724865724999997,2.2832623114042043,0.07124684098130192,0.34261348530714303,PA5394,False
PA5395_at,0.041389099499999915,0.25625139942369446,0.8079658731314603,0.9551490518682015,PA5395,False
PA5396_at,0.0775578736,0.4889500848145367,0.6455685897888253,0.896603800365249,PA5396,False
PA5397_at,0.11739147334999966,0.7371573572613823,0.494142377532669,0.8308294916730041,PA5397,False
PA5398_at,-0.0744392490500001,-0.4502017104385018,0.6714132006794387,0.9100035492983665,PA5398,False
PA5399_at,0.12436404830000036,0.6978466753191013,0.5163849635287473,0.8433850004784389,PA5399,False
PA5400_at,0.12119079609999961,0.7306409169668937,0.49778221699402,0.8332808863978363,PA5400,False
PA5401_at,-0.12371250874999973,-0.7217746153013513,0.5027648462460761,0.835953074860001,PA5401,False
PA5402_at,-0.0357253634500001,-0.21046218408332895,0.8416149233136655,0.9650694143402389,PA5402,False
PA5403_at,0.07800225460000032,0.5000034840030775,0.638296586704859,0.8937487049919858,PA5403,False
PA5404_at,-0.02271702969999989,-0.1455049968600886,0.8899960595277957,0.9742452680640888,PA5404,False
PA5405_i_at,0.23395797480000002,0.906989620389795,0.40599998474905635,0.7783078150186777,PA5405,False
PA5406_at,-0.33173974844999954,-2.1259515273435423,0.08684827581367027,0.3825832408540691,PA5406,False
PA5407_at,-0.29441434604999994,-1.9030176510288057,0.11541552272091121,0.45108616649089206,PA5407,False
PA5408_at,0.27781765840000006,1.7435451146631036,0.141696119161854,0.4943825473542814,PA5408,False
PA5409_at,0.20922761839999993,1.3425536640399685,0.23714393476361645,0.6341731182029114,PA5409,False
PA5410_at,0.21403262589999983,1.3678895664385153,0.22961910703256672,0.6260018823500175,PA5410,False
PA5411_at,0.10157027614999947,0.6605458649103679,0.5381166412212076,0.8513828178542833,PA5411,False
PA5412_at,-0.1773789052000012,-0.5563772081644917,0.601933430716188,0.8800325634768197,PA5412,False
PA5413_ltaA_at,0.004587311349999901,0.02375598426189326,0.9819661743221075,0.9963545771522022,PA5413,False
PA5414_at,-0.5289123782499994,-2.8377266829127934,0.03634332190858323,0.24198732211982,PA5414,False
PA5415_glyA1_s_at,0.30839757015000036,1.8405351161973362,0.12506150851353073,0.4672902652324362,PA5415,False
PA5416_soxB_at,-0.1096594005,-0.5828394342393085,0.5852967081884923,0.8741984390023763,PA5416,False
PA5417_soxD_at,-0.02346713140000034,-0.13552811211738108,0.8974815764065426,0.9768077956229493,PA5417,False
PA5418_soxA_at,0.1353762307499995,0.7640389934404412,0.47932720934986783,0.8233483706293875,PA5418,False
PA5419_soxG_at,0.19388599375000037,1.1937517954754502,0.28611891631707903,0.6818202192074199,PA5419,False
PA5420_purU2_at,0.09314908335000016,0.5498779181884119,0.6060624777536419,0.8808108010019595,PA5420,False
PA5421_fdhA_at,-0.10102745055000106,-0.6239162953715914,0.560040191848157,0.8631485328685342,PA5421,False
PA5422_at,0.8147761657000006,5.110966764118761,0.0037354453813284757,0.06457391809810445,PA5422,False
PA5423_at,0.05318544324999941,0.3435650575388308,0.745148873380861,0.9332656764723888,PA5423,False
PA5424_at,0.04075965979999996,0.26478059657224456,0.8017471017176971,0.9547965555015031,PA5424,False
PA5425_purK_at,-0.48714920945000006,-2.7660536767150607,0.03954980631499606,0.2530327825761595,PA5425,False
PA5426_purE_at,-1.3680990732999998,-7.186328495397594,0.000812155206637992,0.026525871779679782,PA5426,True
PA5427_adhA_at,3.543253727499999,21.511363045456566,4.0268064761758495e-06,0.003156514640059722,PA5427,True
PA5428_at,0.19787563504999994,1.2767052456709265,0.25778486139389606,0.6555348249303242,PA5428,False
PA5429_aspA_at,1.555924161750001,4.050857441143687,0.009817080405173607,0.11510624554751364,PA5429,False
PA5430_at,-0.32687236269999964,-1.8076334737422841,0.13046920603948114,0.47649241416496746,PA5430,False
PA5431_at,0.03167871090000007,0.2040758382275471,0.8463406521428499,0.9656589374532871,PA5431,False
PA5432_at,0.0493488318000006,0.21214822234073058,0.8403685499975029,0.964776533115916,PA5432,False
PA5433_at,0.09960889935000061,0.6017844259985857,0.5735612370228121,0.8686913489179267,PA5433,False
PA5434_mtr_at,-0.10716442844999996,-0.6857664887685512,0.5233566640867392,0.8465240076447071,PA5434,False
PA5435_at,-1.2174519990500006,-3.6386205036207504,0.014925038939603246,0.14692865690378082,PA5435,False
PA5436_at,-2.0223743891999995,-4.659480886552232,0.005534677339582218,0.08144277705195234,PA5436,False
PA5437_at,0.05187756179999958,0.3098343535980393,0.769184184483471,0.9422306159978586,PA5437,False
PA5438_at,0.3933975386499995,1.4212825384660497,0.21448973784337924,0.6088040778792285,PA5438,False
PA5439_at,0.15081745025000082,0.8393468815394858,0.43954938126553145,0.7994929183867419,PA5439,False
PA5440_at,0.02451719714999978,0.14856177412240587,0.8877051589789682,0.9740238042683056,PA5440,False
PA5441_at,-0.6488842237499997,-3.5895126274837774,0.01571614478163717,0.15139971879658984,PA5441,False
PA5442_at,0.3222373808499994,1.896149175657419,0.11643732225523437,0.4532738616364481,PA5442,False
PA5443_uvrD_at,0.08903844825000018,0.5535773518628244,0.6037101418901255,0.8801012814699356,PA5443,False
PA5444_at,0.34079694355,1.6984367270154916,0.15017914143644226,0.5101686442237969,PA5444,False
PA5445_at,0.3850938877499992,2.3175998880784596,0.0682574341523327,0.33565489198573606,PA5445,False
PA5446_i_at,4.212580978549999,8.18902703538924,0.0004417156711991288,0.019784471162625304,PA5446,True
PA5447_wbpZ_at,0.16054250990000085,0.8795228339522364,0.4193742360167771,0.7863767929897261,PA5447,False
PA5448_wbpY_at,0.14473392955000008,0.8824861016962582,0.4179150013898817,0.7854818184473107,PA5448,False
PA5449_wbpX_at,-0.0154985068000002,-0.09898479938434167,0.924996335377731,0.9832476314923846,PA5449,False
PA5450_wzt_at,0.10335371409999983,0.6342868649686735,0.5537752710503546,0.8614268145896631,PA5450,False
PA5451_wzm_at,0.048567029149999996,0.2855941302774477,0.7866422494597113,0.9499746163971812,PA5451,False
PA5452_wbpW_at,0.14582196630000066,0.8089269498319624,0.45530986219187514,0.8103382564377282,PA5452,False
PA5453_gmd_at,0.10556910269999964,0.670233834948109,0.5324143110574519,0.8495240691935472,PA5453,False
PA5454_rmd_at,0.6904893008500004,3.53903265563342,0.01657962013548928,0.1556421756259807,PA5454,False
PA5455_at,-0.13691375564999975,-0.727406608565837,0.4995957782676753,0.8340691983543806,PA5455,False
PA5456_at,-0.061212507499999624,-0.39496379752542915,0.7091559641696611,0.9232674198413239,PA5456,False
PA5457_at,-0.06655531820000071,-0.4035654026093209,0.7032123376847296,0.9219928867228585,PA5457,False
PA5458_at,0.030064053700000315,0.1926677481067981,0.8548004553185208,0.9670104708831084,PA5458,False
PA5459_at,-0.037683206699999694,-0.2360118130081447,0.8227864965006256,0.9584142186550254,PA5459,False
PA5460_at,0.3440409738999999,2.227710684968821,0.07638440254864497,0.35853157368526656,PA5460,False
PA5461_at,-0.4719843868,-2.3165282407117704,0.06834866507908599,0.3358098853551754,PA5461,False
PA5462_at,-0.4603844630999996,-1.8452633256316486,0.12430343580729408,0.46601912303295095,PA5462,False
PA5463_at,0.2711956147999999,1.1563869981160804,0.2997688612815644,0.6948549099851672,PA5463,False
PA5464_at,-0.2278238530000003,-1.4320525267510404,0.21155459849647873,0.6063054216357986,PA5464,False
PA5465_at,0.3177942849500006,2.031210252040687,0.09795993142296638,0.4124407413130044,PA5465,False
PA5466_at,0.10539659190000084,0.5893354369912036,0.5812561387121693,0.8704645258083435,PA5466,False
PA5467_at,0.10486018930000007,0.6587854925469229,0.5391571402314294,0.8513828178542833,PA5467,False
PA5468_at,0.04863854345000007,0.30200353412601433,0.7748077133820257,0.9444021952716097,PA5468,False
PA5469_at,0.00010306599999987398,0.0006359449890482991,0.9995171820946491,0.9996870235869336,PA5469,False
PA5470_at,-0.01893784725000014,-0.10451137796091915,0.9208264446453888,0.9811702485848585,PA5470,False
PA5471_at,0.3475238560999996,1.8357237724836015,0.12583776976392602,0.4693796659255187,PA5471,False
PA5472_at,-0.1980883748499993,-1.2264363797995388,0.2746357591082454,0.6687173127677457,PA5472,False
PA5473_at,0.46110066780000025,2.798571542111166,0.03805772259008679,0.2491743661459965,PA5473,False
PA5474_at,0.3422454980000005,2.1616048128952983,0.0830185062616591,0.3728067881522524,PA5474,False
PA5475_at,3.02924283725,12.092620119207563,6.829619624265086e-05,0.007957336871577177,PA5475,True
PA5476_citA_at,-0.05544206675000041,-0.35496819245966554,0.737095451735908,0.9305276192227117,PA5476,False
PA5477_at,0.19090299219999984,1.226496039238843,0.2746151827982766,0.6687173127677457,PA5477,False
PA5478_at,-0.052377561950001095,-0.3200401934510315,0.7618792165708154,0.9403203852199687,PA5478,False
PA5479_gltP_at,-0.022035733250000078,-0.12894319591813502,0.9024288351943541,0.9771332089687212,PA5479,False
PA5480_at,-0.09762666889999982,-0.5356700161123142,0.6151469808578829,0.8840461541097148,PA5480,False
PA5481_at,-0.14205553449999897,-0.8338112562365091,0.442386300279814,0.8001689940156543,PA5481,False
PA5482_at,0.03190249270000001,0.20629200034634312,0.8446999081749629,0.9650956058711717,PA5482,False
PA5483_algB_at,0.1993828688999999,1.0770036547170496,0.33067553728258764,0.7235072582738843,PA5483,False
PA5484_at,0.14036969824999979,0.8885559222612625,0.4149383244164227,0.7847869041640969,PA5484,False
PA5485_at,-0.09083074120000045,-0.5403371471907363,0.6121540781916447,0.8826895894747723,PA5485,False
PA5486_at,0.1531308170500001,0.9479785896918168,0.3866712679736881,0.7629725388176762,PA5486,False
PA5487_at,-0.29557554385000007,-1.8883827072711337,0.11760395878228039,0.4551930724196672,PA5487,False
PA5488_at,-0.36789116994999915,-2.140054180098437,0.08531149584986618,0.37954910398511893,PA5488,False
PA5489_dsbA_at,-0.0771328590999989,-0.3943231865361546,0.7095995670310101,0.9233164875819249,PA5489,False
PA5490_cc4_at,-1.2380285396499993,-6.178326016681692,0.0016187214740792679,0.0398848068141632,PA5490,True
PA5491_at,-1.12261786015,-3.4228493169928695,0.01878020328861481,0.16723188586503296,PA5491,False
PA5492_at,0.15602045244999907,0.967668854393548,0.37765288734975044,0.7555294361706256,PA5492,False
PA5493_polA_at,-0.31648314299999925,-1.435431558856324,0.21064161786647115,0.6050934908550752,PA5493,False
PA5494_at,2.4151398453499997,8.166704528968161,0.000447420504867322,0.019784471162625304,PA5494,True
PA5495_thrB_at,1.8037747801500004,10.943608006483528,0.00011076751852179652,0.00973100916446708,PA5495,True
PA5496_at,0.10348692410000027,0.6497522390609443,0.5445173487223114,0.8558382172750227,PA5496,False
PA5497_at,0.28865598639999934,1.8480109528930648,0.12386507343621675,0.46585931133902353,PA5497,False
PA5498_at,0.38793068659999985,2.3232756405174357,0.06777642847383214,0.33565489198573606,PA5498,False
PA5499_np20_at,1.0461585128,5.459721926739857,0.0028040241263001617,0.05457892660073425,PA5499,False
PA5500_znuC_at,0.6829516616499998,4.250348837827707,0.008089108998119014,0.1037309271523497,PA5500,False
PA5501_znuB_at,0.022299917899999855,0.13874034886357828,0.8950701166284096,0.9761313738943151,PA5501,False
PA5502_at,-0.33732261915000095,-2.059413412889677,0.0945037213560061,0.40366393606781703,PA5502,False
PA5503_at,-0.8194076447,-4.605476530407983,0.0058113751750378,0.08363265105201098,PA5503,False
PA5504_at,-0.44092722230000003,-2.5316599691704647,0.052423782625159544,0.2947147894285474,PA5504,False
PA5505_at,-0.9641522803500013,-3.0553208839218287,0.028252310020005188,0.21129999590565507,PA5505,False
PA5506_at,0.360285930349999,1.9043579733080602,0.11521720898761038,0.45090990166294864,PA5506,False
PA5507_at,0.27004679654999997,1.6289966647394742,0.16424249368615257,0.5352852921843787,PA5507,False
PA5508_at,0.17930855524999956,0.9462203081333587,0.38748497768300083,0.763629955082898,PA5508,False
PA5509_at,0.0324341167999993,0.17765519490183804,0.8659667862554231,0.9697641750189155,PA5509,False
PA5510_at,-0.00998988935000078,-0.06390139101629644,0.9515247911120912,0.988617529154029,PA5510,False
PA5511_at,-0.02920289850000035,-0.18466764246389453,0.8607463303352056,0.968743750798087,PA5511,False
PA5512_at,0.23967105484999962,1.1205205718986395,0.31340734914857465,0.7073296231167602,PA5512,False
PA5513_at,0.0266209479999997,0.14915818345469767,0.8872583243340807,0.9738654626865776,PA5513,False
PA5514_at,0.13755062385000016,0.8329778159475215,0.4428146228268207,0.8001689940156543,PA5514,False
PA5515_at,0.1419029334999995,0.8328906919686115,0.44285941577425325,0.8001689940156543,PA5515,False
PA5516_pdxY_at,-0.045220085049999525,-0.22549190912670297,0.8305234863868813,0.9611923272860489,PA5516,False
PA5517_at,0.20589788620000027,1.3312003945304078,0.24058995195354504,0.635804725939017,PA5517,False
PA5518_at,0.26947842945000033,1.601595317884757,0.17014519330131134,0.5463582148235235,PA5518,False
PA5519_at,0.07137312604999968,0.46342563380458396,0.6625324638687892,0.9061273847359798,PA5519,False
PA5520_at,0.018825021699999667,0.11365221602015195,0.9139359370480057,0.9786114108540225,PA5520,False
PA5521_at,0.29735996495000006,1.92521684724342,0.11217590448650504,0.4437280737954091,PA5521,False
PA5522_at,0.09413245574999962,0.5749204467011247,0.5902456769594038,0.8759445710736805,PA5522,False
PA5523_at,0.709299184599999,3.2472017584618,0.02276646597227766,0.18560030292635224,PA5523,False
PA5524_at,0.22381868349999978,1.279715125716487,0.25680642658107505,0.6542085221758865,PA5524,False
PA5525_at,0.11973503809999997,0.7664416824683898,0.4780187398492054,0.8233483706293875,PA5525,False
PA5526_at,0.6808405528500003,3.834534043048498,0.012191282965112314,0.131665856023213,PA5526,False
PA5527_at,0.01509215530000052,0.08317832000772006,0.9369371441593276,0.9864272489053094,PA5527,False
PA5528_at,-0.033758051050000404,-0.20113354214908521,0.848520355513574,0.9660270328716476,PA5528,False
PA5529_at,0.1759279993499998,0.9547598004640404,0.38354591701807067,0.7614000902422813,PA5529,False
PA5530_at,-0.28311723385000054,-1.3567542478873158,0.23289840885715915,0.6302712802451673,PA5530,False
PA5531_tonB_at,-0.2318041270500002,-1.4193780966367957,0.21501276522450166,0.6090693272048098,PA5531,False
PA5532_at,0.01036231650000019,0.06642298930978816,0.9496152296122365,0.988617529154029,PA5532,False
PA5533_at,-0.09584808894999952,-0.5709157734979556,0.5927580876329943,0.8766293557209281,PA5533,False
PA5534_at,-0.03693947450000046,-0.230991858264632,0.8264757000214136,0.9602518693892698,PA5534,False
PA5535_at,0.19600123434999972,1.188630394958427,0.2879566127211712,0.6843923358411268,PA5535,False
PA5536_at,0.23723843249999987,1.5080158344700545,0.19191736505816864,0.5778136116278162,PA5536,False
PA5537_at,0.026043075749999645,0.16066475016709938,0.8786470264287451,0.9713567895581238,PA5537,False
PA5538_amiA_at,0.16413329175000024,1.0342178701655584,0.34843971124358186,0.7358866668029146,PA5538,False
PA5539_at,0.03575558544999957,0.20401312108053998,0.8463870979139497,0.9656589374532871,PA5539,False
PA5540_at,-0.037206562149998845,-0.20023441883217513,0.8491867488655365,0.9660270328716476,PA5540,False
PA5541_at,0.01060778619999958,0.06105190475818027,0.9536830996289312,0.988925396370607,PA5541,False
PA5542_at,0.15018518124999947,0.93992832102228,0.3904081275631214,0.7640318039346785,PA5542,False
PA5543_at,0.27630790844999886,1.5777994914005784,0.17544059392071792,0.5518821854408956,PA5543,False
PA5544_at,0.39150248930000053,2.293913286902364,0.0703048035483311,0.3411492775642843,PA5544,False
PA5545_at,0.4784977153000005,3.0589764739852097,0.028134813515309883,0.21129999590565507,PA5545,False
PA5546_at,1.7317593362500006,7.960502999192741,0.0005044752183253517,0.021059156986262557,PA5546,True
PA5547_at,0.5019295797000005,2.915154057667006,0.03320015574392166,0.23102236731591402,PA5547,False
PA5548_at,-0.061305096600000386,-0.3664529093563682,0.7290228901070606,0.9280039336791278,PA5548,False
PA5549_glmS_at,-0.39096406469999945,-2.250384414046988,0.07424112964600385,0.35155534118775433,PA5549,False
PA5550_at,-0.5415006243999994,-3.2782481281415397,0.021997058217875454,0.18286865939658942,PA5550,False
PA5551_at,-0.13777921380000002,-0.8184380005473351,0.4503373662347734,0.8054347425274615,PA5551,False
PA5552_glmU_at,-0.46978770200000053,-2.377326393148373,0.06337452971930638,0.3243673755894238,PA5552,False
PA5553_atpC_at,-0.9039174916999997,-3.3293563548795135,0.020793642292264027,0.17678642165957476,PA5553,False
PA5554_atpD_at,-1.4288998169500005,-3.055835805135087,0.028235726379386705,0.21129999590565507,PA5554,False
PA5555_atpG_at,-2.63185930875,-5.525863203203219,0.0026597195923507184,0.05296541733167587,PA5555,False
PA5556_atpA_at,-2.0821632685000004,-4.846190886788372,0.004689449660375999,0.07439919326407851,PA5556,False
PA5557_atpH_at,-2.268177109549999,-7.6128796545308814,0.0006215065620865614,0.023863461429319003,PA5557,True
PA5558_atpF_at,-2.033093386500001,-7.7528702390049355,0.0005708653725008118,0.0227034701522958,PA5558,True
PA5559_atpE_at,-2.42458852875,-5.8994091644783495,0.00199097690425506,0.04422222663564258,PA5559,True
PA5560_atpB_at,-2.03562898565,-11.351128828688292,9.282324155642303e-05,0.008812219351630741,PA5560,True
PA5561_atpI_at,-0.5761020960499996,-2.467815140851949,0.05668201623221746,0.3052427699385471,PA5561,False
PA5562_spoOJ_at,-0.5388857144000001,-2.8333974973271845,0.03652859259415758,0.24294609718554974,PA5562,False
PA5563_soj_at,-0.6453227767499996,-3.1997250509177686,0.02400254984110199,0.1925833423778428,PA5563,False
PA5564_gidB_at,-0.6620574123000003,-3.090288146559306,0.027150565613231818,0.20808363177015946,PA5564,False
PA5565_gidA_at,-0.6007352912500004,-3.548239250958712,0.016418184998381137,0.15536565418082213,PA5565,False
PA5566_at,0.22868395405000097,1.3978806773100831,0.2210011883684612,0.6170040533051258,PA5566,False
PA5567_at,-0.0794434953000005,-0.40567154287970764,0.701760647247645,0.9219928867228585,PA5567,False
PA5568_at,-2.13417914535,-11.362331665479665,9.238113380535813e-05,0.008812219351630741,PA5568,True
PA5569_rnpA_at,-2.1405624139499997,-11.705268872874854,7.998739136306689e-05,0.008324877483478025,PA5569,True
PA5570_rpmH_at,-2.546134048500001,-15.003357318345735,2.3818217686538786e-05,0.005282137861853757,PA5570,True
Pae_16SrRNA_s_at,0.0851331479000006,0.5320457966992025,0.6174769607272889,0.8840840162590178,,False
Pae_23SrRNA_s_at,0.025857448600000055,0.1679802366287482,0.8731820432766016,0.9711271364615739,,False
Pae_5SrRNA_s_at,0.7017058615500016,1.2719398419259915,0.25934094535978003,0.6579658639602006,,False
Pae_AF027291cds_at,0.06187720605000013,0.3952110229201134,0.7089848033137864,0.9232674198413239,,False
Pae_AF035937cds10_at,0.10188637160000003,0.6430409358557296,0.5485223679772112,0.8590395887435436,,False
Pae_AF035937cds11_at,-0.08842391584999998,-0.5665767537179816,0.5954875700426382,0.8780042610613032,,False
Pae_AF035937cds12_at,0.04070573619999962,0.2569649749172685,0.8074449695060795,0.9551490518682015,,False
Pae_AF035937cds13_at,-0.055743743949999924,-0.3388660131424496,0.748478399449302,0.9347029128473151,,False
Pae_AF035937cds3_at,0.004335066799999954,0.02720103393394878,0.9793516665316282,0.9953535143593676,,False
Pae_AF035937cds4_at,-0.11914466789999967,-0.753637301504318,0.4850216053833412,0.8268057339639412,,False
Pae_AF035937cds5_at,0.03080388749999985,0.1813350299487243,0.8632263262305695,0.968743750798087,,False
Pae_AF035937cds6_at,-0.030800757949999813,-0.19925142179952224,0.8499154694043786,0.9660270328716476,,False
Pae_AF035937cds7_at,0.0451876415000001,0.2466744678201698,0.8149677518791091,0.9574355326739455,,False
Pae_AF035937cds8_at,0.02018863755,0.11780442092510036,0.910808727268569,0.9779955293250645,,False
Pae_AF035937cds9_at,0.12769729824999976,0.7356756653725153,0.4949683384327538,0.8311133693911577,,False
Pae_AF043558cds_at,0.01326345009999974,0.0755570019591226,0.942701520056141,0.9870191639405336,,False
Pae_AF080442cds1_at,-0.045894122349999567,-0.2660388035294073,0.8008311166770398,0.9547965555015031,,False
Pae_AF080442cds2_at,-0.3344250461499998,-1.659143556557848,0.15798262064076146,0.5247661992615812,,False
Pae_AF133697cds_at,-0.00023989429999993206,-0.0015544326909692787,0.9988198544735665,0.9995707784437029,,False
Pae_AF133699cds2_at,-0.13755993395,-0.792625750475004,0.46392711021443667,0.8156137905382839,,False
Pae_AF133699cds3_at,-0.015669050000000073,-0.09965969844084654,0.9244869638899873,0.9831965451572588,,False
Pae_AF133699cds4_at,-0.1653013867500004,-1.017705004287098,0.3555073279127196,0.7417639603311831,,False
Pae_AF140629cds1_at,-0.042677008099999636,-0.26733167579778105,0.7998902728703193,0.9547965555015031,,False
Pae_AF140629cds2_at,0.09831429959999971,0.5823194789267331,0.585620870707844,0.8741984390023763,,False
Pae_AF147795cds10_at,-0.1549223756,-0.9215478327842453,0.3990487524510036,0.773695819916215,,False
Pae_AF147795cds11_at,0.07923207475000016,0.4465363858305582,0.6738855898645727,0.9102446694706253,,False
Pae_AF147795cds2_at,-0.04564099879999972,-0.28802858475362375,0.784882282223941,0.9484618672658792,,False
Pae_AF147795cds3_at,0.18778078860000003,0.8690432069336157,0.42456658757072574,0.7902886662940853,,False
Pae_AF147795cds4_at,0.02238753549999961,0.14221732264539888,0.8924613643724562,0.9747685267575203,,False
Pae_AF147795cds5_at,-0.09964459204999976,-0.6476777830067817,0.5457532404602509,0.8567979996100656,,False
Pae_AF147795cds6_at,-0.0336347833499997,-0.19109096314555932,0.8559715111217212,0.9677349942866916,,False
Pae_AF147795cds7_at,-0.09432486019999997,-0.5841079273360921,0.5845063381600777,0.8740864599619455,,False
Pae_AF147795cds8_at,-0.04089829380000021,-0.2582380401732711,0.806515924531535,0.9551490518682015,,False
Pae_AF147795cds9_at,-0.09763711774999972,-0.6158169134623441,0.5649645910326582,0.8644421691046412,,False
Pae_AF191564cds1_at,0.16156540799999952,1.0265673942789295,0.3516994101841903,0.7380045377340977,,False
Pae_AF191564cds4_at,0.0893547190999997,0.571520285276526,0.59237841945839,0.8766293557209281,,False
Pae_AF241171cds10_at,0.2660735590500005,1.7018584148700748,0.14951814258971965,0.5087073914931156,,False
Pae_AF241171cds11_at,0.042101307549999856,0.20000761261265435,0.8493548709237739,0.9660270328716476,,False
Pae_AF241171cds12_at,0.20902751735000002,1.223911375800941,0.275507897292182,0.6687173127677457,,False
Pae_AF241171cds13_at,0.08980748734999988,0.5814476186086154,0.5861646735073257,0.8743546174480521,,False
Pae_AF241171cds14_at,0.02455185819999972,0.1490588603739039,0.8873327346904716,0.9738654626865776,,False
Pae_AF241171cds15_at,0.14089758804999963,0.8821824547306398,0.4180643476502196,0.7854818184473107,,False
Pae_AF241171cds16_at,-0.1316493834500001,-0.8442761147903854,0.4370348690048607,0.7973269324804781,,False
Pae_AF241171cds17_at,0.09126540675000028,0.5664456890469357,0.5955701349799644,0.8780042610613032,,False
Pae_AF241171cds18_at,-0.15115420810000035,-0.9691984789152616,0.3769595125926735,0.7552697306419403,,False
Pae_AF241171cds19_at,-0.11025218184999908,-0.6423740346948859,0.5489213962840166,0.8590395887435436,,False
Pae_AF241171cds1_r_at,0.061515127099999845,0.10330469693314737,0.921736663703569,0.9819623534043813,,False
Pae_AF241171cds20_at,0.05916048244999983,0.38344544017042337,0.71715184222744,0.924053348898532,,False
Pae_AF241171cds21_at,0.2329355087499998,1.3955328242697251,0.22166469066018057,0.6177643793682873,,False
Pae_AF241171cds22_at,0.11037365695000023,0.6740980560807626,0.5301511560300817,0.8495240691935472,,False
Pae_AF241171cds23_at,-0.032543348099999925,-0.1974483489664816,0.8512525740438246,0.9660270328716476,,False
Pae_AF241171cds24_at,0.044918025999999944,0.28462017790396976,0.7873467650794532,0.9504354100200291,,False
Pae_AF241171cds25_at,0.050125391799999974,0.28294254510517414,0.7885608335596338,0.95049202662675,,False
Pae_AF241171cds26_at,0.06967596755000027,0.3998063457383935,0.7058068887292063,0.9219928867228585,,False
Pae_AF241171cds27_at,0.14144730055000032,0.9121587522180008,0.40352094336574434,0.7766991102081169,,False
Pae_AF241171cds28_at,-0.02000049170000029,-0.1275909382258508,0.9034454190083072,0.9774235342072395,,False
Pae_AF241171cds29_at,0.018593608400000683,0.11854598368924088,0.9102504142218919,0.9779955293250645,,False
Pae_AF241171cds30_at,0.15711773475000035,1.0197484619750101,0.35462627401336283,0.7408646357378956,,False
Pae_AF241171cds31_at,0.01024224819999997,0.06327122196003082,0.9520020651112872,0.988617529154029,,False
Pae_AF241171cds34_at,0.007922290650000274,0.04402436504573996,0.9665890630690998,0.9934899812347289,,False
Pae_AF241171cds35_at,-0.25221328394999976,-1.5976242335329849,0.17101782939688845,0.5474817158748744,,False
Pae_AF241171cds36_at,-0.06028821740000012,-0.3853496350575837,0.7158271043383806,0.924053348898532,,False
Pae_AF241171cds39_at,0.6744209793499998,2.8572428847238283,0.03552097423520765,0.23867175153930617,,False
Pae_AF241171cds40_at,0.030825549699999844,0.1646195623442977,0.8756916373492434,0.9711271364615739,,False
Pae_AF241171cds41_at,-0.0764370916999999,-0.491586340950794,0.6438300794270723,0.8962800000359226,,False
Pae_AF241171cds42_at,-0.34649639549999955,-1.7762549021571425,0.13584863825523955,0.48543820376893027,,False
Pae_AF241171cds43_s_at,0.10760520080000013,0.5922317727636254,0.5794601700903154,0.869829474584071,,False
Pae_AF241171cds44_r_at,0.06278821115,0.24666591610261696,0.8149740130823466,0.9574355326739455,,False
Pae_AF241171cds45_at,-0.05733485744999989,-0.37219306470597435,0.7250029407069848,0.9261912569693818,,False
Pae_AF241171cds47_at,-0.07052324090000006,-0.4469334264495253,0.6736175459235247,0.9102446694706253,,False
Pae_AF241171cds48_at,-0.07317273330000029,-0.46051258964477726,0.6644834483237849,0.90724880000784,,False
Pae_AF241171cds49_i_at,0.0926590540500003,0.5215021385689093,0.6242843627440425,0.8867740646798019,,False
Pae_AF241171cds4_at,0.11417903854999878,0.7209959904042964,0.5032040755163466,0.8363812241303636,,False
Pae_AF241171cds50_i_at,-0.057355261100000554,-0.35488829752561313,0.737151745967635,0.9305276192227117,,False
Pae_AF241171cds51_at,0.02027512520000041,0.1301933216535355,0.9014892194196531,0.9768224065773544,,False
Pae_AF241171cds5_at,-0.10464558240000033,-0.6750517195339396,0.5295936205789767,0.8495240691935472,,False
Pae_AF241171cds6_at,0.023671988700000313,0.14476221654039867,0.8905529208228355,0.9743911940813509,,False
Pae_AF241171cds7_at,-0.11892831840000007,-0.6908802362451835,0.520397637856108,0.8450466550236271,,False
Pae_AF241171cds8_at,0.18375629910000058,1.1414412537392304,0.30538764091325227,0.7007842707272526,,False
Pae_AF241171cds9_at,0.30388383065000113,1.976813139478689,0.10500508159172485,0.4283159461184286,,False
Pae_AF291700cds_at,0.05909899860000012,0.37612208652990786,0.7222571322165129,0.9261683535206953,,False
Pae_flgK_at,-0.024680945000000065,-0.16049017238598456,0.8787775386213753,0.9713567895581238,,False
Pae_flgL_at,0.31814555730000027,1.7603964777801853,0.13865248319770196,0.4891532439129951,,False
Pae_J05162cds_at,-0.1083428541,-0.650405729007122,0.5441284026243507,0.8556611749524253,,False
Pae_L06157cds2_at,0.13924732044999955,0.8332633136957115,0.44266786421338816,0.8001689940156543,,False
Pae_L06160cds_at,-0.14530768010000017,-0.8676753733718219,0.42524796338571286,0.7902886662940853,,False
Pae_L06161cds_at,-0.009784186150000096,-0.058518940179281324,0.9556020413515908,0.988925396370607,,False
Pae_L07945cds_at,-0.10566385805000023,-0.6718769425500325,0.5314512031161763,0.8495240691935472,,False
Pae_L37109cds1_at,0.026932681049999907,0.17481848126544727,0.8680808148466408,0.9699834623855886,,False
Pae_L37109cds2_at,0.02945693699999996,0.18592227565808062,0.8598131523716903,0.968743750798087,,False
Pae_L81176cds3_at,0.1648726914999994,0.9646960129052153,0.37900343824681704,0.756464644801887,,False
Pae_L81176cds4_at,0.039346314749999944,0.24371538258080508,0.8171351993510098,0.9574709315240111,,False
Pae_L81176cds5_at,0.011999095000000182,0.07477269184426819,0.9432949648068463,0.9872393603935096,,False
Pae_L81176cds6_at,0.010013040449999622,0.06384977043178224,0.9515638863651081,0.988617529154029,,False
Pae_M14849cds_at,0.02526144674999964,0.15642439218859375,0.8818182908594195,0.9724243111572911,,False
Pae_M14850cds_at,-0.0355341439500001,-0.2125072242384795,0.8401032326509068,0.9646600911789383,,False
Pae_M21651cds_at,0.020615437500000056,0.1299874763695274,0.9016439237062125,0.9768224065773544,,False
Pae_M21652cds_at,0.0033084097499997966,0.01713021506321417,0.9869952747512696,0.9971600046663187,,False
Pae_M29695cds1_at,-0.2916727405999997,-1.8130175191905367,0.12956821448698427,0.4749032677420419,,False
Pae_M29695cds2_at,0.030641185749999966,0.18153029213124325,0.8630809703890346,0.968743750798087,,False
Pae_M57501cds_g_at,0.21631343329999986,1.0694216953926439,0.3337662047480946,0.7260483579100777,,False
Pae_M98270cds1_at,-0.07019863714999985,-0.40255831514462287,0.7039069959838711,0.9219928867228585,,False
Pae_M98270cds2_at,0.10190945059999956,0.5852923499011506,0.5837689442553194,0.873205592347347,,False
Pae_M98270cds3_at,0.0467101528499998,0.30305939893845435,0.7740485444143976,0.9444021952716097,,False
Pae_orfA_vioA_at,0.10641730514999992,0.6545424164328771,0.5416705619251034,0.853392111212837,,False
Pae_orfB_at,0.10709851829999995,0.6845693748480779,0.5240510120325319,0.8465240076447071,,False
Pae_orfC_at,0.14248570140000005,0.807524107896547,0.4560467357669355,0.810660592847692,,False
Pae_orfD_at,0.14450629500000023,0.7519747084033561,0.485936271156676,0.8273708105375165,,False
Pae_orfE_at,-0.022276508650000082,-0.1402229004464113,0.8939575810574932,0.9756785318198415,,False
Pae_orfF_at,0.24367647514999913,1.3496137814885247,0.23502423681081153,0.6316678803052221,,False
Pae_orfG_at,-0.047968769449999726,-0.29611857678678283,0.7790442131786761,0.9470989880857337,,False
Pae_orfH_at,0.031952317200000024,0.19099177963061592,0.8560451873987971,0.9677349942866916,,False
Pae_orfI_at,-0.09427056155000013,-0.5279442655791627,0.6201199606280811,0.8846403510074855,,False
Pae_orfJ_at,0.06587542114999989,0.42400687092648226,0.6891841773212235,0.9164042828052175,,False
Pae_orfK_at,0.08977520359999946,0.5462421094473726,0.608379638913283,0.8816252712378155,,False
Pae_orfL_at,-0.03617922844999999,-0.23309488811042606,0.8249295426828979,0.9590233632691164,,False
Pae_orfM_at,0.13318620420000027,0.7782790583002392,0.47161003988495404,0.8199051532180511,,False
Pae_orfN_at,-0.006764366700000579,-0.0401894869432094,0.9694974566653105,0.9938108725064468,,False
Pae_tRNA_Ala_f_at,-2.5503451990500006,-5.799607149679069,0.0021480722878212564,0.04648365252248498,,True
Pae_tRNA_Arg_s_at,0.30737331629999964,0.9928454680821546,0.3663721335678837,0.7477572906800188,,False
Pae_tRNA_Asn_s_at,-0.24046725899999988,-0.2780888324263303,0.7920771877905265,0.9513555075943022,,False
Pae_tRNA_Cys_i_at,0.3291133223999996,0.4278922979207861,0.6865334642539411,0.9141582294975731,,False
Pae_tRNA_Gln_s_at,-1.443212406399999,-7.614159696642806,0.0006210199460582579,0.023863461429319003,,True
Pae_tRNA_Gly_s_at,-2.33556238125,-11.94331352685552,7.254371392148516e-05,0.008056458493242673,,True
Pae_tRNA_His_f_at,-0.2604472138,-0.39036597777857457,0.7123426942509717,0.9233164875819249,,False
Pae_tRNA_Ile_f_at,-2.9953213133500007,-7.295416706293533,0.0007574823588453358,0.025470167437583055,,True
Pae_tRNA_Leu_s_at,-0.123845339599999,-0.12559616498462428,0.9049454077449531,0.9775204019061836,,False
Pae_tRNA_Lys_f_at,-0.21116238335000048,-0.2290274822801662,0.8279207243167891,0.9606994857547716,,False
Pae_tRNA_Met_s_at,-0.34439962855000017,-1.3499645016921755,0.2349194002566577,0.6316678803052221,,False
Pae_tRNA_Phe_f_at,0.3259994500500003,0.34494751032901616,0.7441705264971499,0.9331930364751981,,False
Pae_tRNA_Pro_f_at,0.2742920706500005,0.3720662752594673,0.7250916262512591,0.9261912569693818,,False
Pae_tRNA_Ser_f_at,0.05152235825000062,0.09750010168149775,0.9261170351671391,0.9832476314923846,,False
Pae_tRNA_Thr_s_at,0.57253981725,0.5504208506032586,0.6057169068078163,0.880525985050829,,False
Pae_tRNA_Trp_f_at,-1.6051304262499988,-8.284243286196801,0.00041833140796352486,0.019236708338072714,,True
Pae_tRNA_Tyr_s_at,-0.6063153978999996,-3.0503027224533477,0.02841449894307265,0.21160181263382888,,False
Pae_tRNA_Val_f_at,-1.2431793831999993,-4.281806186687045,0.007850003707867446,0.10137484430743471,,False
Pae_U85514cds_at,-0.07707976414999962,-0.5010430809238641,0.6376149844743865,0.8935520314784666,,False
Pae_U97065cds3_at,0.1378738868,0.6845198293264091,0.5240797628028054,0.8465240076447071,,False
